;
;  Proficy Historian SDK Data Export 
;  Generated: 02/17/2023 05:37:07 PM
;  Start Time: 02/16/2023 11:30:00 AM
;  End Time: 02/17/2023 12:30:00 AM
;  Interval: 60000 milliseconds
;  Records Returned: 780
;
Timestamp, SPLYO.CONDENSER_TEMPERATURE.F_CV, SPLYO.SHELF_OUTLET.F_CV, SPLYO.SHELF_INLET.F_CV, SPLYO.SHELF_SP.F_CV, SPLYO.TC_AVG.F_CV, SPLYO.VACUUM_SP.F_CV, SPLYO.CHAMBER_CM.F_CV, SPLYO.ROUGH_VACUUM.F_CV, SPLYO.CHAMBER_PIRANI.F_CV, SPLYO.CONDENSER_VACUUM.F_CV, SPLYO.CHAMBER_PRESSURE.F_CV
02/16/2023 11:31:00, -40.8, 20.8, 21.8, -15, 0, 0, 2100, 703, 1046, 2100, -1.2
02/16/2023 11:32:00, -49.1, 20.4, 18, -15, 0, 0, 2100, 703, 1046, 2100, -1.2
02/16/2023 11:33:00, -49.8, 15.9, 8.9, -15, 0, 0, 2100, 705, 1046, 2100, -1.2
02/16/2023 11:34:00, -49.8, 8.4, 1.6, -15, 0, 0, 2100, 703, 1046, 2100, -1.2
02/16/2023 11:35:00, -43.4, 3.8, 2.6, -15, 0, 0, 2100, 705, 1046, 2100, -1.2
02/16/2023 11:36:00, -40.2, 3.3, 3.8, -15, 0, 0, 2100, 706, 1046, 2100, -1.2
02/16/2023 11:37:00, -38.8, 3.7, 4.6, -15, 0, 0, 2100, 703, 1046, 2100, -1.2
02/16/2023 11:38:00, -37.7, 4.4, 5.2, -15, 0, 0, 2100, 705, 1046, 2100, -1.2
02/16/2023 11:39:00, -36.9, 5, 5.9, -15, 0, 0, 2100, 705, 1047, 2100, -1.2
02/16/2023 11:40:00, -44.4, 4.7, 0.8, -15, 0, 0, 2100, 706, 1047, 2100, -1.2
02/16/2023 11:41:00, -42.8, 0.2, -5.3, -15, 0, 0, 2100, 706, 1047, 2100, -1.2
02/16/2023 11:42:00, -40, -5.3, -7.3, -15, 0, 0, 2100, 706, 1047, 2100, -1.2
02/16/2023 11:43:00, -37.5, -6.5, -6.5, -15, 0, 0, 2100, 707, 1047, 2100, -1.2
02/16/2023 11:44:00, -44.9, -8.5, -13.2, -15, 0, 0, 2100, 707, 1047, 2100, -1.2
02/16/2023 11:45:00, -46.4, -12.7, -16.1, -15, 0, 0, 2100, 707, 1047, 2100, -1.2
02/16/2023 11:46:00, -43.4, -14.1, -13.8, -15, 0, 0, 2100, 707, 1047, 2100, -1.2
02/16/2023 11:47:00, -41.8, -13.1, -12.3, -15, 0, 0, 2100, 706, 1047, 2100, -1.2
02/16/2023 11:48:00, -41.1, -12, -11.1, -15, 0, 0, 2100, 707, 1047, 2100, -1.2
02/16/2023 11:49:00, -40.2, -10.8, -9.9, -15, 0, 0, 2100, 707, 1047, 2100, -1.2
02/16/2023 11:50:00, -39.3, -9.6, -8.7, -15, 0, 0, 2100, 707, 1047, 2100, -1.2
02/16/2023 11:51:00, -38.6, -8.5, -7.6, -15, 0, 0, 2100, 707, 1047, 2100, -1.2
02/16/2023 11:52:00, -38, -7.4, -6.6, -15, 0, 0, 2100, 707, 1047, 2100, -1.2
02/16/2023 11:53:00, -37.6, -6.4, -5.5, -15, 0, 0, 2100, 707, 1047, 2100, -1.2
02/16/2023 11:54:00, -37.2, -5.4, -4.5, -15, 0, 0, 2100, 709, 1047, 2100, -1.2
02/16/2023 11:55:00, -36.9, -4.4, -3.6, -15, 0, 0, 2100, 710, 1047, 2100, -1.2
02/16/2023 11:56:00, -36.5, -3.5, -2.7, -15, 0, 0, 2100, 709, 1047, 2100, -1.2
02/16/2023 11:57:00, -36.2, -2.6, -1.8, -15, 0, 0, 2100, 710, 1047, 2100, -1.2
02/16/2023 11:58:00, -36, -1.8, -0.9, -15, 0, 0, 2100, 710, 1047, 2100, -1.2
02/16/2023 11:59:00, -35.7, -0.9, -0.1, -15, 0, 0, 2100, 710, 1047, 2100, -1.2
02/16/2023 12:00:00, -35.5, -0.2, 0.6, -15, 0, 0, 2100, 712, 1047, 2100, -1.2
02/16/2023 12:01:00, -35.4, 0.4, 1.2, -15, 0, 0, 2100, 710, 1047, 2100, -1.2
02/16/2023 12:02:00, -37.6, 0.1, -2.8, -15, 0, 0, 2100, 710, 1047, 2100, -1.2
02/16/2023 12:03:00, -38, -3.6, -9.9, -15, 0, 0, 2100, 712, 1047, 2100, -1.2
02/16/2023 12:04:00, -38.2, -9.7, -13.7, -15, 0, 0, 2100, 712, 1047, 2100, -1.2
02/16/2023 12:05:00, -36.2, -11.7, -12.2, -15, 0, 0, 2100, 712, 1047, 2100, -1.2
02/16/2023 12:06:00, -42.3, -12.5, -16.5, -15, 0, 0, 2100, 712, 1047, 2100, -1.2
02/16/2023 12:07:00, -47.3, -15.7, -17.3, -15, 0, 0, 2100, 712, 1047, 2100, -1.2
02/16/2023 12:08:00, -54.8, -16.5, -17.3, -15, 0, 0, 2100, 712, 1047, 2100, -1.2
02/16/2023 12:09:00, -57.2, -16.6, -17.2, -15, 0, 0, 2100, 712, 1047, 2100, -1.2
02/16/2023 12:10:00, -58.5, -16.4, -16.5, -15, 0, 0, 2100, 713, 1047, 2100, -1.2
02/16/2023 12:11:00, -59.4, -16, -16, -15, 0, 0, 2100, 715, 1047, 2100, -1.2
02/16/2023 12:12:00, -60.4, -15.6, -15.8, -15, 0, 0, 2100, 713, 1047, 2100, -1.2
02/16/2023 12:13:00, -62, -15.3, -15.7, -15, 0, 0, 2100, 715, 1047, 2100, -1.2
02/16/2023 12:14:00, -63.8, -15.2, -15.5, -15, 0, 0, 2100, 713, 1047, 2100, -1.2
02/16/2023 12:15:00, -65.7, -15.1, -15.3, -15, 0, 0, 2100, 715, 1047, 2100, -1.2
02/16/2023 12:16:00, -67.7, -15, -15.2, -15, 0, 0, 2100, 715, 1047, 2100, -1.2
02/16/2023 12:17:00, -69.4, -14.9, -15.1, -15, 0, 0, 2100, 716, 1047, 2100, -1.2
02/16/2023 12:18:00, -70.8, -14.7, -15.1, -15, 0, 0, 2100, 715, 1047, 2100, -1.2
02/16/2023 12:19:00, -72.1, -14.7, -15, -15, 0, 0, 2100, 715, 1047, 2100, -1.2
02/16/2023 12:20:00, -72.9, -14.7, -15.1, -15, 0, 0, 2100, 715, 1047, 2100, -1.2
02/16/2023 12:21:00, -73.8, -14.6, -15.1, -15, 0, 0, 2100, 715, 1047, 2100, -1.2
02/16/2023 12:22:00, -74.6, -14.6, -15, -15, 0, 0, 2100, 716, 1047, 2100, -1.2
02/16/2023 12:23:00, -75.2, -14.6, -15, -15, 0, 0, 2100, 716, 1047, 2100, -1.2
02/16/2023 12:24:00, -75.7, -14.6, -15, -15, 0, 0, 2100, 716, 1047, 2100, -1.2
02/16/2023 12:25:00, -76.4, -14.6, -15, -15, 0, 0, 2100, 718, 1047, 2100, -1.2
02/16/2023 12:26:00, -76.9, -14.5, -15, -15, 0, 0, 2100, 716, 1047, 2100, -1.2
02/16/2023 12:27:00, -77.2, -14.5, -15, -15, 0, 0, 2100, 716, 1047, 2100, -1.2
02/16/2023 12:28:00, -77.7, -14.6, -15, -15, 0, 0, 2100, 718, 1047, 2100, -1.2
02/16/2023 12:29:00, -78, -14.6, -15, -15, 0, 0, 2100, 716, 1047, 2100, -1.2
02/16/2023 12:30:00, -78.3, -14.6, -15, -15, 0, 0, 2100, 718, 1047, 2100, -1.2
02/16/2023 12:31:00, -78.7, -14.7, -15.1, -15, 0, 0, 2100, 716, 1047, 2100, -1.3
02/16/2023 12:32:00, -79, -14.9, -15.1, -15, 0, 0, 2100, 716, 1047, 2100, -1.3
02/16/2023 12:33:00, -79.4, -15, -15.1, -15, 0, 0, 2100, 715, 1047, 2100, -1.3
02/16/2023 12:34:00, -79.8, -15, -15.1, -15, 0, 0, 2100, 489, 1047, 2100, -5.9
02/16/2023 12:35:00, -80.1, -15.1, -15.2, -15, 0, 0, 2100, 489, 1047, 2100, -5.9
02/16/2023 12:36:00, -80.4, -15.1, -15.1, -15, 0, 0, 2100, 488, 1047, 2100, -5.9
02/16/2023 12:37:00, -80.7, -15.1, -15.1, -15, 0, 0, 2100, 488, 1047, 2100, -6.0
02/16/2023 12:38:00, -80.8, -15, -15, -15, 0, 0, 2100, 488, 1047, 2100, -5.9
02/16/2023 12:39:00, -81, -15, -15, -15, 0, 0, 2100, 488, 1047, 2100, -6.0
02/16/2023 12:40:00, -81.2, -15, -15, -15, 0, 0, 2100, 487, 1047, 2100, -6.0
02/16/2023 12:41:00, -81.3, -15, -15, -15, 0, 0, 2100, 487, 1047, 2100, -6.0
02/16/2023 12:42:00, -81.5, -15, -15, -15, 0, 0, 2100, 487, 1047, 2100, -6.0
02/16/2023 12:43:00, -81.6, -15, -15, -15, 0, 0, 2100, 486, 1047, 2100, -6.0
02/16/2023 12:44:00, -81.6, -15, -15, -15, 0, 0, 2100, 486, 1047, 2100, -6.0
02/16/2023 12:45:00, -81.7, -15, -15, -15, 0, 0, 2100, 486, 1047, 2100, -6.0
02/16/2023 12:46:00, -81.8, -15, -15, -15, 0, 0, 2100, 486, 1047, 2100, -6.0
02/16/2023 12:47:00, -81.8, -15, -15, -15, 0, 0, 2100, 486, 1047, 2100, -6.0
02/16/2023 12:48:00, -81.9, -15, -15, -15, 0, 0, 2100, 485, 1047, 2100, -6.0
02/16/2023 12:49:00, -81.9, -15, -15, -15, 0, 0, 2100, 486, 1047, 2100, -6
02/16/2023 12:50:00, -81.9, -15, -15, -15, 0, 0, 2100, 485, 1047, 2100, -6
02/16/2023 12:51:00, -81.9, -15, -15, -15, 0, 0, 2100, 485, 1047, 2100, -6
02/16/2023 12:52:00, -82, -15, -15, -15, 0, 0, 2100, 484, 1047, 2100, -6
02/16/2023 12:53:00, -82, -15, -15, -15, 0, 0, 2100, 484, 1047, 2100, -6.0
02/16/2023 12:54:00, -82, -15, -15, -15, 0, 0, 2100, 484, 1047, 2100, -6.0
02/16/2023 12:55:00, -82, -15.1, -15, -15, 0, 0, 2100, 484, 1047, 2100, -6.0
02/16/2023 12:56:00, -82, -15, -15, -15, 0, 0, 2100, 484, 1047, 2100, -6.0
02/16/2023 12:57:00, -82.1, -15, -15, -15, 0, 0, 2100, 483, 1047, 2100, -6.0
02/16/2023 12:58:00, -82, -15.1, -15, -15, 0, 0, 2100, 483, 1047, 2100, -6.0
02/16/2023 12:59:00, -82.1, -15.1, -15, -15, 0, 0, 2100, 484, 1047, 2100, -6.0
02/16/2023 13:00:00, -82.1, -15.1, -15, -15, 0, 0, 2100, 484, 1047, 2100, -6.0
02/16/2023 13:01:00, -82.1, -15.1, -15, -15, 0, 0, 2100, 484, 1047, 2100, -6.0
02/16/2023 13:02:00, -82.1, -15.1, -15, -15, 0, 0, 2100, 483, 1047, 2100, -6.0
02/16/2023 13:03:00, -82.1, -15.1, -15, -15, 0, 0, 2100, 483, 1047, 2100, -6.0
02/16/2023 13:04:00, -82.2, -15.1, -15, -15, 0, 0, 2100, 483, 1047, 2100, -6.0
02/16/2023 13:05:00, -82.1, -15.1, -15, -15, 0, 0, 2100, 483, 1047, 2100, -6.1
02/16/2023 13:06:00, -82.1, -15.1, -15, -15, 0, 0, 2100, 482, 1047, 2100, -6.1
02/16/2023 13:07:00, -82.1, -15.1, -15, -15, 0, 0, 2100, 482, 1047, 2100, -6.0
02/16/2023 13:08:00, -82.1, -15.1, -15, -15, 0, 0, 2100, 482, 1047, 2100, -6.1
02/16/2023 13:09:00, -82.2, -15.1, -15, -15, 0, 0, 2100, 482, 1047, 2100, -6.1
02/16/2023 13:10:00, -82.1, -15.1, -15, -15, 0, 0, 2100, 482, 1047, 2100, -6.1
02/16/2023 13:11:00, -82.1, -15.1, -15, -15, 0, 0, 2100, 482, 1047, 2100, -6.1
02/16/2023 13:12:00, -82.2, -15.1, -15, -15, 0, 0, 2100, 482, 1047, 2100, -6.1
02/16/2023 13:13:00, -82.2, -15.1, -15, -15, 0, 0, 2100, 481, 1047, 2100, -6.1
02/16/2023 13:14:00, -82.2, -15.1, -15, -15, 0, 0, 2100, 481, 1047, 2100, -6.1
02/16/2023 13:15:00, -82.2, -15.1, -15, -15, 0, 0, 2100, 481, 1047, 2100, -6.1
02/16/2023 13:16:00, -82.2, -15.1, -15, -15, 0, 0, 2100, 482, 1047, 2100, -6.1
02/16/2023 13:17:00, -82.1, -15.1, -15, -15, 0, 0, 2100, 481, 1047, 2100, -6.1
02/16/2023 13:18:00, -82.1, -15.1, -15, -15, 0, 0, 2100, 481, 1047, 2100, -6.1
02/16/2023 13:19:00, -82.1, -15.1, -15, -15, 0, 0, 2100, 481, 1047, 2100, -6.1
02/16/2023 13:20:00, -82.1, -15.1, -15, -15, 0, 0, 2100, 480, 1047, 2100, -6.1
02/16/2023 13:21:00, -82.1, -15.1, -15, -15, 0, 0, 2100, 480, 1047, 2100, -6.1
02/16/2023 13:22:00, -82.1, -15.1, -15, -15, 0, 0, 2100, 480, 1047, 2100, -6.1
02/16/2023 13:23:00, -82.2, -15.1, -15, -15, 0, 0, 2100, 480, 1047, 2100, -6.1
02/16/2023 13:24:00, -82.1, -15.1, -15, -15, 0, 0, 2100, 480, 1047, 2100, -6.1
02/16/2023 13:25:00, -82.1, -15.1, -15, -15, 0, 0, 2100, 479, 1047, 2100, -6.1
02/16/2023 13:26:00, -81.9, -15.1, -15.2, -15.5, 0, 0, 2100, 479, 1047, 2100, -6.1
02/16/2023 13:27:00, -81.6, -15.4, -15.7, -16, 0, 0, 2100, 480, 1047, 2100, -6.1
02/16/2023 13:28:00, -81.3, -15.9, -16.2, -16.5, 0, 0, 2100, 479, 1047, 2100, -6.1
02/16/2023 13:29:00, -81, -16.4, -16.8, -17, 0, 0, 2100, 479, 1047, 2100, -6.1
02/16/2023 13:30:00, -80.7, -16.9, -17.3, -17.5, 0, 0, 2100, 478, 1047, 2100, -6.1
02/16/2023 13:31:00, -80.5, -17.4, -18, -18, 0, 0, 2100, 478, 1047, 2100, -6.1
02/16/2023 13:32:00, -80.3, -17.9, -18.5, -18.5, 0, 0, 2100, 477, 1047, 2100, -6.1
02/16/2023 13:33:00, -80.2, -18.5, -19, -19, 0, 0, 2100, 477, 1047, 2100, -6.2
02/16/2023 13:34:00, -80.1, -19, -19.5, -19.5, 0, 0, 2100, 477, 1047, 2100, -6.2
02/16/2023 13:35:00, -80, -19.5, -20, -20, 0, 0, 2100, 476, 1047, 2100, -6.2
02/16/2023 13:36:00, -79.9, -20, -20.5, -20.5, 0, 0, 2100, 476, 1047, 2100, -6.2
02/16/2023 13:37:00, -79.8, -20.5, -21, -21, 0, 0, 2100, 476, 1047, 2100, -6.2
02/16/2023 13:38:00, -79.7, -20.9, -21.5, -21.5, 0, 0, 2100, 475, 1047, 2100, -6.2
02/16/2023 13:39:00, -79.6, -21.4, -22, -22, 0, 0, 2100, 474, 1047, 2100, -6.2
02/16/2023 13:40:00, -79.5, -21.9, -22.5, -22.5, 0, 0, 2100, 474, 1047, 2100, -6.2
02/16/2023 13:41:00, -79.5, -22.4, -23, -23, 0, 0, 2100, 474, 1047, 2100, -6.2
02/16/2023 13:42:00, -79.5, -22.9, -23.5, -23.5, 0, 0, 2100, 473, 1047, 2100, -6.2
02/16/2023 13:43:00, -79.4, -23.4, -24, -24, 0, 0, 2100, 473, 1047, 2100, -6.2
02/16/2023 13:44:00, -79.3, -23.9, -24.5, -24.5, 0, 0, 2100, 473, 1047, 2100, -6.2
02/16/2023 13:45:00, -79.2, -24.4, -25, -25, 0, 0, 2100, 473, 1047, 2100, -6.2
02/16/2023 13:46:00, -79.2, -24.9, -25.5, -25.5, 0, 0, 2100, 472, 1047, 2100, -6.3
02/16/2023 13:47:00, -79.1, -25.4, -26, -26, 0, 0, 2100, 473, 1047, 2100, -6.3
02/16/2023 13:48:00, -79.1, -25.9, -26.5, -26.5, 0, 0, 2100, 471, 1047, 2100, -6.3
02/16/2023 13:49:00, -79.1, -26.3, -27, -27, 0, 0, 2100, 471, 1047, 2100, -6.3
02/16/2023 13:50:00, -79.1, -26.8, -27.5, -27.5, 0, 0, 2100, 471, 1047, 2100, -6.3
02/16/2023 13:51:00, -79.1, -27.3, -28, -28, 0, 0, 2100, 471, 1047, 2100, -6.3
02/16/2023 13:52:00, -79.1, -27.8, -28.5, -28.5, 0, 0, 2100, 470, 1047, 2100, -6.3
02/16/2023 13:53:00, -79.1, -28.2, -29, -29, 0, 0, 2100, 469, 1047, 2100, -6.3
02/16/2023 13:54:00, -79, -28.7, -29.5, -29.5, 0, 0, 2100, 469, 1047, 2100, -6.3
02/16/2023 13:55:00, -79, -29.2, -30, -30, 0, 0, 2100, 468, 1047, 2100, -6.3
02/16/2023 13:56:00, -79, -29.7, -30.5, -30.5, 0, 0, 2100, 468, 1047, 2100, -6.3
02/16/2023 13:57:00, -78.9, -30.2, -31, -31, 0, 0, 2100, 468, 1047, 2100, -6.3
02/16/2023 13:58:00, -78.9, -30.7, -31.6, -31.5, 0, 0, 2100, 467, 1047, 2100, -6.3
02/16/2023 13:59:00, -78.9, -31.2, -32, -32, 0, 0, 2100, 467, 1047, 2100, -6.3
02/16/2023 14:00:00, -78.8, -31.7, -32.5, -32.5, 0, 0, 2100, 466, 1047, 2100, -6.4
02/16/2023 14:01:00, -78.8, -32.2, -33, -33, 0, 0, 2100, 465, 1047, 2100, -6.4
02/16/2023 14:02:00, -78.8, -32.7, -33.5, -33.5, 0, 0, 2100, 465, 1047, 2100, -6.4
02/16/2023 14:03:00, -78.7, -33.2, -34, -34, 0, 0, 2100, 465, 1047, 2100, -6.4
02/16/2023 14:04:00, -78.7, -33.6, -34.5, -34.5, 0, 0, 2100, 464, 1047, 2100, -6.4
02/16/2023 14:05:00, -78.7, -34.2, -35.1, -35, 0, 0, 2100, 464, 1047, 2100, -6.4
02/16/2023 14:06:00, -78.6, -34.6, -35.6, -35.5, 0, 0, 2100, 463, 1047, 2100, -6.4
02/16/2023 14:07:00, -78.6, -35.1, -36, -36, 0, 0, 2100, 463, 1047, 2100, -6.4
02/16/2023 14:08:00, -78.6, -35.6, -36.5, -36.5, 0, 0, 2100, 462, 1047, 2100, -6.4
02/16/2023 14:09:00, -78.6, -36.1, -37, -37, 0, 0, 2100, 462, 1047, 2100, -6.4
02/16/2023 14:10:00, -78.5, -36.6, -37.5, -37.5, 0, 0, 2100, 461, 1047, 2100, -6.4
02/16/2023 14:11:00, -78.5, -37.1, -38, -38, 0, 0, 2100, 461, 1047, 2100, -6.4
02/16/2023 14:12:00, -78.5, -37.6, -38.5, -38.5, 0, 0, 2100, 460, 1047, 2100, -6.5
02/16/2023 14:13:00, -78.4, -38.1, -39, -39, 0, 0, 2100, 460, 1047, 2100, -6.5
02/16/2023 14:14:00, -78.4, -38.6, -39.5, -39.5, 0, 0, 2100, 460, 1047, 2100, -6.5
02/16/2023 14:15:00, -78.4, -39.1, -40, -40, 0, 0, 2100, 458, 1047, 2100, -6.5
02/16/2023 14:16:00, -78.5, -39.5, -40.3, -40, 0, 0, 2100, 458, 1047, 2100, -6.5
02/16/2023 14:17:00, -78.8, -39.8, -40.3, -40, 0, 0, 2100, 458, 1047, 2100, -6.5
02/16/2023 14:18:00, -79.1, -39.9, -40.3, -40, 0, 0, 2100, 457, 1047, 2100, -6.5
02/16/2023 14:19:00, -79.5, -39.9, -40.3, -40, 0, 0, 2100, 457, 1047, 2100, -6.5
02/16/2023 14:20:00, -79.7, -39.9, -40.2, -40, 0, 0, 2100, 457, 1047, 2100, -6.5
02/16/2023 14:21:00, -79.8, -39.9, -40.1, -40, 0, 0, 2100, 457, 1047, 2100, -6.5
02/16/2023 14:22:00, -80, -39.8, -40.1, -40, 0, 0, 2100, 456, 1047, 2100, -6.5
02/16/2023 14:23:00, -80.1, -39.7, -40.1, -40, 0, 0, 2100, 456, 1047, 2100, -6.5
02/16/2023 14:24:00, -80.3, -39.7, -40, -40, 0, 0, 2100, 456, 1047, 2100, -6.5
02/16/2023 14:25:00, -80.4, -39.7, -40, -40, 0, 0, 2100, 456, 1047, 2100, -6.5
02/16/2023 14:26:00, -80.5, -39.7, -40, -40, 0, 0, 2100, 455, 1047, 2100, -6.5
02/16/2023 14:27:00, -80.4, -39.7, -40, -40, 0, 0, 2100, 455, 1047, 2100, -6.5
02/16/2023 14:28:00, -80.5, -39.7, -40, -40, 0, 0, 2100, 455, 1047, 2100, -6.5
02/16/2023 14:29:00, -80.5, -39.7, -40, -40, 0, 0, 2100, 455, 1047, 2100, -6.5
02/16/2023 14:30:00, -80.4, -39.7, -40.1, -40, 0, 0, 2100, 454, 1047, 2100, -6.5
02/16/2023 14:31:00, -80.5, -39.7, -40.1, -40, 0, 0, 2100, 454, 1047, 2100, -6.5
02/16/2023 14:32:00, -80.7, -39.7, -40, -40, 0, 0, 2100, 454, 1047, 2100, -6.5
02/16/2023 14:33:00, -80.7, -39.7, -40, -40, 0, 0, 2100, 454, 1047, 2100, -6.6
02/16/2023 14:34:00, -80.8, -39.7, -40.1, -40, 0, 0, 2100, 453, 1047, 2100, -6.6
02/16/2023 14:35:00, -80.9, -39.7, -40, -40, 0, 0, 2100, 453, 1047, 2100, -6.6
02/16/2023 14:36:00, -80.9, -39.7, -40, -40, 0, 0, 2100, 453, 1047, 2100, -6.6
02/16/2023 14:37:00, -80.9, -39.7, -40, -40, 0, 0, 2100, 453, 1047, 2100, -6.6
02/16/2023 14:38:00, -80.9, -39.7, -40.1, -40, 0, 0, 2100, 453, 1047, 2100, -6.6
02/16/2023 14:39:00, -80.9, -39.8, -40, -40, 0, 0, 2100, 453, 1047, 2100, -6.6
02/16/2023 14:40:00, -80.9, -39.7, -40, -40, 0, 0, 2100, 453, 1047, 2100, -6.6
02/16/2023 14:41:00, -81, -39.7, -40, -40, 0, 0, 2100, 452, 1047, 2100, -6.6
02/16/2023 14:42:00, -81, -39.7, -40, -40, 0, 0, 2100, 452, 1047, 2100, -6.6
02/16/2023 14:43:00, -81, -39.7, -40, -40, 0, 0, 2100, 452, 1047, 2100, -6.6
02/16/2023 14:44:00, -81, -39.7, -40.1, -40, 0, 0, 2100, 452, 1047, 2100, -6.6
02/16/2023 14:45:00, -81.1, -39.7, -40, -40, 0, 0, 2100, 451, 1047, 2100, -6.6
02/16/2023 14:46:00, -81, -39.7, -40.1, -40, 0, 0, 2100, 451, 1047, 2100, -6.6
02/16/2023 14:47:00, -81, -39.8, -40.1, -40, 0, 0, 2100, 451, 1047, 2100, -6.6
02/16/2023 14:48:00, -81.1, -39.8, -40, -40, 0, 0, 2100, 452, 1047, 2100, -6.6
02/16/2023 14:49:00, -81.1, -39.8, -40, -40, 0, 0, 2100, 451, 1047, 2100, -6.6
02/16/2023 14:50:00, -81.2, -39.8, -40, -40, 0, 0, 2100, 451, 1047, 2100, -6.6
02/16/2023 14:51:00, -81.1, -39.7, -40, -40, 0, 0, 2100, 451, 1047, 2100, -6.6
02/16/2023 14:52:00, -81.1, -39.8, -40.1, -40, 0, 0, 2100, 450, 1047, 2100, -6.6
02/16/2023 14:53:00, -81.2, -39.8, -40, -40, 0, 0, 2100, 451, 1047, 2100, -6.6
02/16/2023 14:54:00, -81.1, -39.8, -40, -40, 0, 0, 2100, 450, 1047, 2100, -6.6
02/16/2023 14:55:00, -81.2, -39.8, -40, -40, 0, 0, 2100, 451, 1047, 2100, -6.6
02/16/2023 14:56:00, -81.2, -39.8, -40, -40, 0, 0, 2100, 450, 1047, 2100, -6.6
02/16/2023 14:57:00, -81.3, -39.8, -40, -40, 0, 0, 2100, 450, 1047, 2100, -6.6
02/16/2023 14:58:00, -81.2, -39.8, -40, -40, 0, 0, 2100, 450, 1047, 2100, -6.6
02/16/2023 14:59:00, -81.3, -39.8, -40, -40, 0, 0, 2100, 449, 1047, 2100, -6.6
02/16/2023 15:00:00, -81.2, -39.8, -40.1, -40, 0, 0, 2100, 450, 1047, 2100, -6.6
02/16/2023 15:01:00, -81.2, -39.8, -40.1, -40, 0, 0, 2100, 449, 1047, 2100, -6.6
02/16/2023 15:02:00, -81.2, -39.8, -40, -40, 0, 0, 2100, 449, 1047, 2100, -6.6
02/16/2023 15:03:00, -81.2, -39.9, -40, -40, 0, 0, 2100, 449, 1047, 2100, -6.6
02/16/2023 15:04:00, -81.3, -39.9, -40, -40, 0, 0, 2100, 449, 1047, 2100, -6.6
02/16/2023 15:05:00, -81.2, -39.8, -40, -40, 0, 0, 2100, 449, 1047, 2100, -6.6
02/16/2023 15:06:00, -81.2, -39.8, -40, -40, 0, 0, 2100, 449, 1047, 2100, -6.6
02/16/2023 15:07:00, -81.2, -39.8, -40, -40, 0, 0, 2100, 449, 1047, 2100, -6.6
02/16/2023 15:08:00, -81.3, -39.8, -40, -40, 0, 0, 2100, 449, 1047, 2100, -6.6
02/16/2023 15:09:00, -81.3, -39.8, -40, -40, 0, 0, 2100, 449, 1047, 2100, -6.6
02/16/2023 15:10:00, -81.3, -39.9, -40, -40, 0, 0, 2100, 449, 1047, 2100, -6.6
02/16/2023 15:11:00, -81.3, -39.9, -40.1, -40, 0, 0, 2100, 449, 1047, 2100, -6.6
02/16/2023 15:12:00, -81.3, -39.9, -40.1, -40, 0, 0, 2100, 449, 1047, 2100, -6.6
02/16/2023 15:13:00, -81.4, -39.9, -40, -40, 0, 0, 2100, 449, 1047, 2100, -6.6
02/16/2023 15:14:00, -81.4, -39.9, -40, -40, 0, 0, 2100, 449, 1047, 2100, -6.6
02/16/2023 15:15:00, -81.4, -39.9, -40, -40, 0, 0, 2100, 449, 1047, 2100, -6.6
02/16/2023 15:16:00, -81.3, -39.9, -40, -40, 0, 0, 2100, 449, 1047, 2100, -6.6
02/16/2023 15:17:00, -81.4, -39.9, -40, -40, 0, 0, 2100, 449, 1047, 2100, -6.6
02/16/2023 15:18:00, -81.4, -39.8, -40, -40, 0, 0, 2100, 448, 1047, 2100, -6.6
02/16/2023 15:19:00, -81.4, -39.9, -40, -40, 0, 0, 2100, 449, 1047, 2100, -6.7
02/16/2023 15:20:00, -81.4, -39.9, -40, -40, 0, 0, 2100, 448, 1047, 2100, -6.7
02/16/2023 15:21:00, -81.4, -39.9, -40.1, -40, 0, 0, 2100, 449, 1047, 2100, -6.7
02/16/2023 15:22:00, -81.4, -39.9, -40, -40, 0, 0, 2100, 449, 1047, 2100, -6.7
02/16/2023 15:23:00, -81.4, -39.9, -40, -40, 0, 0, 2100, 448, 1047, 2100, -6.7
02/16/2023 15:24:00, -81.4, -39.9, -40, -40, 0, 0, 2100, 448, 1047, 2100, -6.6
02/16/2023 15:25:00, -81.4, -39.9, -40, -40, 0, 0, 2100, 448, 1047, 2100, -6.7
02/16/2023 15:26:00, -81.4, -39.9, -40, -40, 0, 0, 2100, 448, 1047, 2100, -6.7
02/16/2023 15:27:00, -81.4, -39.9, -40, -40, 0, 0, 2100, 448, 1047, 2100, -6.7
02/16/2023 15:28:00, -81.4, -39.9, -40.1, -40, 0, 0, 2100, 448, 1047, 2100, -6.7
02/16/2023 15:29:00, -81.4, -39.9, -40, -40, 0, 0, 2100, 448, 1047, 2100, -6.7
02/16/2023 15:30:00, -81.4, -39.9, -40, -40, 0, 0, 2100, 448, 1047, 2100, -6.7
02/16/2023 15:31:00, -81.4, -39.9, -40, -40, 0, 0, 2100, 447, 1047, 2100, -6.7
02/16/2023 15:32:00, -81.4, -39.9, -40, -40, 0, 0, 2100, 447, 1047, 2100, -6.7
02/16/2023 15:33:00, -81.4, -39.9, -40, -40, 0, 0, 2100, 447, 1047, 2100, -6.7
02/16/2023 15:34:00, -81.4, -39.9, -40.1, -40, 0, 0, 2100, 447, 1047, 2100, -6.7
02/16/2023 15:35:00, -81.4, -39.9, -40.1, -40, 0, 0, 2100, 448, 1047, 2100, -6.7
02/16/2023 15:36:00, -81.4, -39.9, -40.1, -40, 0, 0, 2100, 448, 1047, 2100, -6.7
02/16/2023 15:37:00, -81.5, -39.9, -40, -40, 0, 0, 2100, 447, 1047, 2100, -6.7
02/16/2023 15:38:00, -81.4, -39.9, -40, -40, 0, 0, 2100, 447, 1047, 2100, -6.7
02/16/2023 15:39:00, -81.4, -39.9, -40.1, -40, 0, 0, 2100, 447, 1047, 2100, -6.7
02/16/2023 15:40:00, -81.4, -39.9, -40.1, -40, 0, 0, 2100, 447, 1047, 2100, -6.7
02/16/2023 15:41:00, -81.4, -39.9, -40, -40, 0, 0, 2100, 447, 1047, 2100, -6.7
02/16/2023 15:42:00, -81.3, -39.9, -40.1, -40, 0, 0, 2100, 447, 1047, 2100, -6.7
02/16/2023 15:43:00, -81.4, -39.9, -40, -40, 0, 0, 2100, 447, 1047, 2100, -6.7
02/16/2023 15:44:00, -81.4, -39.9, -40, -40, 0, 0, 2100, 447, 1047, 2100, -6.7
02/16/2023 15:45:00, -81.3, -39.9, -40, -40, 0, 0, 2100, 446, 1047, 2100, -6.7
02/16/2023 15:46:00, -81.4, -39.9, -40, -40, 0, 0, 2100, 446, 1047, 2100, -6.7
02/16/2023 15:47:00, -81.3, -39.9, -40, -40, 0, 0, 2100, 447, 1047, 2100, -6.7
02/16/2023 15:48:00, -81.4, -39.9, -40, -40, 0, 0, 2100, 446, 1047, 2100, -6.7
02/16/2023 15:49:00, -81.4, -39.9, -40.1, -40, 0, 0, 2100, 446, 1047, 2100, -6.7
02/16/2023 15:50:00, -81.4, -39.9, -40.1, -40, 0, 0, 2100, 447, 1047, 2100, -6.7
02/16/2023 15:51:00, -81.5, -39.9, -40, -40, 0, 0, 2100, 446, 1047, 2100, -6.7
02/16/2023 15:52:00, -81.5, -39.9, -40, -40, 0, 0, 2100, 446, 1047, 2100, -6.7
02/16/2023 15:53:00, -81.5, -39.9, -40, -40, 0, 0, 2100, 446, 1047, 2100, -6.7
02/16/2023 15:54:00, -81.6, -39.9, -40.1, -40, 0, 0, 2100, 447, 1047, 2100, -6.7
02/16/2023 15:55:00, -81.6, -39.9, -40.1, -40, 0, 0, 2100, 446, 1047, 2100, -6.7
02/16/2023 15:56:00, -81.6, -39.9, -40.1, -40, 0, 0, 2100, 446, 1047, 2100, -6.7
02/16/2023 15:57:00, -81.6, -39.9, -40, -40, 0, 0, 2100, 446, 1047, 2100, -6.7
02/16/2023 15:58:00, -81.6, -39.9, -40, -40, 0, 0, 2100, 446, 1047, 2100, -6.7
02/16/2023 15:59:00, -81.7, -39.9, -40, -40, 0, 0, 2100, 446, 1047, 2100, -6.7
02/16/2023 16:00:00, -81.6, -39.9, -40.1, -40, 0, 0, 2100, 445, 1047, 2100, -6.7
02/16/2023 16:01:00, -81.6, -39.9, -40, -40, 0, 0, 2100, 445, 1047, 2100, -6.7
02/16/2023 16:02:00, -81.6, -39.9, -40.1, -40, 0, 0, 2100, 446, 1047, 2100, -6.7
02/16/2023 16:03:00, -81.7, -39.9, -40.1, -40, 0, 0, 2100, 446, 1047, 2100, -6.7
02/16/2023 16:04:00, -81.6, -39.9, -40, -40, 0, 0, 2100, 446, 1047, 2100, -6.7
02/16/2023 16:05:00, -81.6, -39.9, -40, -40, 0, 0, 2100, 446, 1047, 2100, -6.7
02/16/2023 16:06:00, -81.6, -39.9, -40, -40, 0, 0, 2100, 446, 1047, 2100, -6.7
02/16/2023 16:07:00, -81.6, -39.9, -40, -40, 0, 0, 2100, 446, 1047, 2100, -6.7
02/16/2023 16:08:00, -81.6, -39.9, -40.1, -40, 0, 0, 2100, 446, 1047, 2100, -6.7
02/16/2023 16:09:00, -81.7, -39.9, -40, -40, 0, 0, 2100, 445, 1047, 2100, -6.7
02/16/2023 16:10:00, -81.7, -39.9, -40.1, -40, 0, 0, 2100, 446, 1047, 2100, -6.7
02/16/2023 16:11:00, -81.7, -39.9, -40.1, -40, 0, 0, 2100, 445, 1047, 2100, -6.7
02/16/2023 16:12:00, -81.6, -39.9, -40, -40, 0, 0, 2100, 445, 1047, 2100, -6.7
02/16/2023 16:13:00, -81.6, -39.9, -40.1, -40, 0, 0, 2100, 445, 1047, 2100, -6.7
02/16/2023 16:14:00, -81.6, -39.9, -40, -40, 0, 0, 2100, 446, 1047, 2100, -6.7
02/16/2023 16:15:00, -85.4, -39.1, -36.6, -15, 0, 0, 2100, 248, 1047, 2100, -10.7
02/16/2023 16:16:00, -88.5, -36.6, -33.5, -15, 0, 0, 2100, 112, 1047, 2100, -13.3
02/16/2023 16:17:00, -89.9, -34, -30.8, -15, 0, 0, 2100, 50, 1047, 2100, -14.5
02/16/2023 16:18:00, -90.4, -31.4, -28.2, -15, 0, 0, 2100, 24, 1047, 2100, -15.1
02/16/2023 16:19:00, -90.4, -28.7, -25.7, -15, 0, 0, 2100, 12, 1047, 2100, -15.3
02/16/2023 16:20:00, -90.6, -26.2, -23.2, -15, 0, 0, 2100, 6, 1046, 2100, -15.4
02/16/2023 16:21:00, -90.7, -23.8, -20.8, -15, 0, 0, 2100, 3, 1046, 2100, -15.5
02/16/2023 16:22:00, -90.8, -21.5, -18.6, -15, 0, 0, 1708, 2, 1047, 1696, -15.5
02/16/2023 16:23:00, -90.7, -19.6, -16.6, -15, 0, 0, 1013, 1, 1048, 1001, -15.6
02/16/2023 16:24:00, -89.9, -18.6, -15.7, -15, 0, 0, 651, 1, 924, 471, -15.6
02/16/2023 16:25:00, -88.4, -18.6, -15.6, -15, 0, 0, 349, 1, 525, 199, -15.6
02/16/2023 16:26:00, -83.2, -17.3, -14.6, -15, 0, 0, 142, 0, 222, 113, -15.6
02/16/2023 16:27:00, -83.6, -15.7, -14, -14.9, 0, 100, 107, 0, 170, 91, -15.6
02/16/2023 16:28:00, -84.2, -14.9, -13.7, -14.4, 0, 100, 100, 0, 158, 86, -15.6
02/16/2023 16:29:00, -84.7, -14.5, -13.5, -13.9, 0, 100, 100, 0, 158, 88, -15.6
02/16/2023 16:30:00, -85.1, -14.1, -13.2, -13.4, 0, 100, 101, 0, 159, 90, -15.6
02/16/2023 16:31:00, -85.5, -13.7, -12.8, -12.9, 0, 100, 100, 0, 158, 90, -15.6
02/16/2023 16:32:00, -85.9, -13.4, -12.4, -12.4, 0, 100, 100, 0, 158, 90, -15.6
02/16/2023 16:33:00, -86.1, -13, -11.9, -11.9, 0, 100, 100, 0, 156, 90, -15.5
02/16/2023 16:34:00, -86.5, -12.5, -11.4, -11.4, 0, 100, 99, 0, 155, 89, -15.6
02/16/2023 16:35:00, -86.7, -12, -11, -10.9, 0, 100, 99, 0, 157, 89, -15.6
02/16/2023 16:36:00, -86.9, -11.5, -10.5, -10.4, 0, 100, 99, 0, 155, 89, -15.6
02/16/2023 16:37:00, -87, -11, -10, -9.9, 0, 100, 100, 0, 156, 90, -15.6
02/16/2023 16:38:00, -87.2, -10.5, -9.5, -9.4, 0, 100, 100, 0, 157, 90, -15.6
02/16/2023 16:39:00, -87.3, -10, -9, -8.9, 0, 100, 98, 0, 154, 88, -15.6
02/16/2023 16:40:00, -87.4, -9.5, -8.5, -8.4, 0, 100, 100, 0, 157, 90, -15.6
02/16/2023 16:41:00, -87.5, -9, -8, -7.9, 0, 100, 100, 0, 158, 90, -15.6
02/16/2023 16:42:00, -87.6, -8.5, -7.4, -7.4, 0, 100, 101, 0, 158, 91, -15.6
02/16/2023 16:43:00, -87.6, -8, -7, -6.9, 0, 100, 101, 0, 159, 91, -15.6
02/16/2023 16:44:00, -87.7, -7.5, -6.4, -6.4, 0, 100, 100, 0, 158, 90, -15.6
02/16/2023 16:45:00, -87.7, -7, -5.9, -5.9, 0, 100, 100, 0, 158, 90, -15.6
02/16/2023 16:46:00, -87.7, -6.5, -5.4, -5.4, 0, 100, 100, 0, 158, 90, -15.6
02/16/2023 16:47:00, -87.8, -6, -4.9, -4.9, 0, 100, 101, 0, 158, 90, -15.6
02/16/2023 16:48:00, -87.8, -5.5, -4.4, -4.4, 0, 100, 99, 0, 156, 88, -15.6
02/16/2023 16:49:00, -87.8, -5, -3.9, -3.9, 0, 100, 100, 0, 158, 90, -15.6
02/16/2023 16:50:00, -87.8, -4.5, -3.4, -3.4, 0, 100, 100, 0, 157, 89, -15.6
02/16/2023 16:51:00, -87.8, -4, -2.9, -2.9, 0, 100, 100, 0, 157, 90, -15.6
02/16/2023 16:52:00, -87.8, -3.5, -2.4, -2.4, 0, 100, 100, 0, 158, 90, -15.6
02/16/2023 16:53:00, -87.8, -3.1, -1.9, -1.9, 0, 100, 100, 0, 158, 89, -15.5
02/16/2023 16:54:00, -87.8, -2.6, -1.5, -1.4, 0, 100, 100, 0, 158, 90, -15.6
02/16/2023 16:55:00, -87.9, -2.1, -0.9, -0.9, 0, 100, 99, 0, 157, 89, -15.6
02/16/2023 16:56:00, -87.9, -1.6, -0.4, -0.4, 0, 100, 100, 0, 159, 90, -15.6
02/16/2023 16:57:00, -87.9, -1.1, 0.1, 0.1, 0, 100, 100, 0, 158, 89, -15.6
02/16/2023 16:58:00, -87.9, -0.6, 0.6, 0.6, 0, 100, 100, 0, 158, 90, -15.6
02/16/2023 16:59:00, -87.9, -0.1, 1.1, 1.1, 0, 100, 100, 0, 158, 89, -15.6
02/16/2023 17:00:00, -88, 0.4, 1.6, 1.6, 0, 100, 100, 0, 158, 90, -15.6
02/16/2023 17:01:00, -88, 0.9, 2.1, 2.1, 0, 100, 100, 0, 157, 89, -15.6
02/16/2023 17:02:00, -88, 1.4, 2.5, 2.6, 0, 100, 101, 0, 159, 91, -15.6
02/16/2023 17:03:00, -88, 1.9, 3.1, 3.1, 0, 100, 100, 0, 158, 89, -15.6
02/16/2023 17:04:00, -88, 2.4, 3.6, 3.6, 0, 100, 101, 0, 159, 90, -15.6
02/16/2023 17:05:00, -88, 2.9, 4.1, 4.1, 0, 100, 100, 0, 158, 90, -15.6
02/16/2023 17:06:00, -88.1, 3.4, 4.6, 4.6, 0, 100, 101, 0, 159, 90, -15.6
02/16/2023 17:07:00, -88, 3.9, 5, 5.1, 0, 100, 99, 0, 157, 89, -15.6
02/16/2023 17:08:00, -88, 4.4, 5.6, 5.6, 0, 100, 100, 0, 160, 90, -15.6
02/16/2023 17:09:00, -88, 4.9, 6.1, 6.1, 0, 100, 101, 0, 159, 90, -15.6
02/16/2023 17:10:00, -88, 5.4, 6.6, 6.6, 0, 100, 101, 0, 159, 90, -15.6
02/16/2023 17:11:00, -88, 5.9, 7.1, 7.1, 0, 100, 100, 0, 159, 89, -15.6
02/16/2023 17:12:00, -88.1, 6.4, 7.6, 7.6, 0, 100, 101, 0, 159, 90, -15.6
02/16/2023 17:13:00, -88.1, 6.9, 8.1, 8.1, 0, 100, 99, 0, 157, 89, -15.6
02/16/2023 17:14:00, -88.1, 7.4, 8.6, 8.6, 0, 100, 100, 0, 159, 90, -15.6
02/16/2023 17:15:00, -88.1, 7.9, 9.1, 9.1, 0, 100, 101, 0, 159, 90, -15.6
02/16/2023 17:16:00, -88, 8.4, 9.6, 9.6, 0, 100, 99, 0, 157, 89, -15.6
02/16/2023 17:17:00, -88.1, 8.9, 10.1, 10, 0, 100, 100, 0, 158, 89, -15.6
02/16/2023 17:18:00, -87.9, 9.3, 10.2, 10, 0, 100, 100, 0, 158, 89, -15.6
02/16/2023 17:19:00, -87.5, 9.5, 10.3, 10, 0, 100, 101, 0, 160, 90, -15.6
02/16/2023 17:20:00, -87, 9.6, 10.2, 10, 0, 100, 100, 0, 158, 89, -15.6
02/16/2023 17:21:00, -86.7, 9.5, 10.2, 10, 0, 100, 99, 0, 157, 89, -15.6
02/16/2023 17:22:00, -86.4, 9.5, 10.2, 10, 0, 100, 100, 0, 158, 89, -15.6
02/16/2023 17:23:00, -86.1, 9.4, 10.1, 10, 0, 100, 99, 0, 157, 88, -15.6
02/16/2023 17:24:00, -85.9, 9.4, 10.1, 10, 0, 100, 99, 0, 158, 89, -15.6
02/16/2023 17:25:00, -85.9, 9.4, 10, 10, 0, 100, 100, 0, 159, 89, -15.6
02/16/2023 17:26:00, -85.7, 9.4, 10.1, 10, 0, 100, 100, 0, 159, 90, -15.6
02/16/2023 17:27:00, -85.6, 9.3, 10, 10, 0, 100, 101, 0, 159, 90, -15.6
02/16/2023 17:28:00, -85.5, 9.3, 10, 10, 0, 100, 100, 0, 160, 90, -15.6
02/16/2023 17:29:00, -85.5, 9.3, 10, 10, 0, 100, 100, 0, 158, 89, -15.6
02/16/2023 17:30:00, -85.3, 9.3, 10, 10, 0, 100, 100, 0, 159, 89, -15.6
02/16/2023 17:31:00, -85.3, 9.3, 10, 10, 0, 100, 100, 0, 160, 90, -15.6
02/16/2023 17:32:00, -85.2, 9.3, 10.1, 10, 0, 100, 99, 0, 157, 89, -15.6
02/16/2023 17:33:00, -85.2, 9.3, 10.1, 10, 0, 100, 100, 0, 158, 89, -15.6
02/16/2023 17:34:00, -85.1, 9.3, 10, 10, 0, 100, 100, 0, 158, 89, -15.6
02/16/2023 17:35:00, -85.1, 9.3, 10, 10, 0, 100, 99, 0, 156, 88, -15.6
02/16/2023 17:36:00, -85, 9.3, 10, 10, 0, 100, 100, 0, 158, 90, -15.6
02/16/2023 17:37:00, -84.9, 9.3, 10, 10, 0, 100, 100, 0, 159, 89, -15.6
02/16/2023 17:38:00, -84.9, 9.3, 10, 10, 0, 100, 100, 0, 158, 89, -15.6
02/16/2023 17:39:00, -84.9, 9.3, 10, 10, 0, 100, 100, 0, 159, 89, -15.6
02/16/2023 17:40:00, -84.9, 9.3, 10, 10, 0, 100, 99, 0, 157, 88, -15.6
02/16/2023 17:41:00, -84.9, 9.3, 10, 10, 0, 100, 100, 0, 159, 89, -15.6
02/16/2023 17:42:00, -84.8, 9.3, 10, 10, 0, 100, 100, 0, 158, 89, -15.6
02/16/2023 17:43:00, -84.8, 9.3, 10, 10, 0, 100, 99, 0, 157, 88, -15.6
02/16/2023 17:44:00, -84.7, 9.3, 10, 10, 0, 100, 100, 0, 159, 89, -15.6
02/16/2023 17:45:00, -84.8, 9.3, 10, 10, 0, 100, 100, 0, 160, 90, -15.6
02/16/2023 17:46:00, -84.7, 9.3, 10, 10, 0, 100, 100, 0, 158, 89, -15.6
02/16/2023 17:47:00, -84.7, 9.3, 10.1, 10, 0, 100, 100, 0, 160, 89, -15.6
02/16/2023 17:48:00, -84.6, 9.3, 10, 10, 0, 100, 99, 0, 157, 88, -15.6
02/16/2023 17:49:00, -84.6, 9.3, 10, 10, 0, 100, 100, 0, 158, 89, -15.6
02/16/2023 17:50:00, -84.6, 9.3, 10, 10, 0, 100, 100, 0, 158, 89, -15.6
02/16/2023 17:51:00, -84.6, 9.3, 10.1, 10, 0, 100, 100, 0, 158, 89, -15.6
02/16/2023 17:52:00, -84.6, 9.3, 10, 10, 0, 100, 98, 0, 155, 87, -15.6
02/16/2023 17:53:00, -84.6, 9.3, 10, 10, 0, 100, 99, 0, 157, 88, -15.6
02/16/2023 17:54:00, -84.6, 9.3, 10, 10, 0, 100, 100, 0, 158, 89, -15.6
02/16/2023 17:55:00, -84.6, 9.3, 10, 10, 0, 100, 100, 0, 159, 89, -15.6
02/16/2023 17:56:00, -84.6, 9.3, 10, 10, 0, 100, 100, 0, 159, 89, -15.6
02/16/2023 17:57:00, -84.5, 9.3, 10, 10, 0, 100, 101, 0, 159, 90, -15.6
02/16/2023 17:58:00, -84.5, 9.3, 10.1, 10, 0, 100, 101, 0, 160, 90, -15.6
02/16/2023 17:59:00, -84.5, 9.3, 10, 10, 0, 100, 100, 0, 159, 89, -15.6
02/16/2023 18:00:00, -84.4, 9.3, 10, 10, 0, 100, 100, 0, 159, 89, -15.6
02/16/2023 18:01:00, -84.4, 9.3, 10, 10, 0, 100, 99, 0, 157, 88, -15.6
02/16/2023 18:02:00, -84.4, 9.3, 10, 10, 0, 100, 99, 0, 157, 88, -15.6
02/16/2023 18:03:00, -84.4, 9.3, 10, 10, 0, 100, 100, 0, 158, 89, -15.6
02/16/2023 18:04:00, -84.4, 9.3, 10, 10, 0, 100, 100, 0, 159, 89, -15.6
02/16/2023 18:05:00, -84.4, 9.3, 10, 10, 0, 100, 100, 0, 158, 89, -15.6
02/16/2023 18:06:00, -84.4, 9.3, 10, 10, 0, 100, 99, 0, 157, 88, -15.6
02/16/2023 18:07:00, -84.4, 9.3, 10, 10, 0, 100, 101, 0, 159, 90, -15.6
02/16/2023 18:08:00, -84.4, 9.3, 10, 10, 0, 100, 99, 0, 157, 88, -15.6
02/16/2023 18:09:00, -84.3, 9.3, 10, 10, 0, 100, 101, 0, 159, 89, -15.6
02/16/2023 18:10:00, -84.3, 9.3, 10, 10, 0, 100, 101, 0, 159, 90, -15.6
02/16/2023 18:11:00, -84.4, 9.3, 10, 10, 0, 100, 100, 0, 158, 89, -15.6
02/16/2023 18:12:00, -84.3, 9.3, 10, 10, 0, 100, 101, 0, 159, 90, -15.6
02/16/2023 18:13:00, -84.3, 9.4, 10, 10, 0, 100, 100, 0, 158, 89, -15.6
02/16/2023 18:14:00, -84.3, 9.4, 10, 10, 0, 100, 100, 0, 160, 90, -15.6
02/16/2023 18:15:00, -84.3, 9.3, 10, 10, 0, 100, 99, 0, 158, 88, -15.6
02/16/2023 18:16:00, -84.3, 9.3, 10, 10, 0, 100, 101, 0, 159, 90, -15.6
02/16/2023 18:17:00, -84.3, 9.3, 10, 10, 0, 100, 101, 0, 160, 90, -15.6
02/16/2023 18:18:00, -84.3, 9.4, 10, 10, 0, 100, 99, 0, 158, 88, -15.6
02/16/2023 18:19:00, -84.3, 9.3, 10, 10, 0, 100, 100, 0, 159, 89, -15.6
02/16/2023 18:20:00, -84.3, 9.3, 10, 10, 0, 100, 101, 0, 160, 90, -15.6
02/16/2023 18:21:00, -84.2, 9.3, 10, 10, 0, 100, 99, 0, 158, 89, -15.6
02/16/2023 18:22:00, -84.2, 9.3, 10, 10, 0, 100, 99, 0, 157, 88, -15.6
02/16/2023 18:23:00, -84.2, 9.4, 10, 10, 0, 100, 99, 0, 157, 88, -15.6
02/16/2023 18:24:00, -84.2, 9.3, 10, 10, 0, 100, 99, 0, 158, 89, -15.6
02/16/2023 18:25:00, -84.2, 9.3, 10, 10, 0, 100, 100, 0, 159, 90, -15.6
02/16/2023 18:26:00, -84.3, 9.3, 10, 10, 0, 100, 100, 0, 158, 89, -15.6
02/16/2023 18:27:00, -84.2, 9.3, 10, 10, 0, 100, 100, 0, 159, 89, -15.6
02/16/2023 18:28:00, -84.2, 9.4, 10, 10, 0, 100, 100, 0, 158, 89, -15.6
02/16/2023 18:29:00, -84.2, 9.4, 10, 10, 0, 100, 100, 0, 158, 89, -15.6
02/16/2023 18:30:00, -84.2, 9.4, 10, 10, 0, 100, 100, 0, 158, 89, -15.6
02/16/2023 18:31:00, -84.2, 9.3, 10, 10, 0, 100, 100, 0, 158, 89, -15.6
02/16/2023 18:32:00, -84.2, 9.3, 10, 10, 0, 100, 100, 0, 159, 89, -15.6
02/16/2023 18:33:00, -84.2, 9.4, 10, 10, 0, 100, 100, 0, 159, 89, -15.6
02/16/2023 18:34:00, -84.2, 9.4, 10, 10, 0, 100, 101, 0, 159, 90, -15.6
02/16/2023 18:35:00, -84.2, 9.4, 10, 10, 0, 100, 100, 0, 159, 89, -15.6
02/16/2023 18:36:00, -84.2, 9.4, 10, 10, 0, 100, 100, 0, 159, 89, -15.6
02/16/2023 18:37:00, -84.2, 9.4, 10, 10, 0, 100, 99, 0, 157, 88, -15.6
02/16/2023 18:38:00, -84.2, 9.4, 10, 10, 0, 100, 101, 0, 159, 90, -15.6
02/16/2023 18:39:00, -84.2, 9.4, 10, 10, 0, 100, 101, 0, 159, 90, -15.6
02/16/2023 18:40:00, -84.2, 9.4, 10, 10, 0, 100, 101, 0, 159, 90, -15.6
02/16/2023 18:41:00, -84.3, 9.4, 10, 10, 0, 100, 100, 0, 158, 89, -15.6
02/16/2023 18:42:00, -84.2, 9.4, 10, 10, 0, 100, 101, 0, 159, 90, -15.6
02/16/2023 18:43:00, -84.2, 9.3, 10, 10, 0, 100, 99, 0, 157, 88, -15.6
02/16/2023 18:44:00, -84.2, 9.4, 10, 10, 0, 100, 100, 0, 159, 89, -15.6
02/16/2023 18:45:00, -84.2, 9.4, 10, 10, 0, 100, 99, 0, 157, 88, -15.6
02/16/2023 18:46:00, -84.3, 9.4, 10, 10, 0, 100, 101, 0, 159, 90, -15.6
02/16/2023 18:47:00, -84.2, 9.4, 10, 10, 0, 100, 100, 0, 158, 88, -15.6
02/16/2023 18:48:00, -84.2, 9.4, 10, 10, 0, 100, 100, 0, 160, 89, -15.6
02/16/2023 18:49:00, -84.3, 9.4, 10, 10, 0, 100, 101, 0, 160, 90, -15.6
02/16/2023 18:50:00, -84.3, 9.4, 10, 10, 0, 100, 100, 0, 158, 89, -15.6
02/16/2023 18:51:00, -84.3, 9.4, 10, 10, 0, 100, 100, 0, 160, 90, -15.6
02/16/2023 18:52:00, -84.3, 9.4, 10, 10, 0, 100, 101, 0, 160, 90, -15.6
02/16/2023 18:53:00, -84.3, 9.4, 10, 10, 0, 100, 99, 0, 157, 88, -15.6
02/16/2023 18:54:00, -84.3, 9.4, 10, 10, 0, 100, 100, 0, 158, 89, -15.6
02/16/2023 18:55:00, -84.4, 9.4, 10, 10, 0, 100, 100, 0, 158, 89, -15.6
02/16/2023 18:56:00, -84.3, 9.4, 10, 10, 0, 100, 100, 0, 158, 89, -15.6
02/16/2023 18:57:00, -84.3, 9.4, 10, 10, 0, 100, 100, 0, 159, 89, -15.6
02/16/2023 18:58:00, -84.3, 9.4, 10, 10, 0, 100, 100, 0, 158, 89, -15.6
02/16/2023 18:59:00, -84.3, 9.4, 10, 10, 0, 100, 101, 0, 159, 90, -15.6
02/16/2023 19:00:00, -84.4, 9.4, 10, 10, 0, 100, 100, 0, 158, 89, -15.6
02/16/2023 19:01:00, -84.4, 9.4, 10, 10, 0, 100, 99, 0, 158, 88, -15.6
02/16/2023 19:02:00, -84.4, 9.4, 10, 10, 0, 100, 99, 0, 157, 88, -15.6
02/16/2023 19:03:00, -84.4, 9.4, 10, 10, 0, 100, 99, 0, 157, 88, -15.6
02/16/2023 19:04:00, -84.4, 9.4, 10, 10, 0, 100, 100, 0, 158, 89, -15.6
02/16/2023 19:05:00, -84.3, 9.4, 10, 10, 0, 100, 100, 0, 157, 89, -15.6
02/16/2023 19:06:00, -84.4, 9.4, 10, 10, 0, 100, 100, 0, 158, 89, -15.6
02/16/2023 19:07:00, -84.4, 9.4, 10, 10, 0, 100, 99, 0, 157, 88, -15.6
02/16/2023 19:08:00, -84.4, 9.4, 10, 10, 0, 100, 100, 0, 159, 89, -15.6
02/16/2023 19:09:00, -84.5, 9.4, 10, 10, 0, 100, 101, 0, 159, 90, -15.6
02/16/2023 19:10:00, -84.5, 9.4, 10, 10, 0, 100, 100, 0, 158, 89, -15.6
02/16/2023 19:11:00, -84.4, 9.4, 10, 10, 0, 100, 100, 0, 158, 89, -15.6
02/16/2023 19:12:00, -84.4, 9.3, 10, 10, 0, 100, 101, 0, 159, 90, -15.6
02/16/2023 19:13:00, -84.4, 9.4, 10, 10, 0, 100, 101, 0, 158, 90, -15.6
02/16/2023 19:14:00, -84.4, 9.4, 10, 10, 0, 100, 101, 0, 158, 90, -15.6
02/16/2023 19:15:00, -84.4, 9.4, 10, 10, 0, 100, 100, 0, 156, 89, -15.6
02/16/2023 19:16:00, -84.4, 9.4, 10, 10, 0, 100, 99, 0, 156, 88, -15.6
02/16/2023 19:17:00, -84.4, 9.4, 10, 10, 0, 100, 99, 0, 156, 88, -15.6
02/16/2023 19:18:00, -84.4, 9.4, 10, 10, 0, 100, 98, 0, 155, 87, -15.6
02/16/2023 19:19:00, -84.4, 9.4, 10, 10, 0, 100, 99, 0, 156, 88, -15.6
02/16/2023 19:20:00, -84.4, 9.4, 10, 10, 0, 100, 98, 0, 155, 87, -15.6
02/16/2023 19:21:00, -84.3, 9.4, 10, 10, 0, 100, 99, 0, 156, 88, -15.6
02/16/2023 19:22:00, -84.4, 9.4, 10, 10, 0, 100, 98, 0, 155, 87, -15.6
02/16/2023 19:23:00, -84.5, 9.4, 10.1, 10, 0, 100, 99, 0, 157, 88, -15.6
02/16/2023 19:24:00, -84.5, 9.4, 10, 10, 0, 100, 99, 0, 158, 88, -15.6
02/16/2023 19:25:00, -84.4, 9.4, 10, 10, 0, 100, 101, 0, 161, 90, -15.6
02/16/2023 19:26:00, -84.4, 9.4, 10, 10, 0, 100, 102, 0, 161, 91, -15.6
02/16/2023 19:27:00, -84.4, 9.4, 10, 10, 0, 100, 102, 0, 161, 91, -15.6
02/16/2023 19:28:00, -84.4, 9.4, 10, 10, 0, 100, 101, 0, 159, 91, -15.6
02/16/2023 19:29:00, -84.4, 9.4, 10, 10, 0, 100, 101, 0, 158, 90, -15.6
02/16/2023 19:30:00, -84.3, 9.4, 10, 10, 0, 100, 100, 0, 156, 89, -15.6
02/16/2023 19:31:00, -84.3, 9.4, 10, 10, 0, 100, 101, 0, 158, 90, -15.6
02/16/2023 19:32:00, -84.4, 9.4, 10, 10, 0, 100, 99, 0, 155, 88, -15.6
02/16/2023 19:33:00, -84.4, 9.4, 10, 10, 0, 100, 99, 0, 156, 88, -15.6
02/16/2023 19:34:00, -84.4, 9.4, 10, 10, 0, 100, 99, 0, 156, 88, -15.6
02/16/2023 19:35:00, -84.4, 9.4, 10, 10, 0, 100, 98, 0, 155, 87, -15.6
02/16/2023 19:36:00, -84.4, 9.4, 10, 10, 0, 100, 99, 0, 157, 88, -15.6
02/16/2023 19:37:00, -84.4, 9.4, 10, 10, 0, 100, 98, 0, 155, 87, -15.6
02/16/2023 19:38:00, -84.3, 9.4, 10, 10, 0, 100, 101, 0, 161, 90, -15.6
02/16/2023 19:39:00, -84.3, 9.4, 10, 10, 0, 100, 102, 0, 162, 91, -15.6
02/16/2023 19:40:00, -84.3, 9.4, 10, 10, 0, 100, 102, 0, 162, 91, -15.6
02/16/2023 19:41:00, -84.4, 9.4, 10.1, 10, 0, 100, 102, 0, 161, 91, -15.6
02/16/2023 19:42:00, -84.5, 9.5, 10, 10, 0, 100, 102, 0, 160, 91, -15.6
02/16/2023 19:43:00, -84.5, 9.4, 10, 10, 0, 100, 101, 0, 159, 90, -15.6
02/16/2023 19:44:00, -84.4, 9.4, 10, 10, 0, 100, 100, 0, 157, 89, -15.6
02/16/2023 19:45:00, -84.4, 9.4, 10, 10, 0, 100, 100, 0, 157, 89, -15.6
02/16/2023 19:46:00, -84.4, 9.4, 10, 10, 0, 100, 100, 0, 157, 89, -15.6
02/16/2023 19:47:00, -84.4, 9.4, 10, 10, 0, 100, 100, 0, 156, 89, -15.6
02/16/2023 19:48:00, -84.5, 9.4, 10, 10, 0, 100, 99, 0, 156, 88, -15.6
02/16/2023 19:49:00, -84.4, 9.4, 10, 10, 0, 100, 99, 0, 156, 88, -15.6
02/16/2023 19:50:00, -84.3, 9.4, 10, 10, 0, 100, 99, 0, 156, 88, -15.6
02/16/2023 19:51:00, -84.3, 9.4, 10, 10, 0, 100, 99, 0, 156, 88, -15.6
02/16/2023 19:52:00, -84.4, 9.4, 10, 10, 0, 100, 98, 0, 155, 87, -15.6
02/16/2023 19:53:00, -84.4, 9.4, 10, 10, 0, 100, 99, 0, 157, 88, -15.6
02/16/2023 19:54:00, -84.5, 9.4, 10, 10, 0, 100, 98, 0, 156, 87, -15.6
02/16/2023 19:55:00, -84.4, 9.4, 9.9, 10, 0, 100, 100, 0, 159, 89, -15.6
02/16/2023 19:56:00, -84.4, 9.4, 10, 10, 0, 100, 101, 0, 161, 90, -15.6
02/16/2023 19:57:00, -84.3, 9.4, 10, 10, 0, 100, 102, 0, 161, 91, -15.6
02/16/2023 19:58:00, -84.4, 9.4, 10, 10, 0, 100, 101, 0, 159, 90, -15.6
02/16/2023 19:59:00, -84.3, 9.4, 10, 10, 0, 100, 100, 0, 156, 89, -15.6
02/16/2023 20:00:00, -84.3, 9.4, 10, 10, 0, 100, 99, 0, 157, 88, -15.6
02/16/2023 20:01:00, -84.4, 9.4, 10, 10, 0, 100, 99, 0, 158, 88, -15.6
02/16/2023 20:02:00, -84.4, 9.4, 10, 10, 0, 100, 100, 0, 160, 89, -15.6
02/16/2023 20:03:00, -84.3, 9.4, 10, 10, 0, 100, 101, 0, 161, 90, -15.6
02/16/2023 20:04:00, -84.3, 9.4, 10, 10, 0, 100, 101, 0, 160, 90, -15.6
02/16/2023 20:05:00, -84.3, 9.4, 10, 10, 0, 100, 101, 0, 161, 90, -15.6
02/16/2023 20:06:00, -84.4, 9.4, 10, 10, 0, 100, 102, 0, 161, 91, -15.6
02/16/2023 20:07:00, -84.3, 9.4, 10, 10, 0, 100, 102, 0, 162, 91, -15.6
02/16/2023 20:08:00, -84.3, 9.4, 10, 10, 0, 100, 101, 0, 160, 90, -15.6
02/16/2023 20:09:00, -84.3, 9.4, 10, 10, 0, 100, 102, 0, 161, 91, -15.6
02/16/2023 20:10:00, -84.3, 9.4, 10, 10, 0, 100, 101, 0, 160, 91, -15.6
02/16/2023 20:11:00, -84.3, 9.4, 10, 10, 0, 100, 101, 0, 158, 90, -15.6
02/16/2023 20:12:00, -84.4, 9.4, 10, 10, 0, 100, 98, 0, 157, 87, -15.6
02/16/2023 20:13:00, -84.4, 9.4, 10, 10, 0, 100, 99, 0, 157, 88, -15.6
02/16/2023 20:14:00, -84.4, 9.4, 10, 10, 0, 100, 100, 0, 160, 89, -15.6
02/16/2023 20:15:00, -84.4, 9.4, 10, 10, 0, 100, 102, 0, 161, 91, -15.6
02/16/2023 20:16:00, -84.4, 9.4, 10, 10, 0, 100, 101, 0, 159, 90, -15.6
02/16/2023 20:17:00, -84.4, 9.4, 10, 10, 0, 100, 101, 0, 157, 90, -15.6
02/16/2023 20:18:00, -84.2, 9.4, 10, 10, 0, 100, 99, 0, 157, 88, -15.6
02/16/2023 20:19:00, -84.3, 9.4, 10, 10, 0, 100, 99, 0, 158, 88, -15.6
02/16/2023 20:20:00, -84.4, 9.4, 10, 10, 0, 100, 102, 0, 161, 91, -15.6
02/16/2023 20:21:00, -84.3, 9.4, 10, 10, 0, 100, 101, 0, 158, 90, -15.6
02/16/2023 20:22:00, -84.3, 9.4, 10, 10, 0, 100, 99, 0, 156, 88, -15.6
02/16/2023 20:23:00, -84.3, 9.4, 10, 10, 0, 100, 99, 0, 156, 87, -15.6
02/16/2023 20:24:00, -84.3, 9.4, 10, 10, 0, 100, 101, 0, 159, 90, -15.6
02/16/2023 20:25:00, -84.4, 9.4, 10, 10, 0, 100, 101, 0, 160, 90, -15.6
02/16/2023 20:26:00, -84.3, 9.4, 10, 10, 0, 100, 99, 0, 155, 88, -15.6
02/16/2023 20:27:00, -84.3, 9.4, 10, 10, 0, 100, 98, 0, 156, 87, -15.6
02/16/2023 20:28:00, -84.2, 9.4, 10, 10, 0, 100, 100, 0, 160, 89, -15.6
02/16/2023 20:29:00, -84.2, 9.4, 10, 10, 0, 100, 102, 0, 160, 91, -15.6
02/16/2023 20:30:00, -84.3, 9.4, 10, 10, 0, 100, 100, 0, 157, 89, -15.6
02/16/2023 20:31:00, -84.4, 9.4, 10, 10, 0, 100, 99, 0, 159, 89, -15.6
02/16/2023 20:32:00, -84.3, 9.4, 10, 10, 0, 100, 101, 0, 161, 90, -15.6
02/16/2023 20:33:00, -84.3, 9.4, 10, 10, 0, 100, 102, 0, 161, 91, -15.6
02/16/2023 20:34:00, -84.3, 9.4, 10, 10, 0, 100, 101, 0, 158, 90, -15.6
02/16/2023 20:35:00, -84.3, 9.4, 10, 10, 0, 100, 99, 0, 156, 88, -15.6
02/16/2023 20:36:00, -84.3, 9.4, 10, 10, 0, 100, 99, 0, 156, 88, -15.6
02/16/2023 20:37:00, -84.3, 9.4, 10, 10, 0, 100, 100, 0, 160, 90, -15.6
02/16/2023 20:38:00, -84.3, 9.4, 10, 10, 0, 100, 102, 0, 162, 91, -15.6
02/16/2023 20:39:00, -84.4, 9.4, 10, 10, 0, 100, 100, 0, 157, 90, -15.6
02/16/2023 20:40:00, -84.4, 9.5, 10, 10, 0, 100, 98, 0, 155, 87, -15.6
02/16/2023 20:41:00, -84.4, 9.5, 10, 10, 0, 100, 101, 0, 161, 90, -15.6
02/16/2023 20:42:00, -84.4, 9.4, 10, 10, 0, 100, 102, 0, 161, 91, -15.6
02/16/2023 20:43:00, -84.3, 9.4, 10, 10, 0, 100, 100, 0, 156, 89, -15.6
02/16/2023 20:44:00, -84.4, 9.4, 10, 10, 0, 100, 98, 0, 156, 88, -15.6
02/16/2023 20:45:00, -84.4, 9.4, 10, 10, 0, 100, 101, 0, 160, 90, -15.6
02/16/2023 20:46:00, -84.4, 9.4, 10, 10, 0, 100, 100, 0, 157, 89, -15.6
02/16/2023 20:47:00, -84.3, 9.4, 10, 10, 0, 100, 99, 0, 158, 88, -15.6
02/16/2023 20:48:00, -84.3, 9.4, 10, 10, 0, 100, 102, 0, 161, 91, -15.6
02/16/2023 20:49:00, -84.3, 9.4, 10, 10, 0, 100, 100, 0, 156, 89, -15.6
02/16/2023 20:50:00, -84.3, 9.4, 10, 10, 0, 100, 99, 0, 158, 88, -15.6
02/16/2023 20:51:00, -84.3, 9.4, 10, 10, 0, 100, 101, 0, 161, 90, -15.6
02/16/2023 20:52:00, -84.3, 9.4, 10, 10, 0, 100, 100, 0, 156, 89, -15.6
02/16/2023 20:53:00, -84.3, 9.4, 10, 10, 0, 100, 99, 0, 157, 88, -15.6
02/16/2023 20:54:00, -84.3, 9.4, 10, 10, 0, 100, 102, 0, 162, 91, -15.6
02/16/2023 20:55:00, -84.3, 9.4, 10, 10, 0, 100, 100, 0, 157, 89, -15.6
02/16/2023 20:56:00, -84.2, 9.4, 10, 10, 0, 100, 100, 0, 159, 89, -15.6
02/16/2023 20:57:00, -84.2, 9.4, 10, 10, 0, 100, 102, 0, 162, 91, -15.6
02/16/2023 20:58:00, -84.3, 9.4, 10, 10, 0, 100, 99, 0, 155, 88, -15.6
02/16/2023 20:59:00, -84.3, 9.5, 10, 10, 0, 100, 100, 0, 159, 89, -15.6
02/16/2023 21:00:00, -84.3, 9.4, 10, 10, 0, 100, 101, 0, 160, 91, -15.6
02/16/2023 21:01:00, -84.3, 9.4, 10, 10, 0, 100, 99, 0, 157, 88, -15.6
02/16/2023 21:02:00, -84.3, 9.4, 10, 10, 0, 100, 102, 0, 161, 91, -15.6
02/16/2023 21:03:00, -84.3, 9.4, 10, 10, 0, 100, 100, 0, 157, 89, -15.6
02/16/2023 21:04:00, -84.3, 9.4, 10, 10, 0, 100, 100, 0, 158, 89, -15.6
02/16/2023 21:05:00, -84.2, 9.4, 10, 10, 0, 100, 102, 0, 161, 91, -15.6
02/16/2023 21:06:00, -84.2, 9.4, 10, 10, 0, 100, 100, 0, 156, 89, -15.6
02/16/2023 21:07:00, -84.3, 9.4, 10, 10, 0, 100, 99, 0, 158, 89, -15.6
02/16/2023 21:08:00, -84.3, 9.5, 10, 10, 0, 100, 101, 0, 160, 91, -15.6
02/16/2023 21:09:00, -84.3, 9.4, 10, 10, 0, 100, 99, 0, 155, 88, -15.6
02/16/2023 21:10:00, -84.3, 9.4, 10, 10, 0, 100, 101, 0, 160, 90, -15.6
02/16/2023 21:11:00, -84.2, 9.4, 10, 10, 0, 100, 100, 0, 157, 90, -15.6
02/16/2023 21:12:00, -84.3, 9.4, 10, 10, 0, 100, 98, 0, 156, 88, -15.6
02/16/2023 21:13:00, -84.3, 9.4, 10, 10, 0, 100, 101, 0, 161, 91, -15.6
02/16/2023 21:14:00, -84.3, 9.4, 10, 10, 0, 100, 101, 0, 158, 90, -15.6
02/16/2023 21:15:00, -84.2, 9.4, 10, 10, 0, 100, 99, 0, 157, 88, -15.6
02/16/2023 21:16:00, -84.2, 9.4, 10, 10, 0, 100, 102, 0, 160, 91, -15.6
02/16/2023 21:17:00, -84.3, 9.5, 10, 10, 0, 100, 99, 0, 155, 88, -15.6
02/16/2023 21:18:00, -84.3, 9.5, 10, 10, 0, 100, 100, 0, 159, 89, -15.6
02/16/2023 21:19:00, -84.2, 9.4, 10, 10, 0, 100, 102, 0, 160, 91, -15.6
02/16/2023 21:20:00, -84.2, 9.4, 10, 10, 0, 100, 99, 0, 156, 88, -15.6
02/16/2023 21:21:00, -84.2, 9.4, 10, 10, 0, 100, 101, 0, 161, 91, -15.6
02/16/2023 21:22:00, -84.2, 9.4, 10, 10, 0, 100, 99, 0, 155, 89, -15.6
02/16/2023 21:23:00, -84.1, 9.4, 10, 10, 0, 100, 101, 0, 161, 91, -15.6
02/16/2023 21:24:00, -84.2, 9.4, 10, 10, 0, 100, 100, 0, 157, 90, -15.6
02/16/2023 21:25:00, -84.3, 9.5, 10, 10, 0, 100, 101, 0, 160, 90, -15.6
02/16/2023 21:26:00, -84.2, 9.4, 10, 10, 0, 100, 101, 0, 158, 90, -15.6
02/16/2023 21:27:00, -84.2, 9.4, 10, 10, 0, 100, 99, 0, 157, 88, -15.6
02/16/2023 21:28:00, -84.2, 9.4, 10, 10, 0, 100, 102, 0, 161, 91, -15.6
02/16/2023 21:29:00, -84.2, 9.4, 10, 10, 0, 100, 99, 0, 155, 89, -15.6
02/16/2023 21:30:00, -84.2, 9.4, 9.9, 10, 0, 100, 99, 0, 157, 88, -15.6
02/16/2023 21:31:00, -84.1, 9.4, 10, 10, 0, 100, 102, 0, 160, 91, -15.6
02/16/2023 21:32:00, -84.1, 9.4, 10, 10, 0, 100, 98, 0, 156, 87, -15.6
02/16/2023 21:33:00, -84.2, 9.5, 10, 10, 0, 100, 102, 0, 160, 91, -15.6
02/16/2023 21:34:00, -84.2, 9.5, 10, 10, 0, 100, 99, 0, 157, 88, -15.6
02/16/2023 21:35:00, -84.2, 9.4, 10, 10, 0, 100, 99, 0, 156, 88, -15.6
02/16/2023 21:36:00, -84.2, 9.4, 10, 10, 0, 100, 102, 0, 161, 91, -15.6
02/16/2023 21:37:00, -84.2, 9.4, 10, 10, 0, 100, 99, 0, 156, 88, -15.6
02/16/2023 21:38:00, -84.2, 9.4, 10, 10, 0, 100, 101, 0, 160, 90, -15.6
02/16/2023 21:39:00, -84.2, 9.4, 10, 10, 0, 100, 99, 0, 155, 88, -15.6
02/16/2023 21:40:00, -84.2, 9.4, 10, 10, 0, 100, 101, 0, 161, 91, -15.6
02/16/2023 21:41:00, -84.1, 9.4, 10, 10, 0, 100, 99, 0, 155, 88, -15.6
02/16/2023 21:42:00, -84.1, 9.4, 10, 10, 0, 100, 101, 0, 161, 90, -15.6
02/16/2023 21:43:00, -84.2, 9.4, 10, 10, 0, 100, 99, 0, 155, 89, -15.6
02/16/2023 21:44:00, -84.2, 9.5, 10, 10, 0, 100, 102, 0, 160, 91, -15.6
02/16/2023 21:45:00, -84.2, 9.4, 10, 10, 0, 100, 99, 0, 155, 88, -15.6
02/16/2023 21:46:00, -84.2, 9.4, 10, 10, 0, 100, 101, 0, 159, 91, -15.6
02/16/2023 21:47:00, -84.3, 9.4, 10, 10, 0, 100, 99, 0, 157, 88, -15.6
02/16/2023 21:48:00, -84.3, 9.4, 10, 10, 0, 100, 101, 0, 158, 91, -15.6
02/16/2023 21:49:00, -84.2, 9.4, 9.9, 10, 0, 100, 99, 0, 158, 89, -15.6
02/16/2023 21:50:00, -84.2, 9.4, 10, 10, 0, 100, 101, 0, 158, 90, -15.6
02/16/2023 21:51:00, -84.1, 9.4, 10, 10, 0, 100, 100, 0, 160, 90, -15.6
02/16/2023 21:52:00, -84.2, 9.4, 10, 10, 0, 100, 100, 0, 155, 89, -15.6
02/16/2023 21:53:00, -84.2, 9.5, 10, 10, 0, 100, 102, 0, 161, 91, -15.6
02/16/2023 21:54:00, -84.1, 9.4, 10, 10, 0, 100, 99, 0, 156, 88, -15.6
02/16/2023 21:55:00, -84.2, 9.4, 10, 10, 0, 100, 101, 0, 158, 91, -15.6
02/16/2023 21:56:00, -84.2, 9.4, 10, 10, 0, 100, 102, 0, 160, 91, -15.6
02/16/2023 21:57:00, -84.2, 9.4, 10, 10, 0, 100, 100, 0, 159, 89, -15.6
02/16/2023 21:58:00, -84.2, 9.4, 10, 10, 0, 100, 99, 0, 155, 89, -15.6
02/16/2023 21:59:00, -84.1, 9.4, 9.9, 10, 0, 100, 102, 0, 160, 91, -15.6
02/16/2023 22:00:00, -84, 9.4, 10, 10, 0, 100, 99, 0, 156, 88, -15.6
02/16/2023 22:01:00, -84.2, 9.5, 10, 10, 0, 100, 101, 0, 158, 91, -15.6
02/16/2023 22:02:00, -84.2, 9.5, 10, 10, 0, 100, 101, 0, 160, 91, -15.6
02/16/2023 22:03:00, -84.1, 9.5, 9.9, 10, 0, 100, 98, 0, 155, 88, -15.6
02/16/2023 22:04:00, -84.1, 9.4, 10, 10, 0, 100, 101, 0, 158, 90, -15.6
02/16/2023 22:05:00, -84.1, 9.4, 10, 10, 0, 100, 101, 0, 160, 91, -15.6
02/16/2023 22:06:00, -84.2, 9.4, 10, 10, 0, 100, 98, 0, 155, 88, -15.6
02/16/2023 22:07:00, -84.2, 9.4, 10, 10, 0, 100, 101, 0, 158, 91, -15.6
02/16/2023 22:08:00, -84.1, 9.4, 10, 10, 0, 100, 102, 0, 160, 91, -15.6
02/16/2023 22:09:00, -84.1, 9.4, 9.9, 10, 0, 100, 99, 0, 156, 88, -15.6
02/16/2023 22:10:00, -84.1, 9.4, 10, 10, 0, 100, 99, 0, 154, 89, -15.6
02/16/2023 22:11:00, -84.2, 9.5, 10, 10, 0, 100, 102, 0, 159, 92, -15.6
02/16/2023 22:12:00, -84.2, 9.5, 10, 10, 0, 100, 101, 0, 159, 90, -15.6
02/16/2023 22:13:00, -84.1, 9.4, 10, 10, 0, 100, 100, 0, 158, 89, -15.6
02/16/2023 22:14:00, -84.1, 9.4, 10, 10, 0, 100, 99, 0, 154, 89, -15.6
02/16/2023 22:15:00, -84.1, 9.4, 10, 10, 0, 100, 101, 0, 157, 90, -15.6
02/16/2023 22:16:00, -84.2, 9.4, 10, 10, 0, 100, 102, 0, 158, 91, -15.6
02/16/2023 22:17:00, -84.2, 9.5, 10, 10, 0, 100, 100, 0, 158, 90, -15.6
02/16/2023 22:18:00, -84.1, 9.4, 9.9, 10, 0, 100, 100, 0, 158, 90, -15.6
02/16/2023 22:19:00, -84.1, 9.4, 10, 10, 0, 100, 99, 0, 156, 88, -15.6
02/16/2023 22:20:00, -84.1, 9.5, 10, 10, 0, 100, 99, 0, 154, 88, -15.6
02/16/2023 22:21:00, -84.2, 9.5, 10, 10, 0, 100, 99, 0, 154, 88, -15.6
02/16/2023 22:22:00, -84.1, 9.5, 10, 10, 0, 100, 99, 0, 155, 89, -15.6
02/16/2023 22:23:00, -84.1, 9.4, 10, 10, 0, 100, 100, 0, 154, 90, -15.6
02/16/2023 22:24:00, -84.1, 9.5, 10, 10, 0, 100, 100, 0, 154, 89, -15.6
02/16/2023 22:25:00, -84.1, 9.5, 9.9, 10, 0, 100, 100, 0, 154, 89, -15.6
02/16/2023 22:26:00, -84.2, 9.5, 10, 10, 0, 100, 100, 0, 155, 89, -15.6
02/16/2023 22:27:00, -84.1, 9.4, 10, 10, 0, 100, 100, 0, 155, 89, -15.6
02/16/2023 22:28:00, -84.1, 9.5, 10, 10, 0, 100, 100, 0, 156, 90, -15.6
02/16/2023 22:29:00, -84, 9.4, 10, 10, 0, 100, 100, 0, 155, 90, -15.6
02/16/2023 22:30:00, -84.1, 9.5, 10, 10, 0, 100, 99, 0, 154, 89, -15.6
02/16/2023 22:31:00, -84.1, 9.5, 10, 10, 0, 100, 100, 0, 155, 90, -15.6
02/16/2023 22:32:00, -84.1, 9.5, 10, 10, 0, 100, 101, 0, 156, 90, -15.6
02/16/2023 22:33:00, -84.1, 9.4, 10, 10, 0, 100, 100, 0, 155, 90, -15.6
02/16/2023 22:34:00, -84.1, 9.5, 10, 10, 0, 100, 100, 0, 155, 90, -15.6
02/16/2023 22:35:00, -84.2, 9.5, 10, 10, 0, 100, 100, 0, 154, 90, -15.6
02/16/2023 22:36:00, -84.1, 9.5, 10, 10, 0, 100, 100, 0, 153, 90, -15.6
02/16/2023 22:37:00, -84.1, 9.4, 10, 10, 0, 100, 101, 0, 154, 90, -15.6
02/16/2023 22:38:00, -84.1, 9.4, 10, 10, 0, 100, 100, 0, 152, 90, -15.6
02/16/2023 22:39:00, -84.1, 9.5, 10.1, 10, 0, 100, 100, 0, 153, 90, -15.6
02/16/2023 22:40:00, -84.1, 9.5, 10, 10, 0, 100, 100, 0, 152, 90, -15.6
02/16/2023 22:41:00, -84.1, 9.5, 10, 10, 0, 100, 100, 0, 151, 90, -15.6
02/16/2023 22:42:00, -84.1, 9.5, 10, 10, 0, 100, 100, 0, 151, 90, -15.6
02/16/2023 22:43:00, -84.1, 9.5, 10, 10, 0, 100, 100, 0, 150, 90, -15.6
02/16/2023 22:44:00, -84.1, 9.5, 10, 10, 0, 100, 100, 0, 149, 90, -15.6
02/16/2023 22:45:00, -84.1, 9.4, 10, 10, 0, 100, 100, 0, 148, 90, -15.6
02/16/2023 22:46:00, -84.1, 9.5, 10, 10, 0, 100, 100, 0, 148, 90, -15.6
02/16/2023 22:47:00, -84.1, 9.5, 10, 10, 0, 100, 100, 0, 146, 90, -15.6
02/16/2023 22:48:00, -84, 9.5, 9.9, 10, 0, 100, 99, 0, 145, 89, -15.6
02/16/2023 22:49:00, -84.1, 9.5, 10, 10, 0, 100, 101, 0, 145, 91, -15.6
02/16/2023 22:50:00, -84.1, 9.5, 10, 10, 0, 100, 100, 0, 143, 90, -15.6
02/16/2023 22:51:00, -84.1, 9.5, 10, 10, 0, 100, 100, 0, 141, 90, -15.6
02/16/2023 22:52:00, -84.1, 9.5, 10, 10, 0, 100, 99, 0, 140, 89, -15.6
02/16/2023 22:53:00, -84.1, 9.5, 9.9, 10, 0, 100, 100, 0, 138, 90, -15.6
02/16/2023 22:54:00, -84.1, 9.5, 10, 10, 0, 100, 100, 0, 137, 90, -15.6
02/16/2023 22:55:00, -84, 9.5, 10, 10, 0, 100, 100, 0, 135, 90, -15.6
02/16/2023 22:56:00, -84.1, 9.5, 10, 10, 0, 100, 100, 0, 133, 90, -15.6
02/16/2023 22:57:00, -84.1, 9.5, 10, 10, 0, 100, 99, 0, 131, 89, -15.6
02/16/2023 22:58:00, -84, 9.5, 10, 10, 0, 100, 99, 0, 129, 89, -15.6
02/16/2023 22:59:00, -84, 9.5, 10, 10, 0, 100, 100, 0, 128, 90, -15.6
02/16/2023 23:00:00, -84, 9.5, 10, 10, 0, 100, 100, 0, 128, 90, -15.6
02/16/2023 23:01:00, -84, 9.5, 10, 10, 0, 100, 100, 0, 126, 90, -15.6
02/16/2023 23:02:00, -84, 9.5, 10, 10, 0, 100, 100, 0, 125, 91, -15.6
02/16/2023 23:03:00, -84, 9.5, 10, 10, 0, 100, 100, 0, 123, 90, -15.6
02/16/2023 23:04:00, -84, 9.5, 10, 10, 0, 100, 101, 0, 123, 91, -15.6
02/16/2023 23:05:00, -84, 9.5, 10, 10, 0, 100, 100, 0, 121, 90, -15.7
02/16/2023 23:06:00, -84, 9.5, 10, 10, 0, 100, 100, 0, 120, 90, -15.6
02/16/2023 23:07:00, -84, 9.5, 10, 10, 0, 100, 101, 0, 119, 91, -15.6
02/16/2023 23:08:00, -84, 9.5, 10, 10, 0, 100, 100, 0, 117, 90, -15.6
02/16/2023 23:09:00, -84, 9.5, 10, 10, 0, 100, 101, 0, 117, 91, -15.6
02/16/2023 23:10:00, -84, 9.5, 10, 10, 0, 100, 100, 0, 116, 90, -15.6
02/16/2023 23:11:00, -84, 9.5, 10, 10, 0, 100, 100, 0, 114, 90, -15.6
02/16/2023 23:12:00, -84, 9.5, 10, 10, 0, 100, 100, 0, 114, 90, -15.6
02/16/2023 23:13:00, -84, 9.5, 10, 10, 0, 100, 100, 0, 113, 90, -15.6
02/16/2023 23:14:00, -84, 9.5, 9.9, 10, 0, 100, 100, 0, 112, 90, -15.6
02/16/2023 23:15:00, -84, 9.5, 10, 10, 0, 100, 100, 0, 112, 90, -15.6
02/16/2023 23:16:00, -84, 9.5, 10, 10, 0, 100, 100, 0, 111, 90, -15.6
02/16/2023 23:17:00, -84, 9.5, 10, 10, 0, 100, 100, 0, 111, 90, -15.6
02/16/2023 23:18:00, -84, 9.4, 10, 10, 0, 100, 100, 0, 110, 90, -15.6
02/16/2023 23:19:00, -84, 9.5, 10, 10, 0, 100, 100, 0, 110, 91, -15.6
02/16/2023 23:20:00, -84, 9.5, 10, 10, 0, 100, 101, 0, 110, 91, -15.6
02/16/2023 23:21:00, -84, 9.5, 10, 10, 0, 100, 100, 0, 109, 90, -15.6
02/16/2023 23:22:00, -84, 9.5, 10, 10, 0, 100, 100, 0, 109, 90, -15.6
02/16/2023 23:23:00, -84, 9.5, 10, 10, 0, 100, 100, 0, 108, 90, -15.6
02/16/2023 23:24:00, -84, 9.5, 10, 10, 0, 100, 100, 0, 108, 91, -15.6
02/16/2023 23:25:00, -84.1, 9.5, 10, 10, 0, 100, 100, 0, 108, 90, -15.6
02/16/2023 23:26:00, -84.1, 9.5, 10, 10, 0, 100, 100, 0, 107, 90, -15.6
02/16/2023 23:27:00, -84, 9.5, 10, 10, 0, 100, 100, 0, 107, 90, -15.6
02/16/2023 23:28:00, -84.1, 9.5, 10, 10, 0, 100, 100, 0, 107, 90, -15.6
02/16/2023 23:29:00, -84.2, 9.5, 10, 10, 0, 100, 100, 0, 106, 90, -15.6
02/16/2023 23:30:00, -84.2, 9.5, 10, 10, 0, 100, 100, 0, 106, 90, -15.6
02/16/2023 23:31:00, -84.2, 9.5, 10, 10, 0, 100, 101, 0, 106, 91, -15.6
02/16/2023 23:32:00, -84.2, 9.5, 10, 10, 0, 100, 100, 0, 106, 90, -15.6
02/16/2023 23:33:00, -84.2, 9.5, 10, 10, 0, 100, 100, 0, 105, 90, -15.7
02/16/2023 23:34:00, -84.2, 9.5, 10, 10, 0, 100, 101, 0, 106, 91, -15.6
02/16/2023 23:35:00, -84.2, 9.5, 10, 10, 0, 100, 100, 0, 105, 91, -15.6
02/16/2023 23:36:00, -84.2, 9.5, 10, 10, 0, 100, 100, 0, 105, 90, -15.6
02/16/2023 23:37:00, -84.2, 9.5, 10, 10, 0, 100, 100, 0, 105, 90, -15.7
02/16/2023 23:38:00, -84.2, 9.5, 10, 10, 0, 100, 100, 0, 104, 90, -15.6
02/16/2023 23:39:00, -84.2, 9.5, 10, 10, 0, 100, 100, 0, 104, 90, -15.6
02/16/2023 23:40:00, -84.2, 9.5, 10, 10, 0, 100, 100, 0, 104, 90, -15.6
02/16/2023 23:41:00, -84.2, 9.5, 10, 10, 0, 100, 100, 0, 105, 91, -15.7
02/16/2023 23:42:00, -84.2, 9.4, 10, 10, 0, 100, 100, 0, 104, 90, -15.6
02/16/2023 23:43:00, -84.3, 9.5, 10, 10, 0, 100, 100, 0, 104, 91, -15.7
02/16/2023 23:44:00, -84.2, 9.5, 10, 10, 0, 100, 100, 0, 104, 91, -15.7
02/16/2023 23:45:00, -84.2, 9.5, 10, 10, 0, 100, 100, 0, 104, 90, -15.6
02/16/2023 23:46:00, -84.2, 9.4, 10, 10, 0, 100, 100, 0, 104, 90, -15.7
02/16/2023 23:47:00, -84.2, 9.5, 10, 10, 0, 100, 100, 0, 104, 91, -15.7
02/16/2023 23:48:00, -84.2, 9.5, 10, 10, 0, 100, 101, 0, 104, 91, -15.6
02/16/2023 23:49:00, -84.2, 9.5, 10, 10, 0, 100, 100, 0, 104, 91, -15.6
02/16/2023 23:50:00, -84.2, 9.5, 10, 10, 0, 100, 99, 0, 103, 90, -15.6
02/16/2023 23:51:00, -84.2, 9.5, 9.9, 10, 0, 100, 100, 0, 104, 90, -15.6
02/16/2023 23:52:00, -84.2, 9.5, 10, 10, 0, 100, 100, 0, 104, 91, -15.6
02/16/2023 23:53:00, -84.2, 9.5, 9.9, 10, 0, 100, 100, 0, 104, 90, -15.7
02/16/2023 23:54:00, -84.2, 9.5, 10, 10, 0, 100, 101, 0, 104, 91, -15.7
02/16/2023 23:55:00, -84.2, 9.5, 10, 10, 0, 100, 100, 0, 103, 90, -15.6
02/16/2023 23:56:00, -84.1, 9.5, 10, 10, 0, 100, 100, 0, 104, 91, -15.7
02/16/2023 23:57:00, -84.1, 9.5, 9.9, 10, 0, 100, 100, 0, 104, 91, -15.7
02/16/2023 23:58:00, -84.2, 9.5, 10, 10, 0, 100, 100, 0, 104, 90, -15.7
02/16/2023 23:59:00, -84.2, 9.5, 10, 10, 0, 100, 100, 0, 104, 90, -15.7
02/17/2023, -84.2, 9.5, 10, 10, 0, 100, 100, 0, 103, 90, -15.6
02/17/2023 00:01:00, -84.2, 9.5, 10, 10, 0, 100, 100, 0, 103, 90, -15.7
02/17/2023 00:02:00, -84.1, 9.5, 9.9, 10, 0, 100, 100, 0, 103, 90, -15.7
02/17/2023 00:03:00, -84.1, 9.5, 10, 10, 0, 100, 100, 0, 103, 90, -15.7
02/17/2023 00:04:00, -84.2, 9.5, 10, 10, 0, 100, 100, 0, 103, 90, -15.7
02/17/2023 00:05:00, -84.1, 9.5, 10, 10, 0, 100, 100, 0, 104, 91, -15.7
02/17/2023 00:06:00, -84, 9.4, 10, 10, 0, 100, 99, 0, 103, 90, -15.7
02/17/2023 00:07:00, -84.1, 9.5, 10, 10, 0, 100, 101, 0, 104, 91, -15.7
02/17/2023 00:08:00, -84.1, 9.5, 10, 10, 0, 100, 100, 0, 104, 90, -15.7
02/17/2023 00:09:00, -84.2, 9.5, 10, 10, 0, 100, 100, 0, 104, 90, -15.7
02/17/2023 00:10:00, -84.2, 9.5, 10, 10, 0, 100, 100, 0, 103, 90, -15.7
02/17/2023 00:11:00, -84.1, 9.5, 10, 10, 0, 100, 100, 0, 103, 90, -15.7
02/17/2023 00:12:00, -84.2, 9.5, 9.9, 10, 0, 100, 100, 0, 104, 91, -15.7
02/17/2023 00:13:00, -84.1, 9.4, 10, 10, 0, 100, 100, 0, 103, 90, -15.7
02/17/2023 00:14:00, -84.1, 9.5, 10, 10, 0, 100, 100, 0, 103, 90, -15.7
02/17/2023 00:15:00, -84.1, 9.5, 10, 10, 0, 100, 99, 0, 102, 89, -15.7
02/17/2023 00:16:00, -84.1, 9.5, 10, 10, 0, 100, 100, 0, 103, 90, -15.7
02/17/2023 00:17:00, -84.1, 9.5, 10, 10, 0, 100, 100, 0, 103, 91, -15.7
02/17/2023 00:18:00, -84.1, 9.5, 9.9, 10, 0, 100, 100, 0, 103, 90, -15.7
02/17/2023 00:19:00, -84, 9.5, 10, 10, 0, 100, 100, 0, 103, 90, -15.7
02/17/2023 00:20:00, -84, 9.5, 10, 10, 0, 100, 99, 0, 103, 90, -15.7
02/17/2023 00:21:00, -84.1, 9.5, 10, 10, 0, 100, 100, 0, 103, 90, -15.7
02/17/2023 00:22:00, -84, 9.5, 9.9, 10, 0, 100, 101, 0, 104, 91, -15.7
02/17/2023 00:23:00, -84, 9.5, 10, 10, 0, 100, 101, 0, 104, 91, -15.7
02/17/2023 00:24:00, -84, 9.5, 10, 10, 0, 100, 101, 0, 104, 91, -15.7
02/17/2023 00:25:00, -84, 9.5, 10, 10, 0, 100, 100, 0, 103, 90, -15.7
02/17/2023 00:26:00, -84.1, 9.5, 10, 10, 0, 100, 100, 0, 103, 90, -15.7
02/17/2023 00:27:00, -84, 9.5, 10, 10, 0, 100, 100, 0, 103, 91, -15.7
02/17/2023 00:28:00, -84, 9.5, 10, 10, 0, 100, 100, 0, 103, 90, -15.7
02/17/2023 00:29:00, -84, 9.5, 10, 10, 0, 100, 100, 0, 103, 90, -15.7
02/17/2023 00:30:00, -84, 9.5, 9.9, 10, 0, 100, 100, 0, 103, 90, -15.7
