Timestamp, SPLYO.CONDENSER_TEMPERATURE.F_CV, SPLYO.SHELF_OUTLET.F_CV, SPLYO.SHELF_INLET.F_CV, SPLYO.SHELF_SP.F_CV, SPLYO.TC_AVG.F_CV, SPLYO.VACUUM_SP.F_CV, SPLYO.CHAMBER_CM.F_CV, SPLYO.ROUGH_VACUUM.F_CV, SPLYO.CHAMBER_PIRANI.F_CV, SPLYO.CONDENSER_VACUUM.F_CV, SPLYO.CHAMBER_PRESSURE.F_CV
5/7/2023 2:31,-88.8,18.9,19.9,19.6,999.9,0,2100,505,1047,2100,-6
5/7/2023 2:32,-88.1,18.7,19.5,19.1,999.9,0,2100,506,1047,2100,-6
5/7/2023 2:33,-87.7,18.3,19,18.6,999.9,0,2100,506,1047,2100,-6
5/7/2023 2:34,-87.5,17.8,18.5,18.1,999.9,0,2100,505,1047,2100,-6
5/7/2023 2:35,-87.3,17.3,17.9,17.6,999.9,0,2100,505,1047,2100,-6
5/7/2023 2:36,-86.9,16.7,17.3,17.1,999.9,0,2100,504,1047,2100,-6
5/7/2023 2:37,-87,16.2,16.8,16.6,999.9,0,2100,504,1047,2100,-6
5/7/2023 2:38,-87.1,15.7,16.3,16.1,999.9,0,2100,503,1047,2100,-6.1
5/7/2023 2:39,-86.9,15.2,15.7,15.6,999.9,0,2100,503,1047,2100,-6.1
5/7/2023 2:40,-86.8,14.7,15.2,15.1,999.9,0,2100,502,1047,2100,-6.1
5/7/2023 2:41,-86.7,14.2,14.7,14.6,999.9,0,2100,501,1047,2100,-6.1
5/7/2023 2:42,-86.7,13.7,14.3,14.1,999.9,0,2100,501,1047,2100,-6.1
5/7/2023 2:43,-86.7,13.2,13.7,13.6,999.9,0,2100,499,1047,2100,-6.1
5/7/2023 2:44,-86.6,12.7,13.3,13.1,999.9,0,2100,499,1047,2100,-6.1
5/7/2023 2:45,-86.4,12.2,12.7,12.6,999.9,0,2100,499,1047,2100,-6.1
5/7/2023 2:46,-86.4,11.8,12.2,12.1,999.9,0,2100,498,1047,2100,-6.2
5/7/2023 2:47,-86.4,11.3,11.8,11.6,999.9,0,2100,497,1047,2100,-6.2
5/7/2023 2:48,-86.4,10.8,11.3,11.1,999.9,0,2100,497,1047,2100,-6.2
5/7/2023 2:49,-86.3,10.3,10.7,10.6,999.9,0,2100,496,1047,2100,-6.2
5/7/2023 2:50,-86,9.8,10.2,10.1,999.9,0,2100,495,1047,2100,-6.2
5/7/2023 2:51,-86,9.3,9.7,9.6,999.9,0,2100,494,1047,2100,-6.2
5/7/2023 2:52,-86,8.9,9.3,9.1,999.9,0,2100,494,1047,2100,-6.2
5/7/2023 2:53,-86,8.4,8.8,8.6,999.9,0,2100,493,1047,2100,-6.2
5/7/2023 2:54,-86,7.9,8.3,8.1,999.9,0,2100,493,1047,2100,-6.2
5/7/2023 2:55,-85.9,7.3,7.7,7.6,999.9,0,2100,492,1047,2100,-6.2
5/7/2023 2:56,-85.8,6.9,7.2,7.1,999.9,0,2100,491,1047,2100,-6.3
5/7/2023 2:57,-85.8,6.4,6.8,6.6,999.9,0,2100,490,1047,2100,-6.3
5/7/2023 2:58,-85.8,5.9,6.3,6.1,999.9,0,2100,490,1047,2100,-6.3
5/7/2023 2:59,-85.7,5.4,5.7,5.6,999.9,0,2100,489,1047,2100,-6.3
5/7/2023 3:00,-85.8,4.8,5.2,5.1,999.9,0,2100,488,1047,2100,-6.3
5/7/2023 3:01,-85.7,4.4,4.7,4.6,999.9,0,2100,488,1047,2100,-6.3
5/7/2023 3:02,-85.7,3.9,4.3,4.1,999.9,0,2100,487,1047,2100,-6.3
5/7/2023 3:03,-85.6,3.4,3.7,3.6,999.9,0,2100,486,1047,2100,-6.3
5/7/2023 3:04,-85.5,2.9,3.3,3.1,999.9,0,2100,486,1047,2100,-6.3
5/7/2023 3:05,-85.5,2.4,2.8,2.6,999.9,0,2100,485,1047,2100,-6.3
5/7/2023 3:06,-85.5,1.9,2.3,2.1,999.9,0,2100,484,1047,2100,-6.4
5/7/2023 3:07,-85.5,1.4,1.8,1.6,999.9,0,2100,483,1047,2100,-6.4
5/7/2023 3:08,-85.3,0.9,1.3,1.1,999.9,0,2100,483,1047,2100,-6.4
5/7/2023 3:09,-85.3,0.4,0.8,0.6,999.9,0,2100,482,1047,2100,-6.4
5/7/2023 3:10,-85.3,-0.1,0.3,0.1,999.9,0,2100,481,1047,2100,-6.4
5/7/2023 3:11,-85.1,-0.6,-0.2,-0.4,999.9,0,2100,480,1047,2100,-6.4
5/7/2023 3:12,-85.1,-1.1,-0.7,-0.9,999.9,0,2100,480,1047,2100,-6.4
5/7/2023 3:13,-85.1,-1.5,-1.2,-1.4,999.9,0,2100,479,1047,2100,-6.4
5/7/2023 3:14,-85.1,-2,-1.7,-1.9,999.9,0,2100,479,1047,2100,-6.4
5/7/2023 3:15,-85,-2.5,-2.2,-2.4,999.9,0,2100,477,1047,2100,-6.4
5/7/2023 3:16,-85,-3,-2.7,-2.9,999.9,0,2100,477,1047,2100,-6.5
5/7/2023 3:17,-84.9,-3.5,-3.2,-3.4,999.9,0,2100,476,1047,2100,-6.5
5/7/2023 3:18,-85,-4,-3.7,-3.9,999.9,0,2100,475,1047,2100,-6.5
5/7/2023 3:19,-84.8,-4.5,-4.2,-4.4,999.9,0,2100,475,1047,2100,-6.5
5/7/2023 3:20,-84.8,-5,-4.7,-4.9,999.9,0,2100,474,1047,2100,-6.5
5/7/2023 3:21,-84.9,-5.5,-5.2,-5.4,999.9,0,2100,473,1047,2100,-6.5
5/7/2023 3:22,-84.8,-5.9,-5.7,-5.8,999.9,0,2100,473,1047,2100,-6.5
5/7/2023 3:23,-84.8,-6.4,-6.2,-6.4,999.9,0,2100,473,1047,2100,-6.5
5/7/2023 3:24,-84.7,-6.9,-6.7,-6.9,999.9,0,2100,473,1047,2100,-6.5
5/7/2023 3:25,-84.6,-7.4,-7.2,-7.3,999.9,0,2100,471,1047,2100,-6.5
5/7/2023 3:26,-84.6,-7.9,-7.7,-7.9,999.9,0,2100,471,1047,2100,-6.6
5/7/2023 3:27,-84.6,-8.4,-8.3,-8.4,999.9,0,2100,470,1047,2100,-6.6
5/7/2023 3:28,-84.5,-9,-8.7,-8.8,999.9,0,2100,469,1047,2100,-6.6
5/7/2023 3:29,-84.5,-9.4,-9.2,-9.4,999.9,0,2100,469,1047,2100,-6.6
5/7/2023 3:30,-84.5,-9.9,-9.7,-9.9,999.9,0,2100,468,1047,2100,-6.6
5/7/2023 3:31,-84.6,-10.4,-10.2,-10.3,999.9,0,2100,467,1047,2100,-6.6
5/7/2023 3:32,-84.5,-10.9,-10.7,-10.8,999.9,0,2100,467,1047,2100,-6.6
5/7/2023 3:33,-84.5,-11.4,-11.2,-11.4,999.9,0,2100,466,1047,2100,-6.6
5/7/2023 3:34,-84.5,-11.9,-11.7,-11.8,999.9,0,2100,465,1047,2100,-6.6
5/7/2023 3:35,-84.5,-12.4,-12.2,-12.3,999.9,0,2100,464,1047,2100,-6.6
5/7/2023 3:36,-84.4,-12.9,-12.7,-12.9,999.9,0,2100,463,1047,2100,-6.6
5/7/2023 3:37,-84.4,-13.4,-13.2,-13.3,999.9,0,2100,463,1047,2100,-6.6
5/7/2023 3:38,-84.4,-13.9,-13.7,-13.8,999.9,0,2100,462,1047,2100,-6.7
5/7/2023 3:39,-84.3,-14.4,-14.2,-14.4,999.9,0,2100,461,1047,2100,-6.7
5/7/2023 3:40,-84.3,-14.9,-14.7,-14.8,999.9,0,2100,461,1047,2100,-6.7
5/7/2023 3:41,-84.2,-15.4,-15.2,-15.3,999.9,0,2100,460,1047,2100,-6.7
5/7/2023 3:42,-84.1,-15.9,-15.7,-15.9,999.9,0,2100,459,1047,2100,-6.7
5/7/2023 3:43,-84.1,-16.4,-16.2,-16.3,999.9,0,2100,459,1047,2100,-6.7
5/7/2023 3:44,-84.1,-16.9,-16.7,-16.8,999.9,0,2100,457,1047,2100,-6.7
5/7/2023 3:45,-84.1,-17.4,-17.3,-17.4,999.9,0,2100,458,1047,2100,-6.7
5/7/2023 3:46,-84.1,-17.9,-17.7,-17.8,999.9,0,2100,457,1047,2100,-6.7
5/7/2023 3:47,-84.1,-18.4,-18.3,-18.3,999.9,0,2100,456,1047,2100,-6.8
5/7/2023 3:48,-84.1,-18.9,-18.7,-18.9,999.9,0,2100,455,1047,2100,-6.8
5/7/2023 3:49,-84.1,-19.3,-19.2,-19.3,999.9,0,2100,455,1047,2100,-6.8
5/7/2023 3:50,-84,-19.8,-19.7,-19.8,999.9,0,2100,454,1047,2100,-6.8
5/7/2023 3:51,-84,-20.3,-20.3,-20.3,999.9,0,2100,454,1047,2100,-6.8
5/7/2023 3:52,-84,-20.8,-20.8,-20.8,999.9,0,2100,452,1047,2100,-6.8
5/7/2023 3:53,-84,-21.2,-21.2,-21.3,999.9,0,2100,451,1047,2100,-6.8
5/7/2023 3:54,-83.9,-21.7,-21.7,-21.8,999.9,0,2100,451,1047,2100,-6.8
5/7/2023 3:55,-83.8,-22.2,-22.2,-22.3,999.9,0,2100,451,1047,2100,-6.8
5/7/2023 3:56,-83.8,-22.7,-22.7,-22.8,999.9,0,2100,450,1047,2100,-6.8
5/7/2023 3:57,-83.7,-23.2,-23.3,-23.3,999.9,0,2100,449,1047,2100,-6.8
5/7/2023 3:58,-83.7,-23.7,-23.8,-23.8,999.9,0,2100,449,1047,2100,-6.9
5/7/2023 3:59,-83.7,-24.2,-24.2,-24.3,999.9,0,2100,449,1047,2100,-6.9
5/7/2023 4:00,-83.7,-24.7,-24.7,-24.8,999.9,0,2100,449,1047,2100,-6.9
5/7/2023 4:01,-83.6,-25.2,-25.2,-25.3,999.9,0,2100,447,1047,2100,-6.9
5/7/2023 4:02,-83.6,-25.6,-25.7,-25.8,999.9,0,2100,447,1047,2100,-6.9
5/7/2023 4:03,-83.6,-26.1,-26.2,-26.3,999.9,0,2100,447,1047,2100,-6.9
5/7/2023 4:04,-83.5,-26.6,-26.7,-26.8,999.9,0,2100,445,1047,2100,-6.9
5/7/2023 4:05,-83.5,-27.1,-27.3,-27.3,999.9,0,2100,446,1047,2100,-6.9
5/7/2023 4:06,-83.4,-27.6,-27.7,-27.8,999.9,0,2100,445,1047,2100,-6.9
5/7/2023 4:07,-83.4,-28.1,-28.2,-28.3,999.9,0,2100,444,1047,2100,-6.9
5/7/2023 4:08,-83.4,-28.6,-28.7,-28.8,999.9,0,2100,443,1047,2100,-6.9
5/7/2023 4:09,-83.4,-29.1,-29.2,-29.3,999.9,0,2100,442,1047,2100,-7
5/7/2023 4:10,-83.4,-29.6,-29.7,-29.8,999.9,0,2100,443,1047,2100,-7
5/7/2023 4:11,-83.3,-30.1,-30.3,-30.3,999.9,0,2100,442,1047,2100,-7
5/7/2023 4:12,-83.3,-30.6,-30.8,-30.8,999.9,0,2100,441,1047,2100,-7
5/7/2023 4:13,-83.2,-31.1,-31.3,-31.3,999.9,0,2100,440,1047,2100,-7
5/7/2023 4:14,-83.2,-31.6,-31.8,-31.8,999.9,0,2100,440,1047,2100,-7
5/7/2023 4:15,-83.2,-32,-32.3,-32.3,999.9,0,2100,439,1047,2100,-7
5/7/2023 4:16,-83.2,-32.6,-32.8,-32.8,999.9,0,2100,438,1047,2100,-7
5/7/2023 4:17,-83.2,-33,-33.3,-33.4,999.9,0,2100,438,1047,2100,-7
5/7/2023 4:18,-83.2,-33.5,-33.8,-33.9,999.9,0,2100,437,1047,2100,-7
5/7/2023 4:19,-83.1,-34,-34.2,-34.4,999.9,0,2100,436,1047,2100,-7.1
5/7/2023 4:20,-83.2,-34.5,-34.7,-34.9,999.9,0,2100,436,1047,2100,-7.1
5/7/2023 4:21,-83.1,-35,-35.2,-35.4,999.9,0,2100,435,1047,2100,-7.1
5/7/2023 4:22,-83.1,-35.5,-35.8,-35.9,999.9,0,2100,435,1047,2100,-7.1
5/7/2023 4:23,-83.1,-36,-36.3,-36.4,999.9,0,2100,434,1047,2100,-7.1
5/7/2023 4:24,-83,-36.5,-36.8,-36.9,999.9,0,2100,433,1047,2100,-7.1
5/7/2023 4:25,-83,-37,-37.3,-37.4,999.9,0,2100,433,1047,2100,-7.1
5/7/2023 4:26,-83,-37.5,-37.8,-37.9,999.9,0,2100,433,1047,2100,-7.1
5/7/2023 4:27,-83,-38,-38.3,-38.4,999.9,0,2100,432,1047,2100,-7.1
5/7/2023 4:28,-83,-38.4,-38.7,-38.9,999.9,0,2100,432,1047,2100,-7.1
5/7/2023 4:29,-83,-38.9,-39.3,-39.4,999.9,0,2100,431,1047,2100,-7.1
5/7/2023 4:30,-82.9,-39.4,-39.8,-39.9,999.9,0,2100,431,1047,2100,-7.1
5/7/2023 4:31,-83.1,-39.9,-40.2,-40,999.9,0,2100,430,1047,2100,-7.2
5/7/2023 4:32,-83.4,-40.2,-40.3,-40,999.9,0,2100,430,1047,2100,-7.2
5/7/2023 4:33,-83.7,-40.4,-40.3,-40,999.9,0,2100,429,1047,2100,-7.2
5/7/2023 4:34,-84.1,-40.5,-40.2,-40,999.9,0,2100,429,1047,2100,-7.2
5/7/2023 4:35,-84.4,-40.4,-40.2,-40,999.9,0,2100,428,1047,2100,-7.2
5/7/2023 4:36,-84.6,-40.4,-40.1,-40,999.9,0,2100,428,1047,2100,-7.2
5/7/2023 4:37,-84.7,-40.3,-40,-40,999.9,0,2100,428,1047,2100,-7.2
5/7/2023 4:38,-84.9,-40.2,-40,-40,999.9,0,2100,427,1047,2100,-7.2
5/7/2023 4:39,-85,-40.2,-40,-40,999.9,0,2100,427,1047,2100,-7.2
5/7/2023 4:40,-85,-40.2,-40,-40,999.9,0,2100,427,1047,2100,-7.2
5/7/2023 4:41,-85.1,-40.2,-40,-40,999.9,0,2100,426,1047,2100,-7.2
5/7/2023 4:42,-85.1,-40.2,-40,-40,999.9,0,2100,425,1047,2100,-7.2
5/7/2023 4:43,-85.2,-40.2,-40,-40,999.9,0,2100,426,1047,2100,-7.2
5/7/2023 4:44,-85.3,-40.2,-39.9,-40,999.9,0,2100,425,1047,2100,-7.2
5/7/2023 4:45,-85.3,-40.2,-39.9,-40,999.9,0,2100,425,1047,2100,-7.2
5/7/2023 4:46,-85.4,-40.2,-40,-40,999.9,0,2100,424,1047,2100,-7.2
5/7/2023 4:47,-85.4,-40.2,-40,-40,999.9,0,2100,425,1047,2100,-7.2
5/7/2023 4:48,-85.5,-40.2,-40,-40,999.9,0,2100,424,1047,2100,-7.2
5/7/2023 4:49,-85.6,-40.2,-39.9,-40,999.9,0,2100,424,1047,2100,-7.3
5/7/2023 4:50,-85.6,-40.2,-39.9,-40,999.9,0,2100,423,1047,2100,-7.3
5/7/2023 4:51,-85.7,-40.2,-40,-40,999.9,0,2100,423,1047,2100,-7.3
5/7/2023 4:52,-85.7,-40.2,-40,-40,999.9,0,2100,423,1047,2100,-7.3
5/7/2023 4:53,-85.7,-40.2,-40,-40,999.9,0,2100,423,1047,2100,-7.3
5/7/2023 4:54,-85.7,-40.2,-40,-40,999.9,0,2100,422,1047,2100,-7.3
5/7/2023 4:55,-85.8,-40.2,-40,-40,999.9,0,2100,421,1047,2100,-7.3
5/7/2023 4:56,-85.8,-40.2,-40,-40,999.9,0,2100,422,1047,2100,-7.3
5/7/2023 4:57,-85.8,-40.3,-40,-40,999.9,0,2100,421,1047,2100,-7.3
5/7/2023 4:58,-85.9,-40.2,-40,-40,999.9,0,2100,421,1047,2100,-7.3
5/7/2023 4:59,-85.8,-40.3,-40,-40,999.9,0,2100,421,1047,2100,-7.3
5/7/2023 5:00,-85.9,-40.3,-40,-40,999.9,0,2100,421,1047,2100,-7.3
5/7/2023 5:01,-85.8,-40.3,-40,-40,999.9,0,2100,420,1047,2100,-7.3
5/7/2023 5:02,-85.9,-40.3,-40,-40,999.9,0,2100,421,1047,2100,-7.3
5/7/2023 5:03,-85.9,-40.3,-40,-40,999.9,0,2100,420,1047,2100,-7.3
5/7/2023 5:04,-85.9,-40.3,-40,-40,999.9,0,2100,420,1047,2100,-7.3
5/7/2023 5:05,-85.9,-40.3,-40,-40,999.9,0,2100,420,1047,2100,-7.3
5/7/2023 5:06,-85.8,-40.3,-40,-40,999.9,0,2100,419,1047,2100,-7.3
5/7/2023 5:07,-85.8,-40.3,-40,-40,999.9,0,2100,419,1047,2100,-7.3
5/7/2023 5:08,-85.9,-40.3,-40,-40,999.9,0,2100,419,1047,2100,-7.3
5/7/2023 5:09,-85.9,-40.3,-40,-40,999.9,0,2100,419,1047,2100,-7.3
5/7/2023 5:10,-85.9,-40.3,-40,-40,999.9,0,2100,419,1047,2100,-7.3
5/7/2023 5:11,-85.8,-40.3,-40,-40,999.9,0,2100,419,1047,2100,-7.3
5/7/2023 5:12,-85.9,-40.4,-40,-40,999.9,0,2100,419,1047,2100,-7.3
5/7/2023 5:13,-85.9,-40.3,-40,-40,999.9,0,2100,419,1047,2100,-7.3
5/7/2023 5:14,-85.9,-40.4,-39.9,-40,999.9,0,2100,419,1047,2100,-7.3
5/7/2023 5:15,-85.9,-40.3,-40,-40,999.9,0,2100,419,1047,2100,-7.3
5/7/2023 5:16,-86,-40.4,-40,-40,999.9,0,2100,419,1047,2100,-7.3
5/7/2023 5:17,-86,-40.4,-40,-40,999.9,0,2100,418,1047,2100,-7.3
5/7/2023 5:18,-86,-40.3,-40,-40,999.9,0,2100,418,1047,2100,-7.3
5/7/2023 5:19,-86.1,-40.4,-40,-40,999.9,0,2100,418,1047,2100,-7.3
5/7/2023 5:20,-86.1,-40.4,-40,-40,999.9,0,2100,418,1047,2100,-7.3
5/7/2023 5:21,-86.1,-40.4,-40,-40,999.9,0,2100,418,1047,2100,-7.3
5/7/2023 5:22,-86.1,-40.3,-40,-40,999.9,0,2100,417,1047,2100,-7.3
5/7/2023 5:23,-86.1,-40.4,-40,-40,999.9,0,2100,417,1047,2100,-7.3
5/7/2023 5:24,-86.1,-40.4,-40,-40,999.9,0,2100,417,1047,2100,-7.3
5/7/2023 5:25,-86.2,-40.4,-40,-40,999.9,0,2100,417,1047,2100,-7.4
5/7/2023 5:26,-86.1,-40.4,-40,-40,999.9,0,2100,417,1047,2100,-7.4
5/7/2023 5:27,-86.2,-40.4,-40,-40,999.9,0,2100,417,1047,2100,-7.4
5/7/2023 5:28,-86.2,-40.4,-40,-40,999.9,0,2100,417,1047,2100,-7.4
5/7/2023 5:29,-86.2,-40.4,-40,-40,999.9,0,2100,416,1047,2100,-7.4
5/7/2023 5:30,-86.3,-40.4,-39.8,-39.6,999.9,0,2100,416,1047,2100,-7.4
5/7/2023 5:31,-86.7,-40.2,-39.5,-39.1,999.9,0,2100,416,1047,2100,-7.4
5/7/2023 5:32,-87.2,-39.9,-39,-38.6,999.9,0,2100,416,1047,2100,-7.4
5/7/2023 5:33,-87.6,-39.4,-38.4,-38.1,999.9,0,2100,416,1047,2100,-7.4
5/7/2023 5:34,-88.1,-38.9,-37.8,-37.6,999.9,0,2100,416,1047,2100,-7.4
5/7/2023 5:35,-88.3,-38.4,-37.3,-37.1,999.9,0,2100,417,1047,2100,-7.4
5/7/2023 5:36,-88.5,-37.8,-36.7,-36.6,999.9,0,2100,416,1047,2100,-7.4
5/7/2023 5:37,-88.6,-37.3,-36.2,-36.1,999.9,0,2100,416,1047,2100,-7.4
5/7/2023 5:38,-88.8,-36.7,-35.7,-35.6,999.9,0,2100,417,1047,2100,-7.4
5/7/2023 5:39,-88.8,-36.2,-35.2,-35.2,999.9,0,2100,418,1047,2100,-7.4
5/7/2023 5:40,-88.9,-35.7,-34.7,-34.6,999.9,0,2100,417,1047,2100,-7.3
5/7/2023 5:41,-89,-35.2,-34.1,-34.1,999.9,0,2100,417,1047,2100,-7.3
5/7/2023 5:42,-89.1,-34.7,-33.6,-33.7,999.9,0,2100,417,1047,2100,-7.4
5/7/2023 5:43,-89.2,-34.3,-33.1,-33.1,999.9,0,2100,418,1047,2100,-7.3
5/7/2023 5:44,-89.3,-33.8,-32.6,-32.6,999.9,0,2100,418,1047,2100,-7.3
5/7/2023 5:45,-89.3,-33.3,-32.2,-32.2,999.9,0,2100,418,1047,2100,-7.3
5/7/2023 5:46,-89.3,-32.8,-31.7,-31.6,999.9,0,2100,418,1047,2100,-7.3
5/7/2023 5:47,-89.3,-32.4,-31.2,-31.1,999.9,0,2100,418,1047,2100,-7.3
5/7/2023 5:48,-89.4,-31.9,-30.7,-30.7,999.9,0,2100,419,1047,2100,-7.3
5/7/2023 5:49,-89.1,-31.3,-30.2,-30.2,999.9,0,2100,419,1047,2100,-7.3
5/7/2023 5:50,-88.8,-30.9,-29.7,-29.6,999.9,0,2100,419,1047,2100,-7.3
5/7/2023 5:51,-88.8,-30.4,-29.2,-29.2,999.9,0,2100,419,1047,2100,-7.3
5/7/2023 5:52,-88.8,-29.9,-28.7,-28.7,999.9,0,2100,419,1047,2100,-7.3
5/7/2023 5:53,-88.9,-29.4,-28.2,-28.1,999.9,0,2100,419,1047,2100,-7.3
5/7/2023 5:54,-88.9,-28.9,-27.7,-27.7,999.9,0,2100,419,1047,2100,-7.3
5/7/2023 5:55,-88.9,-28.4,-27.2,-27.2,999.9,0,2100,420,1047,2100,-7.3
5/7/2023 5:56,-89,-27.9,-26.7,-26.6,999.9,0,2100,420,1047,2100,-7.3
5/7/2023 5:57,-89,-27.4,-26.1,-26.2,999.9,0,2100,420,1047,2100,-7.3
5/7/2023 5:58,-89.1,-26.9,-25.6,-25.7,999.9,0,2100,420,1047,2100,-7.3
5/7/2023 5:59,-89,-26.4,-25.2,-25.1,999.9,0,2100,421,1047,2100,-7.3
5/7/2023 6:00,-89.1,-26,-24.6,-24.7,999.9,0,2100,420,1047,2100,-7.3
5/7/2023 6:01,-89.1,-25.5,-24.1,-24.2,999.9,0,2100,421,1047,2100,-7.2
5/7/2023 6:02,-89.1,-25,-23.7,-23.7,999.9,0,2100,421,1047,2100,-7.2
5/7/2023 6:03,-89,-24.5,-23.2,-23.2,999.9,0,2100,421,1047,2100,-7.2
5/7/2023 6:04,-89.1,-24,-22.7,-22.7,999.9,0,2100,422,1047,2100,-7.2
5/7/2023 6:05,-89.3,-23.5,-22.1,-22.2,999.9,0,2100,422,1047,2100,-7.2
5/7/2023 6:06,-89.4,-23,-21.6,-21.7,999.9,0,2100,422,1047,2100,-7.2
5/7/2023 6:07,-89.4,-22.5,-21.2,-21.2,999.9,0,2100,423,1047,2100,-7.2
5/7/2023 6:08,-89.5,-22,-20.6,-20.7,999.9,0,2100,423,1047,2100,-7.2
5/7/2023 6:09,-89.5,-21.5,-20.2,-20.2,999.9,0,2100,423,1047,2100,-7.2
5/7/2023 6:10,-89.5,-21,-19.7,-19.7,999.9,0,2100,424,1047,2100,-7.2
5/7/2023 6:11,-89.5,-20.5,-19.2,-19.2,999.9,0,2100,424,1047,2100,-7.2
5/7/2023 6:12,-89.5,-20.1,-18.7,-18.7,999.9,0,2100,425,1047,2100,-7.2
5/7/2023 6:13,-89.5,-19.5,-18.2,-18.2,999.9,0,2100,425,1047,2100,-7.2
5/7/2023 6:14,-89.3,-19.1,-17.7,-17.7,999.9,0,2100,426,1047,2100,-7.2
5/7/2023 6:15,-89.4,-18.6,-17.2,-17.2,999.9,0,2100,426,1047,2100,-7.2
5/7/2023 6:16,-89.4,-18.1,-16.7,-16.7,999.9,0,2100,426,1047,2100,-7.1
5/7/2023 6:17,-89.5,-17.6,-16.2,-16.2,999.9,0,2100,427,1047,2100,-7.1
5/7/2023 6:18,-89.5,-17.1,-15.7,-15.7,999.9,0,2100,427,1047,2100,-7.1
5/7/2023 6:19,-89.6,-16.6,-15.1,-15.2,999.9,0,2100,427,1047,2100,-7.1
5/7/2023 6:20,-89.3,-16.1,-14.8,-15,999.9,0,2100,428,1047,2100,-7.1
5/7/2023 6:21,-88.9,-15.8,-14.7,-15,999.9,0,2100,428,1047,2100,-7.1
5/7/2023 6:22,-88.5,-15.7,-14.8,-15,999.9,0,2100,428,1047,2100,-7.1
5/7/2023 6:23,-88.4,-15.7,-14.8,-15,999.9,0,2100,429,1047,2100,-7.1
5/7/2023 6:24,-88.4,-15.8,-14.8,-15,999.9,0,2100,429,1047,2100,-7.1
5/7/2023 6:25,-88.4,-15.8,-14.8,-15,999.9,0,2100,429,1047,2100,-7.1
5/7/2023 6:26,-88.3,-15.8,-14.9,-15,999.9,0,2100,429,1047,2100,-7.1
5/7/2023 6:27,-88.2,-15.8,-15,-15,999.9,0,2100,429,1047,2100,-7.1
5/7/2023 6:28,-88.1,-15.9,-15,-15,999.9,0,2100,429,1047,2100,-7.1
5/7/2023 6:29,-88,-15.9,-15,-15,999.9,0,2100,429,1047,2100,-7.1
5/7/2023 6:30,-87.9,-15.9,-15,-15,999.9,0,2100,429,1047,2100,-7.1
5/7/2023 6:31,-88.1,-15.9,-14.9,-15,999.9,0,2100,430,1047,2100,-7.1
5/7/2023 6:32,-88.2,-15.9,-15,-15,999.9,0,2100,430,1047,2100,-7.1
5/7/2023 6:33,-88,-15.9,-15,-15,999.9,0,2100,430,1047,2100,-7.1
5/7/2023 6:34,-88,-15.9,-15,-15,999.9,0,2100,429,1047,2100,-7.1
5/7/2023 6:35,-88,-15.9,-15,-15,999.9,0,2100,429,1047,2100,-7.1
5/7/2023 6:36,-87.9,-15.9,-15,-15,999.9,0,2100,430,1047,2100,-7.1
5/7/2023 6:37,-87.9,-15.9,-15,-15,999.9,0,2100,430,1047,2100,-7.1
5/7/2023 6:38,-87.9,-15.9,-15,-15,999.9,0,2100,430,1047,2100,-7.1
5/7/2023 6:39,-87.8,-15.9,-15,-15,999.9,0,2100,430,1047,2100,-7.1
5/7/2023 6:40,-87.8,-15.9,-15,-15,999.9,0,2100,430,1047,2100,-7.1
5/7/2023 6:41,-87.9,-15.9,-15,-15,999.9,0,2100,430,1047,2100,-7.1
5/7/2023 6:42,-87.9,-15.9,-15,-15,999.9,0,2100,430,1047,2100,-7.1
5/7/2023 6:43,-87.8,-15.9,-15,-15,999.9,0,2100,431,1047,2100,-7.1
5/7/2023 6:44,-87.8,-15.9,-15,-15,999.9,0,2100,431,1047,2100,-7.1
5/7/2023 6:45,-87.9,-15.9,-15,-15,999.9,0,2100,431,1047,2100,-7.1
5/7/2023 6:46,-87.6,-15.9,-15,-15,999.9,0,2100,431,1047,2100,-7.1
5/7/2023 6:47,-87.8,-15.9,-15,-15,999.9,0,2100,431,1047,2100,-7.1
5/7/2023 6:48,-87.8,-15.9,-15,-15,999.9,0,2100,431,1047,2100,-7.1
5/7/2023 6:49,-87.8,-15.9,-15,-15,999.9,0,2100,431,1047,2100,-7.1
5/7/2023 6:50,-87.8,-15.9,-15,-15,999.9,0,2100,431,1047,2100,-7.1
5/7/2023 6:51,-87.8,-15.9,-15,-15,999.9,0,2100,431,1047,2100,-7.1
5/7/2023 6:52,-87.7,-15.9,-15,-15,999.9,0,2100,431,1047,2100,-7.1
5/7/2023 6:53,-87.6,-15.9,-15,-15,999.9,0,2100,431,1047,2100,-7.1
5/7/2023 6:54,-87.5,-15.9,-15,-15,999.9,0,2100,432,1047,2100,-7.1
5/7/2023 6:55,-87.6,-15.9,-15,-15,999.9,0,2100,431,1047,2100,-7.1
5/7/2023 6:56,-87.7,-15.9,-15,-15,999.9,0,2100,431,1047,2100,-7.1
5/7/2023 6:57,-87.7,-15.9,-15,-15,999.9,0,2100,431,1047,2100,-7.1
5/7/2023 6:58,-87.7,-15.9,-15,-15,999.9,0,2100,432,1047,2100,-7.1
5/7/2023 6:59,-87.7,-15.9,-15,-15,999.9,0,2100,432,1047,2100,-7.1
5/7/2023 7:00,-87.7,-15.9,-15,-15,999.9,0,2100,431,1047,2100,-7.1
5/7/2023 7:01,-87.4,-15.9,-15,-15,999.9,0,2100,432,1047,2100,-7.1
5/7/2023 7:02,-87.6,-15.9,-14.9,-15,999.9,0,2100,432,1047,2100,-7.1
5/7/2023 7:03,-87.6,-15.9,-15,-15,999.9,0,2100,432,1047,2100,-7.1
5/7/2023 7:04,-87.7,-15.8,-15,-15,999.9,0,2100,432,1047,2100,-7.1
5/7/2023 7:05,-87.7,-15.9,-15,-15,999.9,0,2100,432,1047,2100,-7.1
5/7/2023 7:06,-87.6,-15.9,-15,-15,999.9,0,2100,432,1047,2100,-7.1
5/7/2023 7:07,-87.6,-15.9,-15,-15,999.9,0,2100,432,1047,2100,-7.1
5/7/2023 7:08,-87.5,-15.9,-15,-15,999.9,0,2100,432,1047,2100,-7.1
5/7/2023 7:09,-87.4,-15.9,-15,-15,999.9,0,2100,432,1047,2100,-7.1
5/7/2023 7:10,-87.6,-15.9,-15,-15,999.9,0,2100,432,1047,2100,-7.1
5/7/2023 7:11,-87.7,-15.9,-15,-15,999.9,0,2100,432,1047,2100,-7.1
5/7/2023 7:12,-87.6,-15.9,-15,-15,999.9,0,2100,432,1047,2100,-7.1
5/7/2023 7:13,-87.6,-15.9,-15,-15,999.9,0,2100,432,1047,2100,-7.1
5/7/2023 7:14,-87.7,-15.9,-15,-15,999.9,0,2100,432,1047,2100,-7.1
5/7/2023 7:15,-87.4,-15.9,-15,-15,999.9,0,2100,432,1047,2100,-7.1
5/7/2023 7:16,-87.5,-15.9,-15,-15,999.9,0,2100,432,1047,2100,-7.1
5/7/2023 7:17,-87.6,-15.9,-15,-15,999.9,0,2100,433,1047,2100,-7.1
5/7/2023 7:18,-87.7,-15.9,-15,-15,999.9,0,2100,433,1047,2100,-7.1
5/7/2023 7:19,-87.7,-15.8,-15,-15,999.9,0,2100,432,1047,2100,-7.1
5/7/2023 7:20,-87.7,-15.8,-15,-15,999.9,0,2100,432,1047,2100,-7.1
5/7/2023 7:21,-87.7,-15.9,-15,-15,999.9,0,2100,433,1047,2100,-7.1
5/7/2023 7:22,-87.6,-15.9,-15,-15,999.9,0,2100,433,1047,2100,-7.1
5/7/2023 7:23,-87.4,-15.9,-15,-15,999.9,0,2100,433,1047,2100,-7.1
5/7/2023 7:24,-87.5,-15.9,-15,-15,999.9,0,2100,432,1047,2100,-7.1
5/7/2023 7:25,-87.6,-15.9,-15,-15,999.9,0,2100,433,1047,2100,-7.1
5/7/2023 7:26,-87.7,-15.9,-15,-15,999.9,0,2100,433,1047,2100,-7.1
5/7/2023 7:27,-87.6,-15.9,-15,-15,999.9,0,2100,433,1047,2100,-7.1
5/7/2023 7:28,-87.6,-15.8,-15,-15,999.9,0,2100,433,1047,2100,-7.1
5/7/2023 7:29,-87.5,-15.8,-15,-15,999.9,0,2100,432,1047,2100,-7.1
5/7/2023 7:30,-87.3,-15.9,-15,-15,999.9,0,2100,433,1047,2100,-7.1
5/7/2023 7:31,-87.5,-15.9,-15,-15,999.9,0,2100,433,1047,2100,-7.1
5/7/2023 7:32,-87.4,-15.8,-15,-15,999.9,0,2100,433,1047,2100,-7.1
5/7/2023 7:33,-87.5,-15.8,-15,-15,999.9,0,2100,432,1047,2100,-7.1
5/7/2023 7:34,-87.5,-15.9,-15,-15,999.9,0,2100,433,1047,2100,-7.1
5/7/2023 7:35,-87.4,-15.9,-15,-15,999.9,0,2100,433,1047,2100,-7.1
5/7/2023 7:36,-87.5,-15.9,-15,-15,999.9,0,2100,433,1047,2100,-7.1
5/7/2023 7:37,-87.4,-15.9,-15,-15,999.9,0,2100,433,1047,2100,-7.1
5/7/2023 7:38,-87.2,-15.9,-15,-15,999.9,0,2100,433,1047,2100,-7.1
5/7/2023 7:39,-87.4,-15.9,-15,-15,999.9,0,2100,433,1047,2100,-7.1
5/7/2023 7:40,-87.5,-15.8,-15,-15,999.9,0,2100,433,1047,2100,-7.1
5/7/2023 7:41,-87.5,-15.8,-15,-15,999.9,0,2100,433,1047,2100,-7.1
5/7/2023 7:42,-87.6,-15.8,-15,-15,999.9,0,2100,433,1047,2100,-7.1
5/7/2023 7:43,-87.5,-15.8,-15,-15,999.9,0,2100,433,1047,2100,-7.1
5/7/2023 7:44,-87.5,-15.9,-15,-15,999.9,0,2100,433,1047,2100,-7.1
5/7/2023 7:45,-87.4,-15.9,-15,-15,999.9,0,2100,432,1047,2100,-7.1
5/7/2023 7:46,-87.4,-15.9,-15,-15,999.9,0,2100,433,1047,2100,-7.1
5/7/2023 7:47,-87.5,-15.9,-15,-15,999.9,0,2100,433,1047,2100,-7.1
5/7/2023 7:48,-87.6,-15.8,-14.9,-15,999.9,0,2100,433,1047,2100,-7.1
5/7/2023 7:49,-87.6,-15.8,-15,-15,999.9,0,2100,433,1047,2100,-7.1
5/7/2023 7:50,-87.6,-15.8,-15,-15,999.9,0,2100,433,1047,2100,-7.1
5/7/2023 7:51,-87.5,-15.8,-15,-15,999.9,0,2100,433,1047,2100,-7.1
5/7/2023 7:52,-87.5,-15.8,-15,-15,999.9,0,2100,433,1047,2100,-7.1
5/7/2023 7:53,-87.4,-15.9,-15,-15,999.9,0,2100,433,1047,2100,-7.1
5/7/2023 7:54,-87.3,-15.9,-15,-15,999.9,0,2100,433,1047,2100,-7.1
5/7/2023 7:55,-87.5,-15.9,-15,-15,999.9,0,2100,433,1047,2100,-7.1
5/7/2023 7:56,-87.5,-15.8,-15,-15,999.9,0,2100,433,1047,2100,-7.1
5/7/2023 7:57,-87.6,-15.8,-14.9,-15,999.9,0,2100,433,1047,2100,-7.1
5/7/2023 7:58,-87.6,-15.8,-15,-15,999.9,0,2100,433,1047,2100,-7.1
5/7/2023 7:59,-87.5,-15.8,-15,-15,999.9,0,2100,433,1047,2100,-7.1
5/7/2023 8:00,-87.5,-15.8,-15,-15,999.9,0,2100,433,1047,2100,-7.1
5/7/2023 8:01,-87.4,-15.9,-15,-15,999.9,0,2100,433,1047,2100,-7.1
5/7/2023 8:02,-87.4,-15.9,-15,-15,999.9,0,2100,433,1047,2100,-7.1
5/7/2023 8:03,-87.6,-15.9,-15,-15,999.9,0,2100,433,1047,2100,-7
5/7/2023 8:04,-87.6,-15.9,-15,-15,999.9,0,2100,433,1047,2100,-7
5/7/2023 8:05,-87.5,-15.9,-15,-15,999.9,0,2100,433,1047,2100,-7
5/7/2023 8:06,-87.6,-15.9,-15,-15,999.9,0,2100,433,1047,2100,-7
5/7/2023 8:07,-87.5,-15.9,-15,-15,999.9,0,2100,433,1047,2100,-7
5/7/2023 8:08,-87.5,-15.8,-15,-15,999.9,0,2100,433,1047,2100,-7
5/7/2023 8:09,-87.4,-15.9,-15,-15,999.9,0,2100,433,1047,2100,-7
5/7/2023 8:10,-87.5,-15.9,-15,-15,999.9,0,2100,433,1047,2100,-7
5/7/2023 8:11,-87.6,-15.9,-14.9,-15,999.9,0,2100,433,1047,2100,-7
5/7/2023 8:12,-87.6,-15.8,-15,-15,999.9,0,2100,433,1047,2100,-7
5/7/2023 8:13,-87.7,-15.8,-15,-15,999.9,0,2100,433,1047,2100,-7
5/7/2023 8:14,-87.6,-15.9,-15,-15,999.9,0,2100,433,1047,2100,-7
5/7/2023 8:15,-87.6,-15.9,-15,-15,999.9,0,2100,433,1047,2100,-7
5/7/2023 8:16,-87.5,-15.9,-15,-15,999.9,0,2100,433,1047,2100,-7
5/7/2023 8:17,-87.4,-15.9,-15,-15,999.9,0,2100,433,1047,2100,-7
5/7/2023 8:18,-87.5,-15.9,-15,-15,999.9,0,2100,433,1047,2100,-7
5/7/2023 8:19,-87.6,-15.8,-14.9,-15,999.9,0,2100,433,1047,2100,-7
5/7/2023 8:20,-87.6,-15.8,-15,-15,999.9,0,2100,433,1047,2100,-7
5/7/2023 8:21,-87.6,-15.8,-15,-15,999.9,0,2100,433,1047,2100,-7
5/7/2023 8:22,-87.6,-15.8,-15,-15,999.9,0,2100,433,1047,2100,-7
5/7/2023 8:23,-87.5,-15.9,-15,-15,999.9,0,2100,433,1047,2100,-7
5/7/2023 8:24,-87.4,-15.9,-15,-15,999.9,0,2100,433,1047,2100,-7
5/7/2023 8:25,-87.4,-15.9,-15,-15,999.9,0,2100,433,1047,2100,-7
5/7/2023 8:26,-87.6,-15.9,-15,-15,999.9,0,2100,433,1047,2100,-7
5/7/2023 8:27,-87.6,-15.8,-15,-15,999.9,0,2100,433,1047,2100,-7
5/7/2023 8:28,-87.5,-15.8,-15,-15,999.9,0,2100,433,1047,2100,-7
5/7/2023 8:29,-87.5,-15.8,-15,-15,999.9,0,2100,433,1047,2100,-7
5/7/2023 8:30,-87.5,-15.9,-15,-15,999.9,0,2100,433,1047,2100,-7
5/7/2023 8:31,-87.3,-15.9,-15,-15,999.9,0,2100,433,1047,2100,-7
5/7/2023 8:32,-87.3,-15.9,-15,-15,999.9,0,2100,433,1047,2100,-7
5/7/2023 8:33,-87.5,-15.9,-15,-15,999.9,0,2100,433,1047,2100,-7
5/7/2023 8:34,-87.5,-15.8,-15,-15,999.9,0,2100,433,1047,2100,-7
5/7/2023 8:35,-87.5,-15.8,-15,-15,999.9,0,2100,433,1047,2100,-7
5/7/2023 8:36,-87.5,-15.8,-15,-15,999.9,0,2100,433,1047,2100,-7
5/7/2023 8:37,-87.4,-15.8,-15,-15,999.9,0,2100,433,1047,2100,-7
5/7/2023 8:38,-87.3,-15.9,-15,-15,999.9,0,2100,433,1047,2100,-7
5/7/2023 8:39,-87.3,-15.9,-15,-15,999.9,0,2100,433,1047,2100,-7
5/7/2023 8:40,-87.4,-15.9,-15,-15,999.9,0,2100,433,1047,2100,-7
5/7/2023 8:41,-87.5,-15.8,-15,-15,999.9,0,2100,433,1047,2100,-7
5/7/2023 8:42,-87.4,-15.8,-15,-15,999.9,0,2100,433,1047,2100,-7
5/7/2023 8:43,-87.4,-15.8,-15,-15,999.9,0,2100,433,1047,2100,-7
5/7/2023 8:44,-87.4,-15.8,-15,-15,999.9,0,2100,433,1047,2100,-7
5/7/2023 8:45,-87.4,-15.8,-15,-15,999.9,0,2100,433,1047,2100,-7
5/7/2023 8:46,-87.3,-15.9,-15,-15,999.9,0,2100,433,1047,2100,-7
5/7/2023 8:47,-87.4,-15.9,-15,-15,999.9,0,2100,433,1047,2100,-7
5/7/2023 8:48,-87.5,-15.9,-15,-15,999.9,0,2100,433,1047,2100,-7
5/7/2023 8:49,-87.6,-15.8,-15,-15,999.9,0,2100,433,1047,2100,-7
5/7/2023 8:50,-87.6,-15.8,-15,-15,999.9,0,2100,433,1047,2100,-7
5/7/2023 8:51,-87.6,-15.8,-15,-15,999.9,0,2100,433,1047,2100,-7
5/7/2023 8:52,-87.6,-15.9,-15,-15,999.9,0,2100,433,1047,2100,-7
5/7/2023 8:53,-87.6,-15.9,-15,-15,999.9,0,2100,433,1047,2100,-7
5/7/2023 8:54,-87.4,-15.9,-15,-15,999.9,0,2100,433,1047,2100,-7
5/7/2023 8:55,-87.5,-15.9,-15,-15,999.9,0,2100,433,1047,2100,-7
5/7/2023 8:56,-87.6,-15.8,-15,-15,999.9,0,2100,433,1047,2100,-7
5/7/2023 8:57,-87.7,-15.8,-14.9,-15,999.9,0,2100,433,1047,2100,-7
5/7/2023 8:58,-87.7,-15.8,-15,-15,999.9,0,2100,433,1047,2100,-7
5/7/2023 8:59,-87.6,-15.8,-15,-15,999.9,0,2100,433,1047,2100,-7
5/7/2023 9:00,-87.6,-15.9,-15,-15,999.9,0,2100,433,1047,2100,-7
5/7/2023 9:01,-87.5,-15.9,-15,-15,999.9,0,2100,433,1047,2100,-7
5/7/2023 9:02,-87.6,-15.9,-15,-15,999.9,0,2100,433,1047,2100,-7
5/7/2023 9:03,-87.6,-15.9,-15,-15,999.9,0,2100,433,1047,2100,-7
5/7/2023 9:04,-87.6,-15.8,-15,-15,999.9,0,2100,433,1047,2100,-7
5/7/2023 9:05,-87.5,-15.9,-15,-15,999.9,0,2100,433,1047,2100,-7
5/7/2023 9:06,-87.6,-15.9,-15,-15,999.9,0,2100,433,1047,2100,-7
5/7/2023 9:07,-87.5,-15.9,-15,-15,999.9,0,2100,433,1047,2100,-7
5/7/2023 9:08,-87.4,-15.9,-15,-15,999.9,0,2100,433,1047,2100,-7
5/7/2023 9:09,-87.5,-15.9,-15,-15,999.9,0,2100,433,1047,2100,-7
5/7/2023 9:10,-87.7,-15.8,-15,-15,999.9,0,2100,433,1047,2100,-7
5/7/2023 9:11,-87.6,-15.8,-15,-15,999.9,0,2100,433,1047,2100,-7
5/7/2023 9:12,-87.5,-15.8,-14.9,-15,999.9,0,2100,433,1047,2100,-7
5/7/2023 9:13,-87.5,-15.8,-15,-15,999.9,0,2100,433,1047,2100,-7
5/7/2023 9:14,-87.3,-15.8,-15,-15,999.9,0,2100,433,1047,2100,-7
5/7/2023 9:15,-87.4,-15.9,-15,-15,999.9,0,2100,433,1047,2100,-7
5/7/2023 9:16,-87.6,-15.9,-15,-15,999.9,0,2100,433,1047,2100,-7
5/7/2023 9:17,-87.7,-15.9,-15,-15,999.9,0,2100,433,1047,2100,-7
5/7/2023 9:18,-87.6,-15.8,-15,-15,999.9,0,2100,433,1047,2100,-7
5/7/2023 9:19,-87.7,-15.9,-15,-15,999.9,0,2100,433,1047,2100,-7
5/7/2023 9:20,-87.5,-15.8,-15,-15,999.9,0,2100,433,1047,2100,-7
5/7/2023 9:21,-87.3,-15.9,-15,-15,999.9,0,2100,433,1047,2100,-7
5/7/2023 9:22,-87.4,-15.9,-15,-15,999.9,0,2100,433,1047,2100,-7
5/7/2023 9:23,-87.6,-15.8,-15,-15,999.9,0,2100,433,1047,2100,-7
5/7/2023 9:24,-87.6,-15.8,-15,-15,999.9,0,2100,433,1047,2100,-7
5/7/2023 9:25,-87.5,-15.8,-15,-15,999.9,0,2100,433,1047,2100,-7
5/7/2023 9:26,-87.5,-15.8,-15,-15,999.9,0,2100,433,1047,2100,-7
5/7/2023 9:27,-87.5,-15.8,-15,-15,999.9,0,2100,433,1047,2100,-7
5/7/2023 9:28,-87.4,-15.8,-15,-15,999.9,0,2100,433,1047,2100,-7
5/7/2023 9:29,-87.4,-15.9,-15,-15,999.9,0,2100,433,1047,2100,-7
5/7/2023 9:30,-87.5,-15.9,-15,-15,999.9,0,2100,433,1047,2100,-7
5/7/2023 9:31,-87.6,-15.9,-15,-15,999.9,0,2100,433,1047,2100,-7
5/7/2023 9:32,-87.6,-15.8,-15,-15,999.9,0,2100,433,1047,2100,-7
5/7/2023 9:33,-87.6,-15.8,-15,-15,999.9,0,2100,433,1047,2100,-7
5/7/2023 9:34,-87.6,-15.8,-15,-15,999.9,0,2100,433,1047,2100,-7
5/7/2023 9:35,-87.5,-15.9,-15,-15,999.9,0,2100,433,1047,2100,-7
5/7/2023 9:36,-87.4,-15.9,-15,-15,999.9,0,2100,433,1047,2100,-7
5/7/2023 9:37,-87.5,-15.8,-15,-15,999.9,0,2100,433,1047,2100,-7
5/7/2023 9:38,-87.6,-15.8,-15,-15,999.9,0,2100,433,1047,2100,-7
5/7/2023 9:39,-87.6,-15.8,-15,-15,999.9,0,2100,433,1047,2100,-7
5/7/2023 9:40,-87.6,-15.8,-15,-15,999.9,0,2100,433,1047,2100,-7
5/7/2023 9:41,-87.5,-15.8,-15,-15,999.9,0,2100,433,1047,2100,-7
5/7/2023 9:42,-87.3,-15.9,-15,-15,999.9,0,2100,433,1047,2100,-7
5/7/2023 9:43,-87.4,-15.9,-15,-15,999.9,0,2100,433,1047,2100,-7
5/7/2023 9:44,-87.6,-15.9,-15,-15,999.9,0,2100,433,1047,2100,-7
5/7/2023 9:45,-87.6,-15.9,-15,-15,999.9,0,2100,433,1047,2100,-7
5/7/2023 9:46,-87.6,-15.9,-15,-15,999.9,0,2100,433,1047,2100,-7
5/7/2023 9:47,-87.6,-15.8,-15,-15,999.9,0,2100,433,1047,2100,-7
5/7/2023 9:48,-87.4,-15.9,-15,-15,999.9,0,2100,433,1047,2100,-7
5/7/2023 9:49,-87.5,-15.9,-15,-15,999.9,0,2100,433,1047,2100,-7
5/7/2023 9:50,-87.5,-15.8,-15,-15,999.9,0,2100,433,1047,2100,-7
5/7/2023 9:51,-87.7,-15.8,-15,-15,999.9,0,2100,433,1047,2100,-7
5/7/2023 9:52,-87.6,-15.8,-15,-15,999.9,0,2100,434,1047,2100,-7
5/7/2023 9:53,-87.5,-15.8,-15,-15,999.9,0,2100,433,1047,2100,-7
5/7/2023 9:54,-87.6,-15.8,-15,-15,999.9,0,2100,433,1047,2100,-7
5/7/2023 9:55,-87.4,-15.9,-15,-15,999.9,0,2100,434,1047,2100,-7
5/7/2023 9:56,-87.4,-15.9,-15,-15,999.9,0,2100,433,1047,2100,-7
5/7/2023 9:57,-87.6,-15.9,-15,-15,999.9,0,2100,433,1047,2100,-7
5/7/2023 9:58,-87.7,-15.9,-15,-15,999.9,0,2100,433,1047,2100,-7
5/7/2023 9:59,-87.7,-15.8,-15,-15,999.9,0,2100,433,1047,2100,-7
5/7/2023 10:00,-87.5,-15.8,-15,-15,999.9,0,2100,433,1047,2100,-7
5/7/2023 10:01,-87.6,-15.8,-15,-15,999.9,0,2100,433,1047,2100,-7
5/7/2023 10:02,-87.4,-15.9,-15,-15,999.9,0,2100,433,1047,2100,-7
5/7/2023 10:03,-87.5,-15.9,-15,-15,999.9,0,2100,433,1047,2100,-7
5/7/2023 10:04,-87.6,-15.9,-15,-15,999.9,0,2100,433,1047,2100,-7
5/7/2023 10:05,-87.7,-15.8,-15,-15,999.9,0,2100,433,1047,2100,-7
5/7/2023 10:06,-87.6,-15.8,-15,-15,999.9,0,2100,433,1047,2100,-7
5/7/2023 10:07,-87.7,-15.8,-15,-15,999.9,0,2100,433,1047,2100,-7
5/7/2023 10:08,-87.4,-15.8,-15,-15,999.9,0,2100,433,1047,2100,-7
5/7/2023 10:09,-87.4,-15.9,-15,-15,999.9,0,2100,434,1047,2100,-7
5/7/2023 10:10,-87.5,-15.9,-15,-15,999.9,0,2100,433,1047,2100,-7
5/7/2023 10:11,-87.6,-15.8,-15,-15,999.9,0,2100,433,1047,2100,-7
5/7/2023 10:12,-87.5,-15.8,-15,-15,999.9,0,2100,433,1047,2100,-7
5/7/2023 10:13,-87.4,-15.8,-15,-15,999.9,0,2100,433,1047,2100,-7
5/7/2023 10:14,-87.4,-15.8,-15,-15,999.9,0,2100,433,1047,2100,-7
5/7/2023 10:15,-87.3,-15.8,-15,-15,999.9,0,2100,434,1047,2100,-7
5/7/2023 10:16,-87.3,-15.9,-15,-15,999.9,0,2100,433,1047,2100,-7
5/7/2023 10:17,-87.5,-15.9,-15,-15,999.9,0,2100,434,1047,2100,-7
5/7/2023 10:18,-87.5,-15.8,-15,-15,999.9,0,2100,433,1047,2100,-7
5/7/2023 10:19,-88,-15.9,-14.8,-15,999.9,0,2100,341,1047,2100,-9
5/7/2023 10:20,-88.9,-15.8,-14.9,-15,999.9,0,2100,162,1047,2100,-12.6
5/7/2023 10:21,-89.1,-15.9,-14.9,-15,999.9,0,2100,68,1047,2100,-14.3
5/7/2023 10:22,-89.3,-15.9,-15,-15,999.9,0,2100,32,1047,2100,-15.1
5/7/2023 10:23,-89.6,-15.9,-14.9,-15,999.9,0,2100,15,1047,2100,-15.4
5/7/2023 10:24,-89.4,-15.9,-15,-15,999.9,0,2100,8,1047,2100,-15.6
5/7/2023 10:25,-89.4,-15.9,-15,-15,999.9,0,2100,4,1046,2100,-15.6
5/7/2023 10:26,-89.2,-15.9,-15.1,-15,999.9,0,1875,2,1047,1861,-15.7
5/7/2023 10:27,-89.2,-16,-15,-15,999.9,0,975,1,1048,939,-15.7
5/7/2023 10:28,-89.1,-16.1,-15,-15,999.9,0,276,0,421,261,-15.7
5/7/2023 10:29,-88.9,-16,-14.9,-15,999.9,0,132,0,208,117,-15.7
5/7/2023 10:30,-88.6,-16,-15,-15,999.9,0,84,0,134,69,-15.7
5/7/2023 10:31,-88.7,-16,-14.6,-14.6,999.9,70,70,0,113,56,-15.7
5/7/2023 10:32,-89.1,-15.6,-14.2,-14.1,999.9,70,69,0,112,55,-15.7
5/7/2023 10:33,-89.4,-15.1,-13.6,-13.6,999.9,70,70,0,112,57,-15.7
5/7/2023 10:34,-89.4,-14.6,-13.1,-13.1,999.9,70,69,0,113,57,-15.7
5/7/2023 10:35,-89.2,-14.1,-12.6,-12.6,999.9,70,70,0,113,57,-15.7
5/7/2023 10:36,-89.3,-13.6,-12.1,-12.1,999.9,70,69,0,112,56,-15.7
5/7/2023 10:37,-89.4,-13.1,-11.6,-11.6,999.9,70,70,0,113,56,-15.7
5/7/2023 10:38,-89.3,-12.6,-11.1,-11.1,999.9,70,70,0,114,56,-15.7
5/7/2023 10:39,-89.2,-12.1,-10.6,-10.6,999.9,70,69,0,112,55,-15.7
5/7/2023 10:40,-89.4,-11.6,-10.1,-10.1,999.9,70,69,0,113,55,-15.7
5/7/2023 10:41,-89.3,-11.1,-9.6,-9.6,999.9,70,71,0,115,56,-15.7
5/7/2023 10:42,-89.4,-10.6,-9.1,-9.1,999.9,70,69,0,112,54,-15.7
5/7/2023 10:43,-89.4,-10.1,-8.6,-8.6,999.9,70,71,0,115,56,-15.7
5/7/2023 10:44,-89.3,-9.6,-8.1,-8.1,999.9,70,71,0,114,56,-15.7
5/7/2023 10:45,-89.4,-9.1,-7.6,-7.6,999.9,70,70,0,113,55,-15.7
5/7/2023 10:46,-89.3,-8.6,-7.1,-7.1,999.9,70,71,0,115,56,-15.7
5/7/2023 10:47,-89.5,-8.2,-6.6,-6.6,999.9,70,70,0,113,54,-15.7
5/7/2023 10:48,-89.2,-7.7,-6.1,-6.1,999.9,70,69,0,113,54,-15.7
5/7/2023 10:49,-89.3,-7.2,-5.6,-5.6,999.9,70,70,0,113,54,-15.7
5/7/2023 10:50,-89.5,-6.7,-5.1,-5.1,999.9,70,71,0,115,56,-15.7
5/7/2023 10:51,-89,-6.2,-4.6,-4.6,999.9,70,70,0,113,55,-15.7
5/7/2023 10:52,-89.4,-5.7,-4.1,-4.1,999.9,70,69,0,112,54,-15.7
5/7/2023 10:53,-89.3,-5.2,-3.6,-3.6,999.9,70,69,0,113,54,-15.7
5/7/2023 10:54,-89.1,-4.7,-3.1,-3.1,999.9,70,71,0,116,56,-15.7
5/7/2023 10:55,-89.3,-4.2,-2.6,-2.6,999.9,70,71,0,115,55,-15.7
5/7/2023 10:56,-88.9,-3.7,-2.1,-2.1,999.9,70,69,0,112,54,-15.7
5/7/2023 10:57,-89,-3.2,-1.6,-1.6,999.9,70,70,0,114,54,-15.7
5/7/2023 10:58,-89.1,-2.7,-1.1,-1.1,999.9,70,70,0,114,55,-15.7
5/7/2023 10:59,-89.2,-2.2,-0.6,-0.6,999.9,70,69,0,113,54,-15.7
5/7/2023 11:00,-88.9,-1.7,-0.1,-0.1,999.9,70,71,0,115,55,-15.7
5/7/2023 11:01,-89,-1.2,0.4,0.4,999.9,70,69,0,113,53,-15.7
5/7/2023 11:02,-89.4,-0.7,0.9,0.9,999.9,70,72,0,116,56,-15.7
5/7/2023 11:03,-89.2,-0.3,1.3,1.4,999.9,70,70,0,114,55,-15.7
5/7/2023 11:04,-89.1,0.2,1.8,1.9,999.9,70,70,0,114,54,-15.7
5/7/2023 11:05,-88.7,0.7,2.3,2.4,999.9,70,71,0,116,55,-15.7
5/7/2023 11:06,-89.1,1.2,2.8,2.9,999.9,70,71,0,115,55,-15.7
5/7/2023 11:07,-89.4,1.7,3.3,3.4,999.9,70,70,0,114,54,-15.7
5/7/2023 11:08,-89.5,2.2,3.8,3.9,999.9,70,71,0,116,55,-15.7
5/7/2023 11:09,-89.2,2.7,4.4,4.4,999.9,70,70,0,114,54,-15.7
5/7/2023 11:10,-89.5,3.2,4.9,4.9,999.9,70,70,0,113,54,-15.7
5/7/2023 11:11,-89.5,3.7,5.4,5.4,999.9,70,71,0,115,55,-15.7
5/7/2023 11:12,-89.1,4.2,6,5.9,999.9,70,71,0,116,56,-15.7
5/7/2023 11:13,-89.4,4.7,6.5,6.4,999.9,70,71,0,115,55,-15.7
5/7/2023 11:14,-89.5,5.2,7,6.9,999.9,70,71,0,116,56,-15.7
5/7/2023 11:15,-89.4,5.7,7.4,7.4,999.9,70,70,0,115,55,-15.7
5/7/2023 11:16,-89.2,6.2,7.9,7.9,999.9,70,70,0,114,55,-15.7
5/7/2023 11:17,-89.6,6.7,8.4,8.4,999.9,70,69,0,113,53,-15.7
5/7/2023 11:18,-89.5,7.2,8.9,8.9,999.9,70,70,0,115,54,-15.7
5/7/2023 11:19,-89.3,7.7,9.4,9.4,999.9,70,69,0,114,53,-15.7
5/7/2023 11:20,-89.5,8.2,9.9,9.9,999.9,70,70,0,115,54,-15.7
5/7/2023 11:21,-89.4,8.6,10.3,10,999.9,70,70,0,114,54,-15.7
5/7/2023 11:22,-88.7,8.9,10.2,10,999.9,70,70,0,113,54,-15.7
5/7/2023 11:23,-88.3,8.8,9.9,10,999.9,70,70,0,113,54,-15.7
5/7/2023 11:24,-88.7,8.7,10,10,999.9,70,70,0,114,54,-15.7
5/7/2023 11:25,-89,8.7,10.1,10,999.9,70,69,0,113,53,-15.7
5/7/2023 11:26,-89.1,8.7,10,10,999.9,70,69,0,112,53,-15.7
5/7/2023 11:27,-89,8.7,9.9,10,999.9,70,70,0,114,53,-15.7
5/7/2023 11:28,-89.2,8.7,10,10,999.9,70,69,0,114,53,-15.7
5/7/2023 11:29,-89.2,8.7,10.1,10,999.9,70,70,0,114,54,-15.7
5/7/2023 11:30,-89.1,8.7,10.1,10,999.9,70,70,0,114,54,-15.7
5/7/2023 11:31,-89.2,8.7,10,10,999.9,70,70,0,114,54,-15.7
5/7/2023 11:32,-89.1,8.7,9.9,10,999.9,70,72,0,116,56,-15.7
5/7/2023 11:33,-89.1,8.7,9.9,10,999.9,70,70,0,113,54,-15.7
5/7/2023 11:34,-89.4,8.7,10.1,10,999.9,70,70,0,115,54,-15.7
5/7/2023 11:35,-89.2,8.7,10,10,999.9,70,69,0,113,53,-15.7
5/7/2023 11:36,-89.2,8.7,9.9,10,999.9,70,71,0,115,55,-15.7
5/7/2023 11:37,-89.3,8.7,10,10,999.9,70,71,0,115,54,-15.7
5/7/2023 11:38,-89.2,8.8,10,10,999.9,70,71,0,115,55,-15.7
5/7/2023 11:39,-89.3,8.7,10,10,999.9,70,71,0,115,55,-15.7
5/7/2023 11:40,-89.3,8.7,10,10,999.9,70,69,0,113,53,-15.7
5/7/2023 11:41,-89.3,8.7,10,10,999.9,70,70,0,114,54,-15.7
5/7/2023 11:42,-89.4,8.7,10.1,10,999.9,70,70,0,114,54,-15.7
5/7/2023 11:43,-89.2,8.7,9.9,10,999.9,70,70,0,114,54,-15.7
5/7/2023 11:44,-89.3,8.7,10,10,999.9,70,71,0,116,55,-15.7
5/7/2023 11:45,-89.4,8.7,10.1,10,999.9,70,69,0,113,53,-15.7
5/7/2023 11:46,-89.3,8.7,10.1,10,999.9,70,69,0,113,53,-15.7
5/7/2023 11:47,-89.3,8.7,10.1,10,999.9,70,71,0,116,55,-15.7
5/7/2023 11:48,-89.2,8.8,10,10,999.9,70,70,0,115,54,-15.7
5/7/2023 11:49,-89.3,8.7,10.1,10,999.9,70,70,0,114,54,-15.7
5/7/2023 11:50,-89.2,8.7,9.9,10,999.9,70,69,0,112,53,-15.7
5/7/2023 11:51,-89.3,8.8,10,10,999.9,70,70,0,115,54,-15.7
5/7/2023 11:52,-89.4,8.7,10.1,10,999.9,70,71,0,115,55,-15.7
5/7/2023 11:53,-89.4,8.7,10.1,10,999.9,70,70,0,114,55,-15.7
5/7/2023 11:54,-89.2,8.7,9.9,10,999.9,70,70,0,114,54,-15.7
5/7/2023 11:55,-89.4,8.7,10,10,999.9,70,71,0,115,55,-15.7
5/7/2023 11:56,-89.4,8.8,10,10,999.9,70,71,0,115,55,-15.7
5/7/2023 11:57,-89.4,8.7,10,10,999.9,70,70,0,114,54,-15.7
5/7/2023 11:58,-89.3,8.7,10,10,999.9,70,70,0,114,54,-15.7
5/7/2023 11:59,-89.3,8.8,10,10,999.9,70,71,0,116,55,-15.7
5/7/2023 12:00,-89.3,8.7,10,10,999.9,70,71,0,116,56,-15.7
5/7/2023 12:01,-89.4,8.7,10.1,10,999.9,70,69,0,113,53,-15.7
5/7/2023 12:02,-89.3,8.7,10,10,999.9,70,70,0,114,55,-15.7
5/7/2023 12:03,-89.3,8.7,10,10,999.9,70,71,0,116,55,-15.7
5/7/2023 12:04,-89.3,8.7,10.1,10,999.9,70,71,0,115,55,-15.7
5/7/2023 12:05,-89.3,8.8,10,10,999.9,70,71,0,116,55,-15.7
5/7/2023 12:06,-89.2,8.7,9.9,10,999.9,70,69,0,112,53,-15.7
5/7/2023 12:07,-89.3,8.7,10,10,999.9,70,71,0,116,55,-15.7
5/7/2023 12:08,-89.1,8.7,9.9,10,999.9,70,70,0,114,54,-15.7
5/7/2023 12:09,-89.2,8.7,10,10,999.9,70,71,0,115,55,-15.7
5/7/2023 12:10,-89.2,8.8,10,10,999.9,70,70,0,114,55,-15.7
5/7/2023 12:11,-89.2,8.8,10,10,999.9,70,69,0,113,54,-15.7
5/7/2023 12:12,-89.1,8.7,10,10,999.9,70,69,0,112,53,-15.7
5/7/2023 12:13,-89.1,8.7,9.9,10,999.9,70,70,0,113,54,-15.7
5/7/2023 12:14,-89.1,8.7,10,10,999.9,70,70,0,114,54,-15.7
5/7/2023 12:15,-89.2,8.7,10.1,10,999.9,70,71,0,116,55,-15.7
5/7/2023 12:16,-89.2,8.8,10.1,10,999.9,70,70,0,114,54,-15.7
5/7/2023 12:17,-89.2,8.7,10,10,999.9,70,69,0,113,54,-15.7
5/7/2023 12:18,-89.2,8.8,10,10,999.9,70,71,0,115,56,-15.7
5/7/2023 12:19,-89.1,8.7,10.1,10,999.9,70,70,0,113,54,-15.7
5/7/2023 12:20,-89.2,8.8,10,10,999.9,70,69,0,114,54,-15.7
5/7/2023 12:21,-89.2,8.7,10.1,10,999.9,70,71,0,116,55,-15.7
5/7/2023 12:22,-89.1,8.7,10,10,999.9,70,71,0,115,56,-15.7
5/7/2023 12:23,-88.9,8.8,9.9,10,999.9,70,70,0,114,55,-15.7
5/7/2023 12:24,-89,8.7,10.1,10,999.9,70,70,0,114,55,-15.7
5/7/2023 12:25,-89,8.8,10,10,999.9,70,71,0,116,56,-15.7
5/7/2023 12:26,-89.1,8.8,10.1,10,999.9,70,71,0,116,56,-15.7
5/7/2023 12:27,-89,8.8,10,10,999.9,70,71,0,116,55,-15.7
5/7/2023 12:28,-89,8.7,10,10,999.9,70,71,0,116,56,-15.7
5/7/2023 12:29,-89.2,8.7,10,10,999.9,70,71,0,116,56,-15.7
5/7/2023 12:30,-88.9,8.8,9.9,10,999.9,70,72,0,116,56,-15.7
5/7/2023 12:31,-89,8.8,10,10,999.9,70,71,0,115,56,-15.7
5/7/2023 12:32,-88.9,8.8,9.9,10,999.9,70,70,0,115,55,-15.7
5/7/2023 12:33,-89,8.8,10,10,999.9,70,71,0,116,56,-15.7
5/7/2023 12:34,-89.1,8.8,10,10,999.9,70,71,0,115,56,-15.7
5/7/2023 12:35,-89.1,8.7,10,10,999.9,70,71,0,116,56,-15.7
5/7/2023 12:36,-88.9,8.7,10.1,10,999.9,70,70,0,114,54,-15.7
5/7/2023 12:37,-89.1,8.8,10,10,999.9,70,71,0,115,56,-15.7
5/7/2023 12:38,-89.2,8.8,10,10,999.9,70,69,0,113,54,-15.7
5/7/2023 12:39,-89.3,8.8,10,10,999.9,70,71,0,114,55,-15.7
5/7/2023 12:40,-89.2,8.8,10.1,10,999.9,70,69,0,113,54,-15.7
5/7/2023 12:41,-89.3,8.7,10.1,10,999.9,70,69,0,114,54,-15.7
5/7/2023 12:42,-89.2,8.8,9.9,10,999.9,70,69,0,112,54,-15.7
5/7/2023 12:43,-89.4,8.8,10,10,999.9,70,69,0,113,54,-15.7
5/7/2023 12:44,-89.2,8.8,10,10,999.9,70,71,0,116,57,-15.7
5/7/2023 12:45,-89.3,8.8,10,10,999.9,70,71,0,115,56,-15.7
5/7/2023 12:46,-89.4,8.8,10,10,999.9,70,69,0,114,54,-15.7
5/7/2023 12:47,-89.3,8.8,10,10,999.9,70,71,0,116,56,-15.7
5/7/2023 12:48,-89.3,8.8,10,10,999.9,70,70,0,114,56,-15.7
5/7/2023 12:49,-89.3,8.8,10,10,999.9,70,69,0,113,54,-15.7
5/7/2023 12:50,-89.3,8.8,10,10,999.9,70,71,0,114,56,-15.7
5/7/2023 12:51,-89.1,8.8,9.9,10,999.9,70,71,0,116,57,-15.7
5/7/2023 12:52,-89.2,8.8,10.1,10,999.9,70,69,0,113,55,-15.7
5/7/2023 12:53,-89.1,8.8,9.9,10,999.9,70,71,0,115,56,-15.7
5/7/2023 12:54,-89.3,8.8,10.1,10,999.9,70,70,0,113,55,-15.7
5/7/2023 12:55,-89.2,8.8,10,10,999.9,70,70,0,114,55,-15.7
5/7/2023 12:56,-89.2,8.8,10,10,999.9,70,71,0,114,56,-15.7
5/7/2023 12:57,-89.2,8.8,10.1,10,999.9,70,70,0,114,55,-15.7
5/7/2023 12:58,-89.2,8.7,10,10,999.9,70,71,0,116,56,-15.7
5/7/2023 12:59,-89.2,8.8,10.1,10,999.9,70,70,0,115,56,-15.7
5/7/2023 13:00,-89.2,8.8,10.1,10,999.9,70,69,0,114,55,-15.7
5/7/2023 13:01,-89.2,8.8,10,10,999.9,70,72,0,117,57,-15.7
5/7/2023 13:02,-89.1,8.7,10,10,999.9,70,71,0,116,57,-15.7
5/7/2023 13:03,-89,8.8,10,10,999.9,70,71,0,116,57,-15.7
5/7/2023 13:04,-89.1,8.8,10,10,999.9,70,69,0,113,54,-15.7
5/7/2023 13:05,-89.2,8.8,10,10,999.9,70,71,0,116,56,-15.7
5/7/2023 13:06,-89.1,8.8,9.9,10,999.9,70,71,0,116,56,-15.7
5/7/2023 13:07,-89.2,8.8,10,10,999.9,70,70,0,115,56,-15.7
5/7/2023 13:08,-89.2,8.7,10.1,10,999.9,70,70,0,113,55,-15.7
5/7/2023 13:09,-89.2,8.7,10,10,999.9,70,71,0,116,57,-15.7
5/7/2023 13:10,-89,8.8,10,10,999.9,70,71,0,116,57,-15.7
5/7/2023 13:11,-89.1,8.8,10,10,999.9,70,69,0,112,55,-15.7
5/7/2023 13:12,-89,8.7,10.1,10,999.9,70,70,0,114,55,-15.7
5/7/2023 13:13,-89,8.8,9.9,10,999.9,70,70,0,115,56,-15.7
5/7/2023 13:14,-89.1,8.8,10,10,999.9,70,71,0,116,57,-15.7
5/7/2023 13:15,-89.2,8.8,10,10,999.9,70,69,0,113,55,-15.7
5/7/2023 13:16,-89,8.8,10,10,999.9,70,71,0,116,57,-15.7
5/7/2023 13:17,-89.1,8.8,10,10,999.9,70,70,0,114,55,-15.7
5/7/2023 13:18,-89.2,8.8,10,10,999.9,70,71,0,116,57,-15.7
5/7/2023 13:19,-89.1,8.8,10.1,10,999.9,70,71,0,115,57,-15.7
5/7/2023 13:20,-89,8.8,10,10,999.9,70,70,0,114,56,-15.7
5/7/2023 13:21,-89,8.8,10,10,999.9,70,71,0,116,57,-15.7
5/7/2023 13:22,-89,8.8,10.1,10,999.9,70,69,0,113,55,-15.7
5/7/2023 13:23,-88.9,8.8,9.8,10,999.9,70,69,0,113,55,-15.7
5/7/2023 13:24,-88.9,8.8,10.1,10,999.9,70,70,0,114,56,-15.7
5/7/2023 13:25,-88.9,8.8,10,10,999.9,70,70,0,114,56,-15.7
5/7/2023 13:26,-88.9,8.8,10,10,999.9,70,70,0,113,55,-15.7
5/7/2023 13:27,-88.9,8.8,10,10,999.9,70,70,0,113,56,-15.7
5/7/2023 13:28,-88.8,8.8,9.9,10,999.9,70,71,0,115,57,-15.7
5/7/2023 13:29,-89,8.8,10.1,10,999.9,70,70,0,114,56,-15.7
5/7/2023 13:30,-88.9,8.8,10,10,999.9,70,70,0,114,56,-15.7
5/7/2023 13:31,-89.1,8.8,10.1,10,999.9,70,70,0,113,56,-15.7
5/7/2023 13:32,-88.9,8.8,10.1,10,999.9,70,70,0,114,56,-15.7
5/7/2023 13:33,-88.9,8.8,10.1,10,999.9,70,69,0,113,55,-15.7
5/7/2023 13:34,-88.9,8.8,10,10,999.9,70,70,0,115,57,-15.7
5/7/2023 13:35,-88.9,8.8,10.1,10,999.9,70,70,0,113,56,-15.7
5/7/2023 13:36,-88.9,8.8,10,10,999.9,70,71,0,115,58,-15.7
5/7/2023 13:37,-89,8.8,10,10,999.9,70,70,0,115,57,-15.7
5/7/2023 13:38,-88.9,8.8,10,10,999.9,70,69,0,113,56,-15.7
5/7/2023 13:39,-88.9,8.8,10,10,999.9,70,69,0,113,56,-15.7
5/7/2023 13:40,-88.9,8.8,10,10,999.9,70,69,0,113,56,-15.7
5/7/2023 13:41,-89,8.8,10,10,999.9,70,70,0,114,57,-15.7
5/7/2023 13:42,-88.9,8.8,10,10,999.9,70,70,0,114,56,-15.7
5/7/2023 13:43,-88.8,8.8,9.9,10,999.9,70,70,0,115,57,-15.7
5/7/2023 13:44,-88.9,8.8,10,10,999.9,70,71,0,115,58,-15.7
5/7/2023 13:45,-89.1,8.8,10,10,999.9,70,69,0,113,56,-15.7
5/7/2023 13:46,-88.8,8.8,9.9,10,999.9,70,71,0,116,58,-15.7
5/7/2023 13:47,-88.9,8.8,10.1,10,999.9,70,69,0,114,57,-15.7
5/7/2023 13:48,-88.9,8.8,10.1,10,999.9,70,70,0,114,57,-15.7
5/7/2023 13:49,-89,8.8,10,10,999.9,70,70,0,115,58,-15.7
5/7/2023 13:50,-88.8,8.8,9.9,10,999.9,70,71,0,116,59,-15.7
5/7/2023 13:51,-88.6,8.8,9.9,10,999.9,70,69,0,113,57,-15.7
5/7/2023 13:52,-88.7,8.8,10,10,999.9,70,71,0,116,58,-15.7
5/7/2023 13:53,-88.9,8.8,10.1,10,999.9,70,72,0,117,59,-15.7
5/7/2023 13:54,-88.7,8.8,10,10,999.9,70,69,0,113,56,-15.7
5/7/2023 13:55,-88.6,8.8,9.9,10,999.9,70,71,0,116,59,-15.7
5/7/2023 13:56,-88.5,8.8,10,10,999.9,70,70,0,114,58,-15.7
5/7/2023 13:57,-88.7,8.8,10.1,10,999.9,70,70,0,115,58,-15.7
5/7/2023 13:58,-88.7,8.8,10,10,999.9,70,71,0,114,58,-15.7
5/7/2023 13:59,-88.6,8.8,10.1,10,999.9,70,71,0,116,59,-15.7
5/7/2023 14:00,-88.6,8.8,10.1,10,999.9,70,69,0,112,57,-15.7
5/7/2023 14:01,-88.8,8.8,10.1,10,999.9,70,71,0,115,59,-15.7
5/7/2023 14:02,-88.9,8.8,10,10,999.9,70,69,0,112,57,-15.7
5/7/2023 14:03,-89,8.8,10,10,999.9,70,72,0,117,60,-15.7
5/7/2023 14:04,-89,8.8,10.1,10,999.9,70,68,0,111,56,-15.7
5/7/2023 14:05,-89,8.8,10,10,999.9,70,71,0,116,59,-15.7
5/7/2023 14:06,-88.8,8.8,10,10,999.9,70,69,0,113,58,-15.7
5/7/2023 14:07,-89.1,8.8,10,10,999.9,70,69,0,113,58,-15.7
5/7/2023 14:08,-88.7,8.8,9.9,10,999.9,70,69,0,113,57,-15.7
5/7/2023 14:09,-88.7,8.8,9.9,10,999.9,70,69,0,113,58,-15.7
5/7/2023 14:10,-88.8,8.8,10,10,999.9,70,69,0,112,58,-15.7
5/7/2023 14:11,-88.8,8.8,9.9,10,999.9,70,69,0,112,58,-15.7
5/7/2023 14:12,-88.8,8.8,10,10,999.9,70,69,0,112,57,-15.7
5/7/2023 14:13,-88.8,8.8,10,10,999.9,70,71,0,115,59,-15.7
5/7/2023 14:14,-88.8,8.8,10,10,999.9,70,72,0,116,61,-15.7
5/7/2023 14:15,-88.8,8.8,10,10,999.9,70,69,0,113,58,-15.7
5/7/2023 14:16,-88.8,8.8,10.1,10,999.9,70,69,0,112,58,-15.7
5/7/2023 14:17,-88.9,8.8,10.1,10,999.9,70,68,0,112,58,-15.7
5/7/2023 14:18,-88.9,8.8,10,10,999.9,70,71,0,116,60,-15.7
5/7/2023 14:19,-88.9,8.8,10,10,999.9,70,71,0,115,60,-15.7
5/7/2023 14:20,-88.8,8.8,10,10,999.9,70,71,0,114,60,-15.7
5/7/2023 14:21,-88.9,8.8,10,10,999.9,70,70,0,114,59,-15.7
5/7/2023 14:22,-88.9,8.9,10,10,999.9,70,70,0,112,59,-15.7
5/7/2023 14:23,-88.8,8.8,10,10,999.9,70,70,0,114,59,-15.7
5/7/2023 14:24,-88.8,8.8,10,10,999.9,70,71,0,114,60,-15.7
5/7/2023 14:25,-88.7,8.8,10,10,999.9,70,70,0,114,60,-15.7
5/7/2023 14:26,-88.9,8.8,10.1,10,999.9,70,71,0,114,60,-15.7
5/7/2023 14:27,-88.8,8.9,10,10,999.9,70,69,0,111,59,-15.7
5/7/2023 14:28,-88.7,8.8,10.1,10,999.9,70,69,0,111,59,-15.7
5/7/2023 14:29,-88.7,8.8,10,10,999.9,70,69,0,110,59,-15.7
5/7/2023 14:30,-88.7,8.8,10,10,999.9,70,70,0,111,59,-15.7
5/7/2023 14:31,-88.7,8.8,9.9,10,999.9,70,70,0,111,60,-15.7
5/7/2023 14:32,-88.7,8.8,10,10,999.9,70,71,0,112,61,-15.7
5/7/2023 14:33,-88.7,8.8,10.1,10,999.9,70,71,0,112,61,-15.7
5/7/2023 14:34,-88.8,8.9,10,10,999.9,70,70,0,110,60,-15.7
5/7/2023 14:35,-88.6,8.8,9.9,10,999.9,70,71,0,111,61,-15.7
5/7/2023 14:36,-88.7,8.8,10,10,999.9,70,71,0,111,61,-15.7
5/7/2023 14:37,-88.6,8.8,10,10,999.9,70,70,0,110,60,-15.7
5/7/2023 14:38,-88.7,8.8,10,10,999.9,70,70,0,110,60,-15.7
5/7/2023 14:39,-88.6,8.8,9.9,10,999.9,70,71,0,109,61,-15.7
5/7/2023 14:40,-88.5,8.8,10,10,999.9,70,70,0,109,60,-15.7
5/7/2023 14:41,-88.8,8.9,10.1,10,999.9,70,70,0,109,60,-15.7
5/7/2023 14:42,-88.7,8.9,10,10,999.9,70,70,0,108,61,-15.7
5/7/2023 14:43,-88.7,8.8,10.1,10,999.9,70,70,0,108,61,-15.7
5/7/2023 14:44,-88.6,8.8,9.9,10,999.9,70,69,0,107,60,-15.7
5/7/2023 14:45,-88.9,8.9,10.1,10,999.9,70,71,0,107,61,-15.7
5/7/2023 14:46,-88.8,8.9,10,10,999.9,70,70,0,106,60,-15.7
5/7/2023 14:47,-88.5,8.8,9.9,10,999.9,70,70,0,106,60,-15.7
5/7/2023 14:48,-88.7,8.8,10,10,999.9,70,70,0,106,61,-15.7
5/7/2023 14:49,-88.7,8.9,10,10,999.9,70,71,0,106,61,-15.7
5/7/2023 14:50,-88.7,8.8,10,10,999.9,70,71,0,105,61,-15.7
5/7/2023 14:51,-88.7,8.8,10,10,999.9,70,70,0,104,60,-15.7
5/7/2023 14:52,-88.6,8.8,10,10,999.9,70,70,0,104,60,-15.7
5/7/2023 14:53,-88.9,8.9,10.1,10,999.9,70,70,0,103,60,-15.7
5/7/2023 14:54,-88.7,8.9,10,10,999.9,70,70,0,103,60,-15.7
5/7/2023 14:55,-88.7,8.8,10,10,999.9,70,69,0,102,60,-15.7
5/7/2023 14:56,-88.5,8.8,10,10,999.9,70,70,0,101,60,-15.7
5/7/2023 14:57,-88.7,8.8,10,10,999.9,70,70,0,101,60,-15.7
5/7/2023 14:58,-88.7,8.9,10,10,999.9,70,71,0,100,61,-15.7
5/7/2023 14:59,-88.6,8.8,10,10,999.9,70,70,0,98,60,-15.7
5/7/2023 15:00,-88.7,8.8,10,10,999.9,70,70,0,97,61,-15.7
5/7/2023 15:01,-88.7,8.8,10,10,999.9,70,70,0,96,60,-15.7
5/7/2023 15:02,-88.6,8.8,9.9,10,999.9,70,70,0,95,61,-15.7
5/7/2023 15:03,-88.7,8.9,10,10,999.9,70,70,0,94,61,-15.7
5/7/2023 15:04,-88.6,8.8,10,10,999.9,70,70,0,93,60,-15.7
5/7/2023 15:05,-88.7,8.8,10,10,999.9,70,70,0,92,61,-15.7
5/7/2023 15:06,-88.7,8.8,10.1,10,999.9,70,70,0,91,60,-15.7
5/7/2023 15:07,-88.7,8.8,10.1,10,999.9,70,70,0,90,60,-15.7
5/7/2023 15:08,-88.9,8.8,10,10,999.9,70,70,0,90,61,-15.7
5/7/2023 15:09,-89,8.8,10,10,999.9,70,70,0,89,60,-15.7
5/7/2023 15:10,-88.9,8.8,9.9,10,999.9,70,70,0,89,60,-15.7
5/7/2023 15:11,-88.9,8.8,10,10,999.9,70,70,0,88,61,-15.7
5/7/2023 15:12,-89,8.8,10.2,10,999.9,70,70,0,88,60,-15.7
5/7/2023 15:13,-89,8.9,10,10,999.9,70,70,0,87,61,-15.7
5/7/2023 15:14,-88.9,8.9,10,10,999.9,70,70,0,87,61,-15.7
5/7/2023 15:15,-88.7,8.8,10.1,10,999.9,70,70,0,86,60,-15.7
5/7/2023 15:16,-88.9,8.8,10.1,10,999.9,70,70,0,86,61,-15.7
5/7/2023 15:17,-89,8.8,10,10,999.9,70,71,0,86,61,-15.7
5/7/2023 15:18,-88.9,8.8,9.9,10,999.9,70,70,0,85,61,-15.7
5/7/2023 15:19,-88.8,8.8,10,10,999.9,70,70,0,84,61,-15.7
5/7/2023 15:20,-88.9,8.8,10,10,999.9,70,70,0,84,61,-15.7
5/7/2023 15:21,-89.1,8.9,10.1,10,999.9,70,70,0,83,61,-15.7
5/7/2023 15:22,-88.9,8.8,10,10,999.9,70,70,0,82,60,-15.7
5/7/2023 15:23,-88.9,8.8,10,10,999.9,70,70,0,82,61,-15.7
5/7/2023 15:24,-88.9,8.8,10,10,999.9,70,70,0,82,61,-15.7
5/7/2023 15:25,-88.8,8.8,10,10,999.9,70,70,0,81,60,-15.7
5/7/2023 15:26,-88.7,8.8,10,10,999.9,70,70,0,81,60,-15.7
5/7/2023 15:27,-88.8,8.8,10,10,999.9,70,70,0,81,60,-15.7
5/7/2023 15:28,-88.7,8.8,10.2,10,999.9,70,70,0,80,60,-15.7
5/7/2023 15:29,-88.9,8.9,10,10,999.9,70,71,0,80,61,-15.7
5/7/2023 15:30,-88.8,8.8,10,10,999.9,70,70,0,80,61,-15.7
5/7/2023 15:31,-88.9,8.8,10,10,999.9,70,70,0,80,61,-15.7
5/7/2023 15:32,-88.8,8.8,10,10,999.9,70,70,0,79,60,-15.7
5/7/2023 15:33,-89,8.8,10.1,10,999.9,70,70,0,79,61,-15.7
5/7/2023 15:34,-88.9,8.8,10,10,999.9,70,69,0,78,60,-15.7
5/7/2023 15:35,-88.9,8.8,10.1,10,999.9,70,70,0,78,60,-15.7
5/7/2023 15:36,-88.9,8.8,10,10,999.9,70,71,0,79,61,-15.7
5/7/2023 15:37,-88.9,8.8,10,10,999.9,70,70,0,78,61,-15.7
5/7/2023 15:38,-89.1,8.8,10,10,999.9,70,70,0,78,61,-15.7
5/7/2023 15:39,-88.9,8.8,10,10,999.9,70,70,0,78,61,-15.7
5/7/2023 15:40,-88.9,8.8,10,10,999.9,70,70,0,77,60,-15.7
5/7/2023 15:41,-89,8.8,10,10,999.9,70,70,0,78,61,-15.7
5/7/2023 15:42,-88.9,8.8,9.9,10,999.9,70,70,0,78,61,-15.7
5/7/2023 15:43,-88.8,8.8,10,10,999.9,70,70,0,77,61,-15.7
5/7/2023 15:44,-89,8.8,10.1,10,999.9,70,70,0,77,61,-15.7
5/7/2023 15:45,-89,8.9,10,10,999.9,70,69,0,76,60,-15.7
5/7/2023 15:46,-88.7,8.8,9.9,10,999.9,70,70,0,77,61,-15.7
5/7/2023 15:47,-88.9,8.8,10,10,999.9,70,70,0,76,60,-15.7
5/7/2023 15:48,-88.9,8.8,10,10,999.9,70,70,0,77,61,-15.7
5/7/2023 15:49,-88.9,8.8,10,10,999.9,70,70,0,77,60,-15.7
5/7/2023 15:50,-88.7,8.8,10.1,10,999.9,70,71,0,77,61,-15.7
5/7/2023 15:51,-88.8,8.8,10,10,999.9,70,70,0,77,61,-15.7
5/7/2023 15:52,-88.9,8.8,10,10,999.9,70,70,0,77,61,-15.7
5/7/2023 15:53,-88.8,8.8,9.9,10,999.9,70,70,0,76,60,-15.7
5/7/2023 15:54,-88.8,8.8,10,10,999.9,70,70,0,77,61,-15.7
5/7/2023 15:55,-88.8,8.8,10,10,999.9,70,70,0,76,60,-15.7
5/7/2023 15:56,-88.9,8.8,10,10,999.9,70,70,0,77,60,-15.7
5/7/2023 15:57,-88.9,8.8,10,10,999.9,70,71,0,77,61,-15.7
5/7/2023 15:58,-88.7,8.8,10.1,10,999.9,70,70,0,77,61,-15.7
5/7/2023 15:59,-88.8,8.8,10,10,999.9,70,70,0,76,60,-15.7
5/7/2023 16:00,-88.8,8.8,10,10,999.9,70,69,0,76,60,-15.7
5/7/2023 16:01,-88.8,8.8,10,10,999.9,70,70,0,76,61,-15.7
5/7/2023 16:02,-88.7,8.8,10.1,10,999.9,70,70,0,76,60,-15.7
5/7/2023 16:03,-88.8,8.8,10,10,999.9,70,71,0,77,61,-15.7
5/7/2023 16:04,-88.9,8.8,10,10,999.9,70,70,0,76,60,-15.7
5/7/2023 16:05,-88.8,8.8,9.9,10,999.9,70,70,0,77,61,-15.7
5/7/2023 16:06,-88.8,8.8,10,10,999.9,70,70,0,76,61,-15.7
5/7/2023 16:07,-88.8,8.8,10,10,999.9,70,70,0,76,60,-15.7
5/7/2023 16:08,-88.9,8.8,10,10,999.9,70,70,0,76,60,-15.7
5/7/2023 16:09,-88.9,8.8,10.1,10,999.9,70,70,0,76,61,-15.7
5/7/2023 16:10,-88.7,8.8,9.9,10,999.9,70,70,0,76,61,-15.7
5/7/2023 16:11,-88.9,8.8,10,10,999.9,70,70,0,76,60,-15.7
5/7/2023 16:12,-88.9,8.8,10,10,999.9,70,70,0,76,60,-15.7
5/7/2023 16:13,-88.7,8.8,9.9,10,999.9,70,70,0,76,60,-15.7
5/7/2023 16:14,-88.8,8.8,10,10,999.9,70,70,0,76,60,-15.7
5/7/2023 16:15,-88.8,8.8,10,10,999.9,70,70,0,76,60,-15.7
5/7/2023 16:16,-88.9,8.8,10,10,999.9,70,70,0,77,61,-15.7
5/7/2023 16:17,-88.7,8.8,9.9,10,999.9,70,70,0,76,61,-15.7
5/7/2023 16:18,-88.8,8.8,10,10,999.9,70,71,0,77,61,-15.7
5/7/2023 16:19,-88.8,8.8,10,10,999.9,70,70,0,76,60,-15.7
5/7/2023 16:20,-88.8,8.8,10,10,999.9,70,70,0,76,60,-15.7
5/7/2023 16:21,-88.8,8.8,10,10,999.9,70,70,0,76,60,-15.7
5/7/2023 16:22,-88.7,8.8,10,10,999.9,70,71,0,77,61,-15.7
5/7/2023 16:23,-88.8,8.8,10,10,999.9,70,70,0,76,60,-15.7
5/7/2023 16:24,-88.9,8.8,10,10,999.9,70,70,0,76,60,-15.7
5/7/2023 16:25,-88.8,8.8,10,10,999.9,70,71,0,77,61,-15.7
5/7/2023 16:26,-88.7,8.8,10,10,999.9,70,70,0,76,60,-15.7
5/7/2023 16:27,-89,8.9,10.1,10,999.9,70,70,0,76,60,-15.7
5/7/2023 16:28,-88.8,8.8,9.9,10,999.9,70,71,0,77,61,-15.7
5/7/2023 16:29,-88.7,8.8,10.1,10,999.9,70,70,0,76,60,-15.7
5/7/2023 16:30,-88.9,8.8,10,10,999.9,70,69,0,76,60,-15.7
5/7/2023 16:31,-88.9,8.8,10,10,999.9,70,69,0,76,60,-15.7
5/7/2023 16:32,-88.7,8.8,9.9,10,999.9,70,70,0,76,61,-15.7
5/7/2023 16:33,-88.8,8.8,10,10,999.9,70,70,0,76,61,-15.7
5/7/2023 16:34,-88.8,8.8,9.9,10,999.9,70,70,0,76,60,-15.7
5/7/2023 16:35,-89.1,8.8,10.1,10,999.9,70,71,0,77,61,-15.7
5/7/2023 16:36,-88.9,8.8,10,10,999.9,70,69,0,76,60,-15.7
5/7/2023 16:37,-89,8.8,10.1,10,999.9,70,70,0,76,61,-15.7
5/7/2023 16:38,-89,8.8,10,10,999.9,70,70,0,76,60,-15.7
5/7/2023 16:39,-89,8.8,10,10,999.9,70,70,0,76,60,-15.7
5/7/2023 16:40,-88.9,8.8,10.1,10,999.9,70,71,0,77,61,-15.7
5/7/2023 16:41,-88.9,8.8,10,10,999.9,70,71,0,77,61,-15.7
5/7/2023 16:42,-88.9,8.8,10,10,999.9,70,70,0,76,60,-15.7
5/7/2023 16:43,-89,8.8,10,10,999.9,70,70,0,76,61,-15.7
5/7/2023 16:44,-88.9,8.8,10,10,999.9,70,70,0,76,61,-15.7
5/7/2023 16:45,-88.9,8.8,10.1,10,999.9,70,70,0,76,61,-15.7
5/7/2023 16:46,-88.9,8.8,10,10,999.9,70,70,0,76,61,-15.7
5/7/2023 16:47,-88.8,8.8,10,10,999.9,70,70,0,76,60,-15.7
5/7/2023 16:48,-88.7,8.8,9.9,10,999.9,70,71,0,77,61,-15.7
5/7/2023 16:49,-88.8,8.8,10,10,999.9,70,70,0,76,60,-15.7
5/7/2023 16:50,-88.8,8.8,10,10,999.9,70,71,0,76,61,-15.7
5/7/2023 16:51,-88.9,8.8,10,10,999.9,70,70,0,76,60,-15.7
5/7/2023 16:52,-88.7,8.8,9.9,10,999.9,70,70,0,76,60,-15.7
5/7/2023 16:53,-88.8,8.8,10.1,10,999.9,70,70,0,76,61,-15.7
5/7/2023 16:54,-88.9,8.8,10.1,10,999.9,70,70,0,76,60,-15.7
5/7/2023 16:55,-88.8,8.8,10,10,999.9,70,71,0,77,61,-15.7
5/7/2023 16:56,-88.8,8.8,10.1,10,999.9,70,70,0,76,60,-15.7
5/7/2023 16:57,-88.8,8.8,10,10,999.9,70,70,0,76,60,-15.7
5/7/2023 16:58,-88.8,8.8,10,10,999.9,70,70,0,76,60,-15.7
5/7/2023 16:59,-89,8.8,10.1,10,999.9,70,71,0,76,61,-15.7
5/7/2023 17:00,-88.7,8.8,9.9,10,999.9,70,70,0,76,61,-15.7
5/7/2023 17:01,-88.6,8.7,9.9,10,999.9,70,70,0,76,61,-15.7
5/7/2023 17:02,-88.9,8.8,10.1,10,999.9,70,69,0,75,60,-15.7
5/7/2023 17:03,-88.7,8.8,10,10,999.9,70,71,0,76,61,-15.7
5/7/2023 17:04,-88.8,8.8,10.1,10,999.9,70,70,0,76,61,-15.7
5/7/2023 17:05,-88.9,8.8,10,10,999.9,70,70,0,76,60,-15.7
5/7/2023 17:06,-88.8,8.8,10,10,999.9,70,70,0,76,60,-15.7
5/7/2023 17:07,-88.8,8.8,10.1,10,999.9,70,70,0,76,61,-15.7
5/7/2023 17:08,-88.8,8.8,10,10,999.9,70,70,0,76,61,-15.7
5/7/2023 17:09,-88.8,8.8,10,10,999.9,70,69,0,75,60,-15.7
5/7/2023 17:10,-88.9,8.8,10,10,999.9,70,70,0,76,60,-15.7
5/7/2023 17:11,-88.7,8.8,9.9,10,999.9,70,71,0,76,61,-15.7
5/7/2023 17:12,-88.7,8.8,10.1,10,999.9,70,70,0,76,61,-15.7
5/7/2023 17:13,-88.9,8.8,10,10,999.9,70,70,0,76,61,-15.7
5/7/2023 17:14,-88.8,8.8,9.9,10,999.9,70,70,0,76,60,-15.7
5/7/2023 17:15,-88.8,8.8,10.1,10,999.9,70,70,0,76,60,-15.7
5/7/2023 17:16,-88.8,8.8,10,10,999.9,70,70,0,76,60,-15.7
5/7/2023 17:17,-88.8,8.8,10,10,999.9,70,70,0,76,60,-15.7
5/7/2023 17:18,-88.8,8.8,10,10,999.9,70,70,0,76,60,-15.7
5/7/2023 17:19,-88.7,8.8,10.1,10,999.9,70,70,0,76,60,-15.7
5/7/2023 17:20,-88.8,8.8,10,10,999.9,70,70,0,76,61,-15.7
5/7/2023 17:21,-88.8,8.8,10,10,999.9,70,71,0,76,61,-15.7
5/7/2023 17:22,-88.8,8.8,9.9,10,999.9,70,70,0,76,60,-15.7
5/7/2023 17:23,-88.7,8.8,10.1,10,999.9,70,70,0,76,61,-15.7
5/7/2023 17:24,-88.9,8.8,10,10,999.9,70,70,0,75,60,-15.7
5/7/2023 17:25,-88.8,8.8,10,10,999.9,70,70,0,76,61,-15.7
5/7/2023 17:26,-88.8,8.8,9.9,10,999.9,70,71,0,76,61,-15.7
5/7/2023 17:27,-88.7,8.8,10,10,999.9,70,70,0,76,60,-15.7
5/7/2023 17:28,-88.6,8.8,10,10,999.9,70,70,0,76,60,-15.7
5/7/2023 17:29,-88.9,8.8,10.1,10,999.9,70,70,0,76,60,-15.7
5/7/2023 17:30,-88.8,8.8,10,10,999.9,70,70,0,76,61,-15.7
5/7/2023 17:31,-88.7,8.8,10.1,10,999.9,70,70,0,76,61,-15.7
5/7/2023 17:32,-88.7,8.8,10,10,999.9,70,70,0,76,61,-15.7
5/7/2023 17:33,-88.7,8.8,10,10,999.9,70,70,0,75,60,-15.7
5/7/2023 17:34,-88.8,8.8,10,10,999.9,70,71,0,76,61,-15.7
5/7/2023 17:35,-88.6,8.8,9.9,10,999.9,70,70,0,76,61,-15.7
5/7/2023 17:36,-88.7,8.8,10.1,10,999.9,70,71,0,76,61,-15.7
5/7/2023 17:37,-88.7,8.8,10,10,999.9,70,70,0,75,60,-15.7
5/7/2023 17:38,-88.7,8.8,10,10,999.9,70,70,0,76,60,-15.7
5/7/2023 17:39,-88.7,8.8,10.1,10,999.9,70,70,0,76,60,-15.7
5/7/2023 17:40,-88.6,8.8,10,10,999.9,70,71,0,76,61,-15.7
5/7/2023 17:41,-88.6,8.8,10,10,999.9,70,70,0,76,61,-15.7
5/7/2023 17:42,-88.7,8.8,10,10,999.9,70,70,0,76,61,-15.7
5/7/2023 17:43,-88.5,8.8,9.9,10,999.9,70,70,0,76,60,-15.7
5/7/2023 17:44,-88.7,8.8,10.1,10,999.9,70,70,0,76,60,-15.7
5/7/2023 17:45,-88.7,8.8,10,10,999.9,70,70,0,75,60,-15.7
5/7/2023 17:46,-88.8,8.8,10,10,999.9,70,71,0,76,61,-15.7
5/7/2023 17:47,-88.5,8.8,9.9,10,999.9,70,70,0,75,60,-15.7
5/7/2023 17:48,-88.8,8.8,10.1,10,999.9,70,70,0,76,61,-15.7
5/7/2023 17:49,-88.7,8.8,10,10,999.9,70,70,0,75,60,-15.7
5/7/2023 17:50,-88.6,8.8,9.9,10,999.9,70,70,0,76,60,-15.7
5/7/2023 17:51,-88.7,8.8,10,10,999.9,70,70,0,76,61,-15.7
5/7/2023 17:52,-88.7,8.8,10,10,999.9,70,70,0,75,60,-15.7
5/7/2023 17:53,-88.7,8.8,10,10,999.9,70,70,0,75,60,-15.7
5/7/2023 17:54,-88.5,8.8,9.9,10,999.9,70,70,0,75,60,-15.7
5/7/2023 17:55,-88.6,8.8,10,10,999.9,70,71,0,76,61,-15.7
5/7/2023 17:56,-88.8,8.8,10,10,999.9,70,70,0,75,60,-15.7
5/7/2023 17:57,-88.6,8.8,10,10,999.9,70,70,0,76,60,-15.7
5/7/2023 17:58,-88.4,8.8,9.9,10,999.9,70,70,0,75,60,-15.7
5/7/2023 17:59,-88.6,8.8,10,10,999.9,70,71,0,76,61,-15.7
5/7/2023 18:00,-88.7,8.8,10.1,10,999.9,70,71,0,76,61,-15.7
5/7/2023 18:01,-88.6,8.8,10,10,999.9,70,71,0,76,61,-15.7
5/7/2023 18:02,-88.5,8.8,9.9,10,999.9,70,69,0,75,60,-15.7
5/7/2023 18:03,-88.6,8.8,10,10,999.9,70,70,0,76,60,-15.7
5/7/2023 18:04,-88.6,8.8,10,10,999.9,70,70,0,76,61,-15.7
5/7/2023 18:05,-88.5,8.8,10,10,999.9,70,70,0,75,60,-15.7
5/7/2023 18:06,-88.4,8.8,9.9,10,999.9,70,70,0,76,60,-15.7
5/7/2023 18:07,-88.5,8.8,10,10,999.9,70,71,0,76,61,-15.7
5/7/2023 18:08,-88.5,8.8,10,10,999.9,70,70,0,76,61,-15.7
5/7/2023 18:09,-88.6,8.8,10,10,999.9,70,70,0,76,61,-15.7
5/7/2023 18:10,-88.3,8.8,9.9,10,999.9,70,70,0,76,60,-15.7
5/7/2023 18:11,-88.5,8.8,10,10,999.9,70,70,0,76,61,-15.7
5/7/2023 18:12,-88.5,8.8,10,10,999.9,70,70,0,75,60,-15.7
5/7/2023 18:13,-88.4,8.8,10,10,999.9,70,71,0,76,61,-15.7
5/7/2023 18:14,-88.3,8.8,10.1,10,999.9,70,69,0,75,60,-15.7
5/7/2023 18:15,-88.4,8.8,10,10,999.9,70,70,0,75,60,-15.7
5/7/2023 18:16,-88.5,8.8,10,10,999.9,70,70,0,75,60,-15.7
5/7/2023 18:17,-88.5,8.8,10,10,999.9,70,70,0,76,60,-15.7
5/7/2023 18:18,-88.4,8.8,9.9,10,999.9,70,70,0,76,61,-15.7
5/7/2023 18:19,-88.4,8.8,10,10,999.9,70,70,0,75,60,-15.7
5/7/2023 18:20,-88.5,8.8,10,10,999.9,70,70,0,75,60,-15.7
5/7/2023 18:21,-88.6,8.8,10,10,999.9,70,70,0,76,61,-15.7
5/7/2023 18:22,-88.5,8.8,9.9,10,999.9,70,70,0,75,60,-15.7
5/7/2023 18:23,-88.6,8.8,10.1,10,999.9,70,71,0,76,61,-15.7
5/7/2023 18:24,-88.7,8.8,10.1,10,999.9,70,71,0,76,61,-15.7
5/7/2023 18:25,-88.6,8.8,10,10,999.9,70,70,0,75,60,-15.7
5/7/2023 18:26,-88.5,8.8,9.9,10,999.9,70,70,0,76,60,-15.7
5/7/2023 18:27,-88.5,8.7,10.1,10,999.9,70,70,0,75,60,-15.7
5/7/2023 18:28,-88.6,8.8,10.1,10,999.9,70,70,0,75,60,-15.7
5/7/2023 18:29,-88.5,8.8,10,10,999.9,70,70,0,75,60,-15.7
5/7/2023 18:30,-88.4,8.8,9.9,10,999.9,70,70,0,76,61,-15.7
5/7/2023 18:31,-88.5,8.8,10,10,999.9,70,70,0,75,60,-15.7
5/7/2023 18:32,-88.5,8.8,10,10,999.9,70,70,0,76,61,-15.7
5/7/2023 18:33,-88.7,8.8,10,10,999.9,70,70,0,76,61,-15.7
5/7/2023 18:34,-88.5,8.8,9.9,10,999.9,70,70,0,75,60,-15.7
5/7/2023 18:35,-88.3,8.8,9.9,10,999.9,70,70,0,76,61,-15.7
5/7/2023 18:36,-88.7,8.8,10.1,10,999.9,70,71,0,76,61,-15.7
5/7/2023 18:37,-88.6,8.8,10,10,999.9,70,71,0,76,61,-15.7
5/7/2023 18:38,-88.4,8.8,9.9,10,999.9,70,70,0,75,60,-15.7
5/7/2023 18:39,-88.3,8.7,10.1,10,999.9,70,70,0,75,60,-15.7
5/7/2023 18:40,-88.6,8.8,10.1,10,999.9,70,70,0,75,60,-15.7
5/7/2023 18:41,-88.5,8.8,10,10,999.9,70,71,0,76,61,-15.7
5/7/2023 18:42,-88.4,8.8,10,10,999.9,70,70,0,76,61,-15.7
5/7/2023 18:43,-88.4,8.8,10.2,10,999.9,70,70,0,75,60,-15.7
5/7/2023 18:44,-88.6,8.8,10,10,999.9,70,70,0,75,60,-15.7
5/7/2023 18:45,-88.5,8.8,10,10,999.9,70,70,0,75,60,-15.7
5/7/2023 18:46,-88.4,8.8,9.9,10,999.9,70,70,0,76,60,-15.7
5/7/2023 18:47,-88.5,8.8,10,10,999.9,70,70,0,75,60,-15.7
5/7/2023 18:48,-88.7,8.8,10,10,999.9,70,70,0,75,60,-15.7
5/7/2023 18:49,-88.5,8.8,10,10,999.9,70,69,0,75,60,-15.7
5/7/2023 18:50,-88.3,8.8,9.9,10,999.9,70,70,0,75,60,-15.7
5/7/2023 18:51,-88.7,8.8,10.1,10,999.9,70,70,0,75,61,-15.7
5/7/2023 18:52,-88.7,8.9,10,10,999.9,70,70,0,75,60,-15.7
5/7/2023 18:53,-88.5,8.8,9.9,10,999.9,70,69,0,75,60,-15.7
5/7/2023 18:54,-88.4,8.8,10,10,999.9,70,70,0,75,60,-15.7
5/7/2023 18:55,-88.7,8.8,10.1,10,999.9,70,70,0,75,60,-15.7
5/7/2023 18:56,-88.6,8.8,10,10,999.9,70,71,0,76,61,-15.7
5/7/2023 18:57,-88.4,8.8,9.9,10,999.9,70,69,0,75,60,-15.7
5/7/2023 18:58,-88.5,8.8,10.1,10,999.9,70,70,0,76,61,-15.7
5/7/2023 18:59,-66.3,8.9,10.2,0,999.9,0,2100,65,1042,2100,-14
5/7/2023 19:00,-62.5,9.2,10.5,0,999.9,0,2100,139,1043,2100,-12.1
