;,,,,,,,,,,,,
;  Proficy Historian SDK Data Export ,,,,,,,,,,,,
;  Generated: 05/18/2023 09:55:15 AM,,,,,,,,,,,,
;  Start Time: 02/21/2023 10:30:00 AM,,,,,,,,,,,,
;  End Time: 02/22/2023 12:30:00 AM,,,,,,,,,,,,
;  Interval: 60000 milliseconds,,,,,,,,,,,,
;  Records Returned: 840,,,,,,,,,,,,
;,,,,,,,,,,,,
Timestamp,Elapsed [s], SPLYO.CONDENSER_TEMPERATURE.F_CV, SPLYO.SHELF_OUTLET.F_CV, SPLYO.SHELF_INLET.F_CV, SPLYO.SHELF_SP.F_CV, SPLYO.TC_AVG.F_CV, SPLYO.VACUUM_SP.F_CV, SPLYO.CHAMBER_CM.F_CV, SPLYO.ROUGH_VACUUM.F_CV, SPLYO.CHAMBER_PIRANI.F_CV, SPLYO.CONDENSER_VACUUM.F_CV, SPLYO.CHAMBER_PRESSURE.F_CV
2/21/2023 10:31,0,-88.6,-40.2,-40,-40,0,0,610,1,629,598,-15.6
2/21/2023 10:32,60,-88.3,-40.2,-40,-40,0,0,397,0,434,386,-15.6
2/21/2023 10:33,120,-88,-40.2,-40,-40,0,0,277,0,324,267,-15.6
2/21/2023 10:34,180,-87.6,-40.2,-40,-40,0,0,207,0,258,197,-15.6
2/21/2023 10:35,240,-87.2,-40.2,-40,-40,0,0,163,0,218,153,-15.6
2/21/2023 10:36,300,-86.9,-40.2,-40,-40,0,0,135,0,192,125,-15.7
2/21/2023 10:37,360,-86.7,-40.2,-40,-40,0,0,115,0,174,106,-15.6
2/21/2023 10:38,420,-86.5,-40.2,-39.9,-39.7,0,100,103,0,162,93,-15.7
2/21/2023 10:39,480,-86.7,-40.1,-39.5,-39.2,0,100,102,0,162,85,-15.7
2/21/2023 10:40,540,-87,-39.9,-39,-38.7,0,100,104,0,166,85,-15.6
2/21/2023 10:41,600,-87.8,-39.4,-38.2,-38.2,0,100,114,0,181,104,-15.6
2/21/2023 10:42,660,-87.9,-38.7,-37.8,-37.7,0,100,153,0,223,144,-15.7
2/21/2023 10:43,720,-88.8,-38.1,-37.2,-37.2,0,100,216,0,288,206,-15.6
2/21/2023 10:44,780,-88.8,-37.6,-36.7,-36.7,0,100,288,0,359,277,-15.6
2/21/2023 10:45,840,-89.3,-37.1,-36.2,-36.2,0,100,359,0,430,348,-15.6
2/21/2023 10:46,900,-89.3,-36.5,-35.7,-35.7,0,100,416,0,490,405,-15.7
2/21/2023 10:47,960,-89.5,-36.1,-35.2,-35.2,0,100,457,1,533,446,-15.6
2/21/2023 10:48,1020,-89.5,-35.6,-34.7,-34.7,0,100,480,1,559,469,-15.6
2/21/2023 10:49,1080,-89.6,-35,-34.2,-34.2,0,100,479,1,564,468,-15.6
2/21/2023 10:50,1140,-89.6,-34.6,-33.7,-33.7,0,100,456,1,548,445,-15.6
2/21/2023 10:51,1200,-89.5,-34,-33.2,-33.2,0,100,415,1,515,403,-15.6
2/21/2023 10:52,1260,-89.4,-33.6,-32.7,-32.7,0,100,363,0,472,352,-15.6
2/21/2023 10:53,1320,-89.4,-33.1,-32.2,-32.2,0,100,311,0,429,300,-15.7
2/21/2023 10:54,1380,-89,-32.6,-31.7,-31.7,0,100,261,0,387,250,-15.7
2/21/2023 10:55,1440,-88.7,-32.1,-31.2,-31.2,0,100,230,0,357,199,-15.7
2/21/2023 10:56,1500,-87.6,-32.2,-31.1,-30.7,0,100,207,0,324,121,-15.7
2/21/2023 10:57,1560,-85.6,-32.5,-31.1,-30.2,0,100,196,0,306,86,-15.7
2/21/2023 10:58,1620,-83.7,-32.7,-31,-29.7,0,100,188,0,295,70,-15.7
2/21/2023 10:59,1680,-83.3,-32.6,-30.7,-29.2,0,100,181,0,284,62,-15.7
2/21/2023 11:00,1740,-83.4,-32.2,-30.1,-28.7,0,100,168,0,263,59,-15.7
2/21/2023 11:01,1800,-84.1,-31.5,-29.3,-28.2,0,100,137,0,218,56,-15.7
2/21/2023 11:02,1860,-85.3,-30.5,-28.3,-27.7,0,100,98,0,157,56,-15.7
2/21/2023 11:03,1920,-86.8,-29.2,-27.2,-27.2,0,100,99,0,159,80,-15.7
2/21/2023 11:04,1980,-86.7,-28,-26.2,-26.7,0,100,99,0,158,84,-15.7
2/21/2023 11:05,2040,-86.4,-27,-26,-26.2,0,100,99,0,158,86,-15.7
2/21/2023 11:06,2100,-86.3,-26.6,-25.7,-25.7,0,100,99,0,158,87,-15.7
2/21/2023 11:07,2160,-86.3,-26.2,-25.2,-25.2,0,100,100,0,160,89,-15.7
2/21/2023 11:08,2220,-86.7,-25.7,-24.7,-24.7,0,100,99,0,158,89,-15.7
2/21/2023 11:09,2280,-86.8,-25.2,-24.2,-24.2,0,100,100,0,158,90,-15.7
2/21/2023 11:10,2340,-86.8,-24.7,-23.7,-23.7,0,100,101,0,160,91,-15.7
2/21/2023 11:11,2400,-86.8,-24.2,-23.2,-23.2,0,100,100,0,159,89,-15.7
2/21/2023 11:12,2460,-86.8,-23.7,-22.7,-22.7,0,100,100,0,159,89,-15.7
2/21/2023 11:13,2520,-86.8,-23.2,-22.2,-22.2,0,100,100,0,160,89,-15.7
2/21/2023 11:14,2580,-86.8,-22.7,-21.7,-21.7,0,100,101,0,160,89,-15.7
2/21/2023 11:15,2640,-86.8,-22.2,-21.2,-21.2,0,100,101,0,160,89,-15.7
2/21/2023 11:16,2700,-86.8,-21.7,-20.7,-20.7,0,100,100,0,160,89,-15.7
2/21/2023 11:17,2760,-86.7,-21.2,-20.3,-20.2,0,100,101,0,160,89,-15.7
2/21/2023 11:18,2820,-86.7,-20.7,-19.7,-19.7,0,100,99,0,158,87,-15.7
2/21/2023 11:19,2880,-86.7,-20.2,-19.2,-19.2,0,100,101,0,161,89,-15.7
2/21/2023 11:20,2940,-86.8,-19.7,-18.7,-18.7,0,100,100,0,159,88,-15.7
2/21/2023 11:21,3000,-86.8,-19.2,-18.2,-18.2,0,100,100,0,159,88,-15.7
2/21/2023 11:22,3060,-87,-18.7,-17.7,-17.7,0,100,115,0,184,103,-15.7
2/21/2023 11:23,3120,-86.8,-18.2,-17.2,-17.2,0,100,100,0,160,89,-15.7
2/21/2023 11:24,3180,-86.8,-17.7,-16.7,-16.7,0,100,99,0,158,88,-15.7
2/21/2023 11:25,3240,-86.8,-17.2,-16.2,-16.2,0,100,100,0,159,89,-15.7
2/21/2023 11:26,3300,-86.6,-16.8,-15.8,-15.7,0,100,101,0,160,90,-15.7
2/21/2023 11:27,3360,-86.6,-16.3,-15.2,-15.2,0,100,101,0,159,90,-15.7
2/21/2023 11:28,3420,-86.7,-15.8,-14.8,-15,0,100,100,0,158,89,-15.7
2/21/2023 11:29,3480,-86.5,-15.4,-14.7,-15,0,100,101,0,158,90,-15.7
2/21/2023 11:30,3540,-85.9,-15.3,-14.7,-15,0,100,100,0,159,90,-15.7
2/21/2023 11:31,3600,-85.7,-15.3,-14.7,-15,0,100,100,0,158,90,-15.7
2/21/2023 11:32,3660,-85.5,-15.4,-14.8,-15,0,100,99,0,156,88,-15.7
2/21/2023 11:33,3720,-85.3,-15.4,-14.9,-15,0,100,100,0,158,90,-15.7
2/21/2023 11:34,3780,-85.2,-15.5,-15,-15,0,100,99,0,157,89,-15.7
2/21/2023 11:35,3840,-85.3,-15.5,-14.9,-15,0,100,100,0,157,90,-15.7
2/21/2023 11:36,3900,-85.5,-15.5,-14.9,-15,0,100,100,0,158,90,-15.7
2/21/2023 11:37,3960,-85.4,-15.5,-15,-15,0,100,101,0,159,90,-15.7
2/21/2023 11:38,4020,-85.4,-15.5,-15,-15,0,100,101,0,158,90,-15.7
2/21/2023 11:39,4080,-85.4,-15.5,-15,-15,0,100,101,0,158,90,-15.7
2/21/2023 11:40,4140,-85.4,-15.5,-15,-15,0,100,101,0,158,90,-15.7
2/21/2023 11:41,4200,-85.3,-15.5,-15.5,-40,0,100,101,0,157,90,-15.7
2/21/2023 11:42,4260,-76.1,-18.9,-23.9,-40,0,100,100,0,156,90,-15.7
2/21/2023 11:43,4320,-71.6,-23.6,-27.6,-40,0,100,99,0,156,89,-15.7
2/21/2023 11:44,4380,-69.5,-27.8,-32.1,-40,0,100,99,0,156,89,-15.7
2/21/2023 11:45,4440,-69,-32,-36,-40,0,100,101,0,156,90,-15.7
2/21/2023 11:46,4500,-68.6,-36,-39.9,-40,0,100,100,0,154,90,-15.7
2/21/2023 11:47,4560,-69,-39.4,-41.8,-40,0,100,100,0,149,90,-15.7
2/21/2023 11:48,4620,-70.8,-41.4,-42.3,-40,0,100,100,0,147,90,-15.7
2/21/2023 11:49,4680,-72.4,-42.2,-42.2,-40,0,100,101,0,148,91,-15.7
2/21/2023 11:50,4740,-73.7,-42.3,-41.7,-40,0,100,101,0,149,91,-15.7
2/21/2023 11:51,4800,-74.7,-42,-41.1,-40,0,100,101,0,152,91,-15.7
2/21/2023 11:52,4860,-75.5,-41.5,-40.7,-40,0,100,100,0,152,90,-15.7
2/21/2023 11:53,4920,-76,-41.1,-40.2,-40,0,100,100,0,151,90,-15.7
2/21/2023 11:54,4980,-76.4,-40.7,-40,-40,0,100,100,0,146,90,-15.7
2/21/2023 11:55,5040,-76.6,-40.5,-39.8,-39.5,0,100,100,0,145,90,-15.7
2/21/2023 11:56,5100,-77.2,-40.1,-39,-38.5,0,100,101,0,144,90,-15.7
2/21/2023 11:57,5160,-78,-39.4,-38,-37.5,0,100,100,0,144,89,-15.7
2/21/2023 11:58,5220,-78.6,-38.5,-36.9,-36.5,0,100,100,0,146,90,-15.7
2/21/2023 11:59,5280,-79,-37.4,-35.7,-35.5,0,100,99,0,155,89,-15.7
2/21/2023 12:00,5340,-79.4,-36.3,-34.6,-34.5,0,100,101,0,158,90,-15.7
2/21/2023 12:01,5400,-79.7,-35.2,-33.6,-33.5,0,100,98,0,156,88,-15.7
2/21/2023 12:02,5460,-79.9,-34.1,-32.5,-32.5,0,100,99,0,158,88,-15.7
2/21/2023 12:03,5520,-80.1,-33,-31.5,-31.5,0,100,100,0,160,89,-15.7
2/21/2023 12:04,5580,-80.3,-32,-30.5,-30.5,0,100,101,0,160,89,-15.7
2/21/2023 12:05,5640,-80.3,-31,-29.5,-29.5,0,100,100,0,159,88,-15.7
2/21/2023 12:06,5700,-80.5,-30,-28.4,-28.5,0,100,101,0,160,89,-15.7
2/21/2023 12:07,5760,-80.6,-29,-27.4,-27.5,0,100,101,0,160,89,-15.7
2/21/2023 12:08,5820,-80.8,-28,-26.5,-26.5,0,100,100,0,159,88,-15.7
2/21/2023 12:09,5880,-80.9,-27,-25.5,-25.5,0,100,99,0,158,86,-15.7
2/21/2023 12:10,5940,-81,-26,-24.5,-24.5,0,100,101,0,160,89,-15.7
2/21/2023 12:11,6000,-81.1,-25,-23.5,-23.5,0,100,100,0,160,89,-15.7
2/21/2023 12:12,6060,-77.7,-25.1,-30.2,-40,0,100,100,0,159,88,-15.7
2/21/2023 12:13,6120,-72.5,-30.2,-34.5,-40,0,100,100,0,158,88,-15.7
2/21/2023 12:14,6180,-69.9,-34.4,-38.5,-40,0,100,101,0,160,90,-15.7
2/21/2023 12:15,6240,-69.7,-38.2,-41,-40,0,100,100,0,157,89,-15.7
2/21/2023 12:16,6300,-71.2,-40.5,-41.9,-40,0,100,100,0,153,90,-15.7
2/21/2023 12:17,6360,-72.9,-41.6,-42,-40,0,100,100,0,151,90,-15.7
2/21/2023 12:18,6420,-74.3,-42,-41.7,-40,0,100,100,0,151,90,-15.7
2/21/2023 12:19,6480,-75.3,-41.9,-41.2,-40,0,100,100,0,153,90,-15.7
2/21/2023 12:20,6540,-76.1,-41.6,-40.7,-40,0,100,100,0,155,90,-15.7
2/21/2023 12:21,6600,-76.7,-41.2,-40.3,-40,0,100,100,0,156,90,-15.7
2/21/2023 12:22,6660,-77,-40.8,-40.1,-40,0,100,100,0,158,90,-15.7
2/21/2023 12:23,6720,-77.2,-40.5,-39.9,-40,0,100,100,0,158,90,-15.7
2/21/2023 12:24,6780,-77.3,-40.4,-39.8,-40,0,100,100,0,158,90,-15.7
2/21/2023 12:25,6840,-77.4,-40.3,-39.8,-40,0,100,100,0,158,90,-15.7
2/21/2023 12:26,6900,-77.4,-40.2,-39.8,-40,0,100,100,0,157,90,-15.7
2/21/2023 12:27,6960,-77.5,-40.2,-39.8,-40,0,100,100,0,156,90,-15.7
2/21/2023 12:28,7020,-77.5,-40.2,-39.8,-40,0,100,101,0,155,90,-15.7
2/21/2023 12:29,7080,-77.5,-40.2,-39.9,-40,0,100,100,0,152,90,-15.7
2/21/2023 12:30,7140,-77.6,-40.2,-39.5,-39,0,100,99,0,148,89,-15.7
2/21/2023 12:31,7200,-78.4,-39.9,-38.6,-38,0,100,101,0,149,90,-15.7
2/21/2023 12:32,7260,-79.2,-39.1,-37.6,-37,0,100,100,0,148,90,-15.7
2/21/2023 12:33,7320,-79.7,-38.1,-36.6,-36,0,100,100,0,148,90,-15.7
2/21/2023 12:34,7380,-80.2,-37,-35.4,-35,0,100,101,0,149,91,-15.7
2/21/2023 12:35,7440,-80.6,-35.9,-34.2,-34,0,100,100,0,154,90,-15.7
2/21/2023 12:36,7500,-80.9,-34.8,-33.2,-33,0,100,100,0,156,90,-15.7
2/21/2023 12:37,7560,-81.1,-33.7,-32.1,-32,0,100,100,0,157,90,-15.7
2/21/2023 12:38,7620,-81.4,-32.6,-31.1,-40,0,100,101,0,156,90,-15.7
2/21/2023 12:39,7680,-77.4,-34.1,-37.5,-40,0,100,99,0,154,89,-15.7
2/21/2023 12:40,7740,-73.8,-37.2,-39.5,-40,0,100,100,0,155,90,-15.7
2/21/2023 12:41,7800,-74,-39.2,-40.4,-40,0,100,100,0,154,90,-15.7
2/21/2023 12:42,7860,-75,-40.4,-40.8,-40,0,100,99,0,152,89,-15.7
2/21/2023 12:43,7920,-75.9,-41,-40.8,-40,0,100,100,0,152,90,-15.7
2/21/2023 12:44,7980,-76.6,-41.1,-40.7,-40,0,100,100,0,151,90,-15.7
2/21/2023 12:45,8040,-77.2,-41.1,-40.5,-40,0,100,100,0,150,90,-15.7
2/21/2023 12:46,8100,-77.6,-40.9,-40.2,-40,0,100,100,0,148,90,-15.7
2/21/2023 12:47,8160,-77.9,-40.7,-40.1,-40,0,100,100,0,147,90,-15.7
2/21/2023 12:48,8220,-78,-40.5,-40,-40,0,100,99,0,145,89,-15.7
2/21/2023 12:49,8280,-78.2,-40.4,-39.9,-40,0,100,100,0,146,90,-15.7
2/21/2023 12:50,8340,-78.2,-40.3,-39.8,-40,0,100,100,0,145,90,-15.7
2/21/2023 12:51,8400,-78.2,-40.3,-39.8,-40,0,100,101,0,144,90,-15.7
2/21/2023 12:52,8460,-78.2,-40.2,-39.9,-40,0,100,101,0,143,91,-15.7
2/21/2023 12:53,8520,-78.2,-40.3,-39.8,-40,0,100,100,0,142,90,-15.7
2/21/2023 12:54,8580,-78.2,-40.3,-39.9,-40,0,100,100,0,142,90,-15.7
2/21/2023 12:55,8640,-78.2,-40.3,-39.9,-40,0,100,100,0,141,90,-15.7
2/21/2023 12:56,8700,-78.2,-40.3,-39.9,-40,0,100,100,0,140,89,-15.7
2/21/2023 12:57,8760,-78.2,-40.3,-39.9,-40,0,100,100,0,140,90,-15.7
2/21/2023 12:58,8820,-78.2,-40.3,-39.8,-39.7,0,100,100,0,139,90,-15.7
2/21/2023 12:59,8880,-78.7,-40.1,-39.2,-38.7,0,100,100,0,138,89,-15.7
2/21/2023 13:00,8940,-79,-39.6,-39.2,-40,0,100,101,0,139,90,-15.7
2/21/2023 13:01,9000,-78.3,-39.7,-39.5,-15,0,100,100,0,140,90,-15.7
2/21/2023 13:02,9060,-81.9,-38.6,-35.6,-15,0,100,100,0,140,90,-15.7
2/21/2023 13:03,9120,-84.8,-36.1,-32.8,-15,0,100,100,0,140,90,-15.7
2/21/2023 13:04,9180,-85.8,-33.4,-30.1,-15,0,100,100,0,141,90,-15.7
2/21/2023 13:05,9240,-86.2,-30.7,-27.5,-15,0,100,100,0,142,90,-15.7
2/21/2023 13:06,9300,-86.4,-28.1,-24.9,-15,0,100,100,0,142,89,-15.7
2/21/2023 13:07,9360,-86.5,-25.5,-22.3,-15,0,100,100,0,144,90,-15.7
2/21/2023 13:08,9420,-86.5,-23,-19.8,-15,0,100,100,0,151,90,-15.7
2/21/2023 13:09,9480,-86.5,-20.5,-17.4,-15,0,100,101,0,157,90,-15.7
2/21/2023 13:10,9540,-85.7,-18.1,-15.7,-15,0,100,99,0,157,89,-15.7
2/21/2023 13:11,9600,-84.6,-16.6,-15.2,-15,0,100,101,0,158,90,-15.7
2/21/2023 13:12,9660,-83.6,-15.9,-14.8,-15,0,100,99,0,156,88,-15.7
2/21/2023 13:13,9720,-82.8,-15.5,-14.6,-15,0,100,100,0,160,90,-15.7
2/21/2023 13:14,9780,-76.2,-18,-23.6,-40,0,100,99,0,156,89,-15.7
2/21/2023 13:15,9840,-71.8,-23.2,-27.6,-40,0,100,99,0,155,88,-15.7
2/21/2023 13:16,9900,-69.3,-27.7,-32.3,-40,0,100,101,0,157,90,-15.7
2/21/2023 13:17,9960,-68.8,-32.2,-36.7,-40,0,100,100,0,157,90,-15.7
2/21/2023 13:18,10020,-68.6,-36.3,-40.1,-40,0,100,100,0,156,90,-15.6
2/21/2023 13:19,10080,-69.4,-39.5,-41.7,-40,0,100,100,0,151,89,-15.7
2/21/2023 13:20,10140,-71.1,-41.3,-42.1,-40,0,100,100,0,149,90,-15.7
2/21/2023 13:21,10200,-72.6,-42,-42,-40,0,100,101,0,149,90,-15.7
2/21/2023 13:22,10260,-73.9,-42.1,-41.6,-40,0,100,101,0,150,90,-15.7
2/21/2023 13:23,10320,-75,-41.9,-41,-40,0,100,101,0,152,90,-15.7
2/21/2023 13:24,10380,-75.7,-41.5,-40.6,-40,0,100,101,0,153,90,-15.7
2/21/2023 13:25,10440,-76.2,-41,-40.2,-40,0,100,100,0,151,90,-15.7
2/21/2023 13:26,10500,-76.5,-40.7,-40,-40,0,100,99,0,145,89,-15.7
2/21/2023 13:27,10560,-76.7,-40.5,-39.9,-40,0,100,100,0,145,90,-15.7
2/21/2023 13:28,10620,-76.8,-40.3,-39.8,-40,0,100,100,0,144,90,-15.6
2/21/2023 13:29,10680,-76.9,-40.2,-39.8,-40,0,100,100,0,143,90,-15.7
2/21/2023 13:30,10740,-76.9,-40.2,-39.8,-40,0,100,101,0,142,90,-15.7
2/21/2023 13:31,10800,-76.9,-40.2,-39.8,-40,0,100,100,0,141,90,-15.7
2/21/2023 13:32,10860,-76.9,-40.2,-39.8,-40,0,100,100,0,140,90,-15.7
2/21/2023 13:33,10920,-76.8,-40.2,-39.9,-40,0,100,100,0,139,89,-15.7
2/21/2023 13:34,10980,-76.8,-40.3,-40,-40,0,100,100,0,138,89,-15.7
2/21/2023 13:35,11040,-76.9,-40.3,-39.8,-40,0,100,100,0,138,90,-15.7
2/21/2023 13:36,11100,-76.8,-40.2,-39.8,-40,0,100,100,0,138,90,-15.7
2/21/2023 13:37,11160,-76.8,-40.3,-39.9,-40,0,100,101,0,137,90,-15.7
2/21/2023 13:38,11220,-76.7,-40.3,-39.9,-40,0,100,100,0,136,90,-15.7
2/21/2023 13:39,11280,-76.7,-40.3,-39.9,-40,0,100,100,0,136,90,-15.7
2/21/2023 13:40,11340,-76.7,-40.3,-39.9,-40,0,100,100,0,136,90,-15.7
2/21/2023 13:41,11400,-76.8,-40.3,-39.8,-40,0,100,100,0,135,90,-15.7
2/21/2023 13:42,11460,-76.7,-40.2,-39.8,-40,0,100,100,0,134,90,-15.7
2/21/2023 13:43,11520,-76.6,-40.2,-39.9,-40,0,100,101,0,135,90,-15.7
2/21/2023 13:44,11580,-76.6,-40.3,-39.9,-40,0,100,101,0,134,91,-15.7
2/21/2023 13:45,11640,-76.7,-40.3,-39.9,-40,0,100,100,0,134,90,-15.7
2/21/2023 13:46,11700,-76.6,-40.3,-39.9,-40,0,100,100,0,133,89,-15.7
2/21/2023 13:47,11760,-76.6,-40.3,-39.9,-40,0,100,100,0,133,90,-15.7
2/21/2023 13:48,11820,-76.6,-40.3,-40,-40,0,100,100,0,132,90,-15.7
2/21/2023 13:49,11880,-76.6,-40.3,-39.9,-40,0,100,100,0,132,90,-15.7
2/21/2023 13:50,11940,-76.6,-40.2,-39.8,-40,0,100,100,0,132,90,-15.7
2/21/2023 13:51,12000,-76.6,-40.2,-39.9,-40,0,100,101,0,132,90,-15.7
2/21/2023 13:52,12060,-76.6,-40.2,-39.9,-40,0,100,100,0,132,90,-15.7
2/21/2023 13:53,12120,-76.6,-40.3,-39.9,-40,0,100,100,0,132,90,-15.7
2/21/2023 13:54,12180,-76.6,-40.3,-39.9,-40,0,100,101,0,132,91,-15.7
2/21/2023 13:55,12240,-76.6,-40.2,-39.8,-40,0,100,100,0,131,90,-15.7
2/21/2023 13:56,12300,-76.6,-40.2,-39.9,-40,0,100,100,0,131,90,-15.7
2/21/2023 13:57,12360,-76.5,-40.3,-40,-40,0,100,101,0,131,90,-15.7
2/21/2023 13:58,12420,-76.5,-40.3,-39.9,-40,0,100,101,0,131,90,-15.7
2/21/2023 13:59,12480,-76.6,-40.3,-39.9,-40,0,100,101,0,131,91,-15.7
2/21/2023 14:00,12540,-78.2,-40,-37.5,-15,0,100,100,0,130,90,-15.7
2/21/2023 14:01,12600,-81.6,-37.7,-34.5,-15,0,100,101,0,131,91,-15.7
2/21/2023 14:02,12660,-83.7,-35,-31.7,-15,0,100,101,0,132,90,-15.7
2/21/2023 14:03,12720,-85,-32.4,-29.1,-15,0,100,100,0,135,90,-15.7
2/21/2023 14:04,12780,-85.5,-29.7,-26.5,-15,0,100,100,0,150,89,-15.7
2/21/2023 14:05,12840,-85.7,-27.1,-23.9,-15,0,100,100,0,156,89,-15.7
2/21/2023 14:06,12900,-85.9,-24.5,-21.3,-15,0,100,101,0,158,90,-15.7
2/21/2023 14:07,12960,-86,-22,-18.8,-15,0,100,101,0,160,90,-15.7
2/21/2023 14:08,13020,-85.6,-19.5,-16.6,-15,0,100,99,0,156,87,-15.7
2/21/2023 14:09,13080,-84.6,-17.5,-15.5,-15,0,100,100,0,159,89,-15.7
2/21/2023 14:10,13140,-83.9,-16.4,-14.9,-15,0,100,101,0,158,89,-15.7
2/21/2023 14:11,13200,-83,-15.6,-14.6,-15,0,100,100,0,159,89,-15.7
2/21/2023 14:12,13260,-82.1,-15.4,-14.6,-15,0,100,100,0,160,89,-15.7
2/21/2023 14:13,13320,-81.3,-15.2,-14.6,-15,0,100,101,0,159,90,-15.7
2/21/2023 14:14,13380,-80.7,-15.2,-14.6,-15,0,100,100,0,159,89,-15.7
2/21/2023 14:15,13440,-80.3,-15.2,-14.7,-15,0,100,101,0,160,90,-15.7
2/21/2023 14:16,13500,-80,-15.4,-14.8,-15,0,100,100,0,159,89,-15.7
2/21/2023 14:17,13560,-79.8,-15.4,-14.8,-15,0,100,100,0,158,89,-15.7
2/21/2023 14:18,13620,-75.7,-17.1,-22.7,-40,0,100,98,0,157,87,-15.7
2/21/2023 14:19,13680,-71,-22.7,-27,-40,0,100,98,0,155,87,-15.7
2/21/2023 14:20,13740,-68.9,-27.2,-31.8,-40,0,100,100,0,158,89,-15.7
2/21/2023 14:21,13800,-68.3,-31.7,-36,-40,0,100,100,0,158,90,-15.7
2/21/2023 14:22,13860,-68.2,-35.7,-39.5,-40,0,100,100,0,157,89,-15.7
2/21/2023 14:23,13920,-68.6,-39,-41.6,-40,0,100,99,0,153,89,-15.7
2/21/2023 14:24,13980,-70.2,-41.1,-42.1,-40,0,100,101,0,151,90,-15.7
2/21/2023 14:25,14040,-71.8,-41.9,-42.1,-40,0,100,101,0,150,91,-15.7
2/21/2023 14:26,14100,-73.1,-42.1,-41.6,-40,0,100,101,0,150,90,-15.7
2/21/2023 14:27,14160,-74.2,-41.9,-41.1,-40,0,100,101,0,153,90,-15.7
2/21/2023 14:28,14220,-75.1,-41.5,-40.7,-40,0,100,100,0,154,90,-15.7
2/21/2023 14:29,14280,-75.7,-41.1,-40.3,-40,0,100,101,0,155,90,-15.7
2/21/2023 14:30,14340,-76,-40.7,-40.1,-40,0,100,100,0,154,90,-15.7
2/21/2023 14:31,14400,-76.3,-40.5,-39.9,-40,0,100,100,0,152,89,-15.7
2/21/2023 14:32,14460,-76.4,-40.4,-39.9,-40,0,100,99,0,145,89,-15.7
2/21/2023 14:33,14520,-76.6,-40.2,-39.8,-40,0,100,100,0,145,89,-15.7
2/21/2023 14:34,14580,-76.7,-40.2,-39.8,-40,0,100,100,0,145,90,-15.7
2/21/2023 14:35,14640,-76.7,-40.2,-39.8,-40,0,100,101,0,144,90,-15.7
2/21/2023 14:36,14700,-76.7,-40.2,-39.9,-40,0,100,100,0,143,90,-15.7
2/21/2023 14:37,14760,-76.8,-40.2,-39.9,-40,0,100,100,0,142,90,-15.7
2/21/2023 14:38,14820,-76.8,-40.2,-39.9,-40,0,100,101,0,142,91,-15.7
2/21/2023 14:39,14880,-76.8,-40.2,-39.9,-40,0,100,101,0,141,90,-15.7
2/21/2023 14:40,14940,-76.9,-40.2,-40,-40,0,100,100,0,140,90,-15.7
2/21/2023 14:41,15000,-76.9,-40.2,-39.9,-40,0,100,101,0,140,90,-15.7
2/21/2023 14:42,15060,-77,-40.2,-39.8,-40,0,100,101,0,139,90,-15.7
2/21/2023 14:43,15120,-76.9,-40.2,-39.9,-40,0,100,100,0,138,90,-15.7
2/21/2023 14:44,15180,-76.9,-40.2,-40,-40,0,100,100,0,138,90,-15.7
2/21/2023 14:45,15240,-77,-40.2,-39.8,-40,0,100,100,0,137,90,-15.7
2/21/2023 14:46,15300,-77,-40.2,-39.9,-40,0,100,101,0,137,91,-15.7
2/21/2023 14:47,15360,-77,-40.2,-39.9,-40,0,100,100,0,136,90,-15.7
2/21/2023 14:48,15420,-77,-40.2,-39.9,-40,0,100,101,0,136,90,-15.7
2/21/2023 14:49,15480,-76.9,-40.2,-39.9,-40,0,100,100,0,135,90,-15.7
2/21/2023 14:50,15540,-76.9,-40.2,-40,-40,0,100,101,0,135,90,-15.7
2/21/2023 14:51,15600,-77,-40.2,-39.9,-40,0,100,101,0,134,91,-15.7
2/21/2023 14:52,15660,-76.9,-40.3,-39.9,-40,0,100,100,0,133,90,-15.7
2/21/2023 14:53,15720,-76.9,-40.2,-39.9,-40,0,100,100,0,133,90,-15.7
2/21/2023 14:54,15780,-76.9,-40.2,-39.9,-40,0,100,101,0,133,91,-15.7
2/21/2023 14:55,15840,-76.9,-40.2,-39.9,-40,0,100,100,0,133,90,-15.7
2/21/2023 14:56,15900,-76.9,-40.2,-39.9,-40,0,100,101,0,133,91,-15.7
2/21/2023 14:57,15960,-76.9,-40.2,-39.9,-40,0,100,101,0,132,91,-15.7
2/21/2023 14:58,16020,-76.9,-40.2,-39.8,-40,0,100,101,0,132,90,-15.7
2/21/2023 14:59,16080,-76.9,-40.2,-39.9,-40,0,100,101,0,132,90,-15.7
2/21/2023 15:00,16140,-76.9,-40.2,-39.8,-40,0,100,100,0,131,90,-15.7
2/21/2023 15:01,16200,-76.8,-40.2,-39.9,-40,0,100,100,0,130,89,-15.7
2/21/2023 15:02,16260,-76.8,-40.2,-39.9,-40,0,100,100,0,130,89,-15.7
2/21/2023 15:03,16320,-76.8,-40.3,-39.9,-40,0,100,100,0,130,89,-15.7
2/21/2023 15:04,16380,-76.8,-40.3,-39.8,-40,0,100,100,0,130,90,-15.7
2/21/2023 15:05,16440,-76.8,-40.2,-39.9,-40,0,100,100,0,130,90,-15.7
2/21/2023 15:06,16500,-76.8,-40.2,-40,-40,0,100,99,0,129,89,-15.7
2/21/2023 15:07,16560,-76.8,-40.2,-40,-40,0,100,100,0,129,89,-15.7
2/21/2023 15:08,16620,-76.8,-40.2,-39.9,-40,0,100,100,0,129,90,-15.7
2/21/2023 15:09,16680,-76.7,-40.2,-39.9,-40,0,100,100,0,129,90,-15.7
2/21/2023 15:10,16740,-76.8,-40.2,-39.9,-40,0,100,100,0,129,90,-15.7
2/21/2023 15:11,16800,-76.7,-40.2,-39.9,-40,0,100,100,0,128,90,-15.7
2/21/2023 15:12,16860,-76.7,-40.3,-39.8,-40,0,100,100,0,128,89,-15.7
2/21/2023 15:13,16920,-76.8,-40.2,-39.9,-40,0,100,100,0,128,90,-15.7
2/21/2023 15:14,16980,-76.7,-40.2,-39.9,-40,0,100,100,0,128,90,-15.7
2/21/2023 15:15,17040,-76.6,-40.2,-39.9,-40,0,100,100,0,127,89,-15.7
2/21/2023 15:16,17100,-76.6,-40.2,-39.8,-40,0,100,101,0,128,91,-15.7
2/21/2023 15:17,17160,-76.6,-40.2,-39.9,-40,0,100,101,0,128,91,-15.7
2/21/2023 15:18,17220,-76.6,-40.3,-39.9,-40,0,100,100,0,128,90,-15.7
2/21/2023 15:19,17280,-76.6,-40.3,-39.9,-40,0,100,101,0,128,90,-15.7
2/21/2023 15:20,17340,-76.6,-40.2,-39.9,-40,0,100,101,0,128,91,-15.7
2/21/2023 15:21,17400,-76.7,-40.2,-39.8,-40,0,100,100,0,127,89,-15.7
2/21/2023 15:22,17460,-76.6,-40.2,-40,-40,0,100,100,0,127,90,-15.7
2/21/2023 15:23,17520,-76.6,-40.3,-39.9,-40,0,100,100,0,127,90,-15.7
2/21/2023 15:24,17580,-76.6,-40.2,-39.8,-40,0,100,100,0,127,90,-15.7
2/21/2023 15:25,17640,-76.5,-40.2,-39.9,-40,0,100,100,0,127,90,-15.7
2/21/2023 15:26,17700,-76.5,-40.2,-39.9,-40,0,100,100,0,127,90,-15.7
2/21/2023 15:27,17760,-76.5,-40.2,-39.9,-40,0,100,101,0,127,90,-15.7
2/21/2023 15:28,17820,-77.5,-40.2,-38,-15,0,100,100,0,131,90,-15.7
2/21/2023 15:29,17880,-80.9,-38.1,-34.8,-15,0,100,100,0,145,90,-15.7
2/21/2023 15:30,17940,-82.9,-35.4,-32.1,-15,0,100,100,0,154,89,-15.7
2/21/2023 15:31,18000,-84.3,-32.7,-29.4,-15,0,100,100,0,156,89,-15.7
2/21/2023 15:32,18060,-84.9,-30,-26.8,-15,0,100,100,0,158,89,-15.7
2/21/2023 15:33,18120,-85.2,-27.4,-24.2,-15,0,100,100,0,159,89,-15.7
2/21/2023 15:34,18180,-85.3,-24.8,-21.6,-15,0,100,101,0,160,89,-15.7
2/21/2023 15:35,18240,-85.4,-22.2,-19.1,-15,0,100,100,0,158,88,-15.7
2/21/2023 15:36,18300,-85.2,-19.7,-16.8,-15,0,100,100,0,159,89,-15.7
2/21/2023 15:37,18360,-84.3,-17.7,-15.6,-15,0,100,100,0,158,89,-15.7
2/21/2023 15:38,18420,-83.6,-16.5,-15,-15,0,100,100,0,160,89,-15.7
2/21/2023 15:39,18480,-82.7,-15.7,-14.6,-15,0,100,99,0,157,88,-15.7
2/21/2023 15:40,18540,-81.8,-15.3,-14.5,-15,0,100,101,0,159,89,-15.7
2/21/2023 15:41,18600,-81.1,-15.2,-14.5,-15,0,100,99,0,157,88,-15.7
2/21/2023 15:42,18660,-80.4,-15.1,-14.6,-15,0,100,101,0,160,89,-15.7
2/21/2023 15:43,18720,-79.9,-15.2,-14.7,-15,0,100,100,0,158,89,-15.7
2/21/2023 15:44,18780,-79.6,-15.4,-14.8,-15,0,100,101,0,160,90,-15.7
2/21/2023 15:45,18840,-79.4,-15.4,-14.8,-15,0,100,100,0,159,89,-15.7
2/21/2023 15:46,18900,-79.3,-15.4,-14.8,-15,0,100,101,0,160,89,-15.7
2/21/2023 15:47,18960,-79.1,-15.4,-14.8,-15,0,100,100,0,160,89,-15.7
2/21/2023 15:48,19020,-79,-15.5,-14.8,-15,0,100,99,0,157,88,-15.7
2/21/2023 15:49,19080,-78.9,-15.5,-14.9,-15,0,100,100,0,158,88,-15.7
2/21/2023 15:50,19140,-78.9,-15.5,-14.8,-15,0,100,100,0,160,89,-15.7
2/21/2023 15:51,19200,-78.8,-15.5,-14.9,-15,0,100,100,0,159,89,-15.7
2/21/2023 15:52,19260,-78.8,-15.5,-14.8,-15,0,100,100,0,159,89,-15.7
2/21/2023 15:53,19320,-78.7,-15.5,-14.8,-15,0,100,100,0,158,89,-15.7
2/21/2023 15:54,19380,-78.7,-15.5,-14.9,-15,0,100,99,0,157,88,-15.7
2/21/2023 15:55,19440,-78.6,-15.5,-14.9,-15,0,100,101,0,159,90,-15.7
2/21/2023 15:56,19500,-78.6,-15.5,-14.8,-15,0,100,99,0,157,88,-15.7
2/21/2023 15:57,19560,-78.5,-15.5,-14.9,-15,0,100,100,0,159,89,-15.7
2/21/2023 15:58,19620,-78.6,-15.5,-14.9,-15,0,100,100,0,158,89,-15.7
2/21/2023 15:59,19680,-78.5,-15.5,-14.9,-15,0,100,99,0,157,88,-15.7
2/21/2023 16:00,19740,-78.5,-15.5,-14.9,-15,0,100,101,0,160,90,-15.7
2/21/2023 16:01,19800,-78.5,-15.5,-14.8,-15,0,100,100,0,159,89,-15.7
2/21/2023 16:02,19860,-78.4,-15.5,-14.9,-15,0,100,101,0,160,90,-15.7
2/21/2023 16:03,19920,-78.4,-15.5,-14.9,-15,0,100,100,0,158,89,-15.7
2/21/2023 16:04,19980,-78.4,-15.5,-14.8,-15,0,100,99,0,157,88,-15.7
2/21/2023 16:05,20040,-78.3,-15.5,-14.8,-15,0,100,101,0,160,90,-15.7
2/21/2023 16:06,20100,-78.3,-15.5,-14.8,-15,0,100,101,0,160,90,-15.7
2/21/2023 16:07,20160,-78.3,-15.5,-14.8,-15,0,100,100,0,159,89,-15.7
2/21/2023 16:08,20220,-78.3,-15.5,-14.8,-15,0,100,101,0,159,90,-15.7
2/21/2023 16:09,20280,-78.3,-15.5,-14.8,-15,0,100,100,0,159,89,-15.7
2/21/2023 16:10,20340,-78.2,-15.5,-14.8,-15,0,100,101,0,160,89,-15.7
2/21/2023 16:11,20400,-78.2,-15.5,-14.8,-15,0,100,100,0,158,89,-15.7
2/21/2023 16:12,20460,-78.2,-15.5,-14.8,-15,0,100,100,0,159,89,-15.7
2/21/2023 16:13,20520,-78.2,-15.5,-14.9,-15,0,100,100,0,158,89,-15.7
2/21/2023 16:14,20580,-78.2,-15.5,-14.9,-15,0,100,101,0,160,90,-15.7
2/21/2023 16:15,20640,-78.2,-15.5,-14.8,-15,0,100,100,0,156,89,-15.7
2/21/2023 16:16,20700,-78.2,-15.5,-14.8,-15,0,100,98,0,157,87,-15.7
2/21/2023 16:17,20760,-78.2,-15.5,-14.8,-15,0,100,99,0,158,88,-15.7
2/21/2023 16:18,20820,-78.1,-15.5,-14.8,-15,0,100,102,0,161,91,-15.7
2/21/2023 16:19,20880,-78.1,-15.5,-14.8,-15,0,100,102,0,160,91,-15.7
2/21/2023 16:20,20940,-78.1,-15.4,-14.8,-15,0,100,100,0,156,89,-15.7
2/21/2023 16:21,21000,-78.1,-15.5,-14.8,-15,0,100,100,0,161,90,-15.7
2/21/2023 16:22,21060,-78.1,-15.4,-14.8,-15,0,100,102,0,160,91,-15.7
2/21/2023 16:23,21120,-78.1,-15.5,-14.8,-15,0,100,99,0,156,88,-15.7
2/21/2023 16:24,21180,-78.1,-15.5,-14.8,-15,0,100,102,0,162,91,-15.7
2/21/2023 16:25,21240,-78.1,-15.5,-14.8,-15,0,100,101,0,159,90,-15.7
2/21/2023 16:26,21300,-78.1,-15.4,-14.8,-15,0,100,99,0,156,88,-15.7
2/21/2023 16:27,21360,-78.1,-15.4,-14.8,-15,0,100,100,0,160,89,-15.7
2/21/2023 16:28,21420,-78.1,-15.4,-14.8,-15,0,100,102,0,160,91,-15.7
2/21/2023 16:29,21480,-78.1,-15.4,-14.8,-15,0,100,99,0,157,88,-15.7
2/21/2023 16:30,21540,-78.1,-15.4,-14.8,-15,0,100,101,0,161,90,-15.7
2/21/2023 16:31,21600,-78.1,-15.4,-14.8,-15,0,100,101,0,159,90,-15.7
2/21/2023 16:32,21660,-78.1,-15.4,-14.8,-15,0,100,99,0,158,88,-15.7
2/21/2023 16:33,21720,-78,-15.5,-14.9,-15,0,100,102,0,161,91,-15.7
2/21/2023 16:34,21780,-78,-15.5,-14.9,-15,0,100,99,0,156,88,-15.7
2/21/2023 16:35,21840,-78,-15.5,-14.8,-15,0,100,100,0,160,90,-15.7
2/21/2023 16:36,21900,-78.1,-15.5,-14.8,-15,0,100,102,0,161,91,-15.6
2/21/2023 16:37,21960,-78.1,-15.4,-14.8,-15,0,100,99,0,156,88,-15.7
2/21/2023 16:38,22020,-78.1,-15.4,-14.8,-15,0,100,101,0,160,90,-15.7
2/21/2023 16:39,22080,-78,-15.4,-14.8,-15,0,100,102,0,159,91,-15.6
2/21/2023 16:40,22140,-78.1,-15.4,-14.8,-15,0,100,98,0,155,87,-15.6
2/21/2023 16:41,22200,-78.1,-15.5,-14.8,-15,0,100,102,0,161,91,-15.7
2/21/2023 16:42,22260,-78,-15.4,-14.8,-15,0,100,99,0,155,88,-15.6
2/21/2023 16:43,22320,-78,-15.4,-14.8,-15,0,100,100,0,159,89,-15.7
2/21/2023 16:44,22380,-78,-15.5,-14.8,-15,0,100,101,0,160,91,-15.6
2/21/2023 16:45,22440,-78.1,-15.5,-14.9,-15,0,100,98,0,155,87,-15.6
2/21/2023 16:46,22500,-78,-15.5,-14.9,-15,0,100,102,0,162,91,-15.6
2/21/2023 16:47,22560,-78,-15.5,-14.8,-15,0,100,100,0,158,89,-15.6
2/21/2023 16:48,22620,-78.1,-15.4,-14.8,-15,0,100,98,0,157,88,-15.6
2/21/2023 16:49,22680,-78,-15.4,-14.8,-15,0,100,102,0,161,91,-15.6
2/21/2023 16:50,22740,-78,-15.4,-14.8,-15,0,100,98,0,156,88,-15.6
2/21/2023 16:51,22800,-78,-15.4,-14.8,-15,0,100,102,0,162,91,-15.6
2/21/2023 16:52,22860,-78,-15.4,-14.9,-15,0,100,100,0,156,89,-15.6
2/21/2023 16:53,22920,-78,-15.5,-14.9,-15,0,100,100,0,159,89,-15.6
2/21/2023 16:54,22980,-78,-15.5,-14.9,-15,0,100,102,0,160,91,-15.7
2/21/2023 16:55,23040,-78,-15.5,-14.8,-15,0,100,99,0,157,88,-15.7
2/21/2023 16:56,23100,-78,-15.4,-14.8,-15,0,100,102,0,162,91,-15.7
2/21/2023 16:57,23160,-78,-15.4,-14.8,-15,0,100,100,0,156,89,-15.7
2/21/2023 16:58,23220,-78,-15.4,-14.8,-15,0,100,100,0,160,90,-15.6
2/21/2023 16:59,23280,-78,-15.4,-14.8,-15,0,100,101,0,159,90,-15.6
2/21/2023 17:00,23340,-78,-15.4,-14.9,-15,0,100,101,0,160,90,-15.6
2/21/2023 17:01,23400,-78,-15.5,-15,-15,0,100,101,0,158,90,-15.7
2/21/2023 17:02,23460,-78.1,-15.5,-14.8,-15,0,100,99,0,157,88,-15.6
2/21/2023 17:03,23520,-78.1,-15.4,-14.8,-15,0,100,102,0,162,92,-15.7
2/21/2023 17:04,23580,-78.1,-15.4,-14.8,-15,0,100,99,0,157,88,-15.7
2/21/2023 17:05,23640,-78.1,-15.4,-14.8,-15,0,100,102,0,160,91,-15.7
2/21/2023 17:06,23700,-78.1,-15.4,-14.8,-15,0,100,99,0,157,88,-15.7
2/21/2023 17:07,23760,-78,-15.4,-14.9,-15,0,100,102,0,159,91,-15.7
2/21/2023 17:08,23820,-78,-15.4,-14.8,-15,0,100,99,0,157,88,-15.7
2/21/2023 17:09,23880,-78,-15.4,-14.8,-15,0,100,101,0,160,91,-15.7
2/21/2023 17:10,23940,-78,-15.4,-14.8,-15,0,100,99,0,158,88,-15.7
2/21/2023 17:11,24000,-78,-15.4,-14.8,-15,0,100,101,0,158,90,-15.7
2/21/2023 17:12,24060,-77.9,-15.4,-14.9,-15,0,100,100,0,158,89,-15.6
2/21/2023 17:13,24120,-78,-15.5,-14.9,-15,0,100,101,0,159,91,-15.7
2/21/2023 17:14,24180,-77.9,-15.5,-14.9,-15,0,100,99,0,158,89,-15.7
2/21/2023 17:15,24240,-78,-15.4,-14.8,-15,0,100,102,0,160,91,-15.7
2/21/2023 17:16,24300,-78,-15.4,-14.8,-15,0,100,99,0,156,88,-15.7
2/21/2023 17:17,24360,-78,-15.4,-14.8,-15,0,100,102,0,161,92,-15.7
2/21/2023 17:18,24420,-78,-15.4,-14.9,-15,0,100,99,0,157,88,-15.7
2/21/2023 17:19,24480,-77.9,-15.4,-14.8,-15,0,100,102,0,160,91,-15.7
2/21/2023 17:20,24540,-77.9,-15.4,-14.8,-15,0,100,99,0,157,88,-15.7
2/21/2023 17:21,24600,-78,-15.4,-14.9,-15,0,100,100,0,157,90,-15.7
2/21/2023 17:22,24660,-78,-15.4,-14.8,-15,0,100,101,0,160,90,-15.7
2/21/2023 17:23,24720,-78,-15.4,-14.8,-15,0,100,101,0,157,90,-15.7
2/21/2023 17:24,24780,-78,-15.4,-14.8,-15,0,100,100,0,159,89,-15.7
2/21/2023 17:25,24840,-78,-15.4,-14.8,-15,0,100,100,0,158,90,-15.6
2/21/2023 17:26,24900,-78,-15.4,-14.9,-15,0,100,101,0,158,90,-15.6
2/21/2023 17:27,24960,-78,-15.4,-15,-15,0,100,101,0,159,90,-15.7
2/21/2023 17:28,25020,-78,-15.5,-14.8,-15,0,100,100,0,158,89,-15.7
2/21/2023 17:29,25080,-78,-15.4,-14.8,-15,0,100,101,0,159,90,-15.7
2/21/2023 17:30,25140,-78,-15.4,-14.9,-15,0,100,101,0,159,90,-15.7
2/21/2023 17:31,25200,-77.9,-15.4,-14.9,-15,0,100,101,0,158,90,-15.6
2/21/2023 17:32,25260,-77.9,-15.4,-14.8,-15,0,100,99,0,156,89,-15.7
2/21/2023 17:33,25320,-78,-15.4,-14.8,-15,0,100,99,0,157,89,-15.7
2/21/2023 17:34,25380,-78,-15.4,-14.8,-15,0,100,102,0,161,91,-15.7
2/21/2023 17:35,25440,-78,-15.4,-14.9,-15,0,100,99,0,157,88,-15.6
2/21/2023 17:36,25500,-77.9,-15.4,-14.9,-15,0,100,102,0,160,91,-15.6
2/21/2023 17:37,25560,-78,-15.4,-14.8,-15,0,100,101,0,161,90,-15.6
2/21/2023 17:38,25620,-78,-15.4,-14.8,-15,0,100,100,0,156,89,-15.7
2/21/2023 17:39,25680,-78,-15.4,-14.8,-15,0,100,102,0,160,91,-15.6
2/21/2023 17:40,25740,-78,-15.4,-14.8,-15,0,100,98,0,155,88,-15.6
2/21/2023 17:41,25800,-77.9,-15.4,-14.9,-15,0,100,102,0,159,91,-15.7
2/21/2023 17:42,25860,-77.9,-15.4,-14.9,-15,0,100,99,0,158,89,-15.7
2/21/2023 17:43,25920,-78,-15.4,-14.8,-15,0,100,101,0,157,90,-15.7
2/21/2023 17:44,25980,-78,-15.4,-14.9,-15,0,100,101,0,161,91,-15.6
2/21/2023 17:45,26040,-78,-15.4,-14.8,-15,0,100,98,0,154,87,-15.6
2/21/2023 17:46,26100,-78.1,-15.4,-14.8,-15,0,100,102,0,159,91,-15.7
2/21/2023 17:47,26160,-78.1,-15.4,-14.8,-15,0,100,100,0,159,89,-15.6
2/21/2023 17:48,26220,-78,-15.4,-14.9,-15,0,100,100,0,157,90,-15.7
2/21/2023 17:49,26280,-78,-15.4,-14.9,-15,0,100,102,0,161,91,-15.7
2/21/2023 17:50,26340,-78,-15.4,-14.9,-15,0,100,99,0,158,89,-15.7
2/21/2023 17:51,26400,-78,-15.4,-14.9,-15,0,100,100,0,157,90,-15.7
2/21/2023 17:52,26460,-78,-15.4,-14.8,-15,0,100,102,0,161,91,-15.6
2/21/2023 17:53,26520,-78,-15.4,-14.8,-15,0,100,99,0,157,88,-15.7
2/21/2023 17:54,26580,-78,-15.4,-14.8,-15,0,100,101,0,157,90,-15.6
2/21/2023 17:55,26640,-78,-15.4,-14.9,-15,0,100,102,0,160,91,-15.6
2/21/2023 17:56,26700,-78,-15.4,-14.9,-15,0,100,99,0,157,88,-15.7
2/21/2023 17:57,26760,-78,-15.4,-14.8,-15,0,100,102,0,160,91,-15.6
2/21/2023 17:58,26820,-78,-15.4,-14.8,-15,0,100,101,0,160,90,-15.6
2/21/2023 17:59,26880,-78.1,-15.4,-14.8,-15,0,100,99,0,155,89,-15.6
2/21/2023 18:00,26940,-78,-15.4,-14.9,-15,0,100,102,0,160,91,-15.7
2/21/2023 18:01,27000,-78,-15.4,-14.9,-15,0,100,99,0,157,88,-15.7
2/21/2023 18:02,27060,-78,-15.4,-14.8,-15,0,100,100,0,156,90,-15.7
2/21/2023 18:03,27120,-78,-15.4,-14.8,-15,0,100,102,0,161,91,-15.7
2/21/2023 18:04,27180,-78,-15.4,-14.8,-15,0,100,99,0,156,88,-15.7
2/21/2023 18:05,27240,-77.9,-15.4,-14.8,-15,0,100,101,0,158,90,-15.7
2/21/2023 18:06,27300,-77.9,-15.4,-14.8,-15,0,100,101,0,160,90,-15.7
2/21/2023 18:07,27360,-78,-15.4,-14.8,-15,0,100,98,0,156,88,-15.7
2/21/2023 18:08,27420,-77.9,-15.4,-14.9,-15,0,100,100,0,156,89,-15.7
2/21/2023 18:09,27480,-77.9,-15.4,-14.9,-15,0,100,101,0,157,90,-15.7
2/21/2023 18:10,27540,-77.9,-15.4,-14.8,-15,0,100,101,0,160,91,-15.7
2/21/2023 18:11,27600,-77.9,-15.4,-14.8,-15,0,100,99,0,155,88,-15.7
2/21/2023 18:12,27660,-77.9,-15.4,-14.8,-15,0,100,101,0,159,91,-15.6
2/21/2023 18:13,27720,-77.9,-15.4,-14.9,-15,0,100,100,0,158,89,-15.7
2/21/2023 18:14,27780,-77.9,-15.4,-14.8,-15,0,100,99,0,156,88,-15.7
2/21/2023 18:15,27840,-77.9,-15.4,-14.9,-15,0,100,99,0,155,89,-15.7
2/21/2023 18:16,27900,-77.9,-15.4,-14.9,-15,0,100,102,0,160,91,-15.6
2/21/2023 18:17,27960,-77.8,-15.4,-14.8,-15,0,100,101,0,160,90,-15.7
2/21/2023 18:18,28020,-77.9,-15.4,-14.8,-15,0,100,100,0,156,89,-15.7
2/21/2023 18:19,28080,-77.9,-15.4,-14.8,-15,0,100,102,0,159,91,-15.7
2/21/2023 18:20,28140,-77.9,-15.4,-14.8,-15,0,100,100,0,158,89,-15.7
2/21/2023 18:21,28200,-77.8,-15.4,-14.9,-15,0,100,100,0,156,89,-15.6
2/21/2023 18:22,28260,-77.8,-15.4,-14.9,-15,0,100,102,0,160,92,-15.6
2/21/2023 18:23,28320,-77.8,-15.4,-14.8,-15,0,100,100,0,160,90,-15.7
2/21/2023 18:24,28380,-77.8,-15.4,-14.9,-15,0,100,98,0,155,88,-15.7
2/21/2023 18:25,28440,-77.9,-15.4,-14.8,-15,0,100,101,0,157,91,-15.7
2/21/2023 18:26,28500,-77.8,-15.4,-14.9,-15,0,100,102,0,160,91,-15.6
2/21/2023 18:27,28560,-77.9,-15.4,-14.8,-15,0,100,100,0,157,89,-15.7
2/21/2023 18:28,28620,-77.8,-15.4,-14.9,-15,0,100,99,0,155,88,-15.7
2/21/2023 18:29,28680,-77.9,-15.4,-14.8,-15,0,100,101,0,157,91,-15.7
2/21/2023 18:30,28740,-77.8,-15.4,-14.8,-15,0,100,102,0,160,91,-15.7
2/21/2023 18:31,28800,-77.8,-15.4,-14.9,-15,0,100,100,0,159,90,-15.6
2/21/2023 18:32,28860,-77.9,-15.4,-14.8,-15,0,100,99,0,154,88,-15.6
2/21/2023 18:33,28920,-77.9,-15.4,-14.8,-15,0,100,101,0,157,90,-15.6
2/21/2023 18:34,28980,-77.9,-15.4,-14.9,-15,0,100,102,0,160,91,-15.7
2/21/2023 18:35,29040,-77.9,-15.4,-14.9,-15,0,100,99,0,158,89,-15.7
2/21/2023 18:36,29100,-77.9,-15.4,-14.8,-15,0,100,98,0,154,88,-15.7
2/21/2023 18:37,29160,-77.9,-15.4,-14.9,-15,0,100,101,0,157,90,-15.6
2/21/2023 18:38,29220,-77.9,-15.4,-14.8,-15,0,100,102,0,160,91,-15.6
2/21/2023 18:39,29280,-77.9,-15.4,-14.8,-15,0,100,99,0,158,89,-15.6
2/21/2023 18:40,29340,-77.9,-15.4,-14.9,-15,0,100,99,0,156,89,-15.6
2/21/2023 18:41,29400,-77.9,-15.4,-14.9,-15,0,100,100,0,155,90,-15.7
2/21/2023 18:42,29460,-77.9,-15.4,-15,-15,0,100,100,0,155,90,-15.6
2/21/2023 18:43,29520,-78,-15.4,-14.8,-15,0,100,101,0,158,91,-15.7
2/21/2023 18:44,29580,-78,-15.4,-14.8,-15,0,100,102,0,160,91,-15.6
2/21/2023 18:45,29640,-78,-15.4,-14.8,-15,0,100,100,0,159,90,-15.7
2/21/2023 18:46,29700,-78,-15.4,-14.9,-15,0,100,99,0,156,88,-15.6
2/21/2023 18:47,29760,-78,-15.4,-14.9,-15,0,100,99,0,154,88,-15.6
2/21/2023 18:48,29820,-78,-15.4,-14.9,-15,0,100,101,0,156,90,-15.6
2/21/2023 18:49,29880,-78,-15.4,-14.9,-15,0,100,102,0,159,91,-15.7
2/21/2023 18:50,29940,-78,-15.4,-14.8,-15,0,100,102,0,160,91,-15.6
2/21/2023 18:51,30000,-78,-15.4,-14.8,-15,0,100,99,0,157,89,-15.6
2/21/2023 18:52,30060,-78,-15.4,-14.8,-15,0,100,99,0,155,89,-15.6
2/21/2023 18:53,30120,-78,-15.4,-14.8,-15,0,100,100,0,156,90,-15.6
2/21/2023 18:54,30180,-78,-15.4,-14.8,-15,0,100,100,0,156,90,-15.7
2/21/2023 18:55,30240,-78,-15.4,-14.9,-15,0,100,102,0,159,91,-15.6
2/21/2023 18:56,30300,-78,-15.4,-14.9,-15,0,100,101,0,158,90,-15.7
2/21/2023 18:57,30360,-78,-15.4,-14.9,-15,0,100,99,0,155,89,-15.7
2/21/2023 18:58,30420,-77.9,-15.4,-14.8,-15,0,100,100,0,156,89,-15.6
2/21/2023 18:59,30480,-77.9,-15.4,-14.8,-15,0,100,100,0,157,90,-15.6
2/21/2023 19:00,30540,-77.9,-15.4,-14.8,-15,0,100,101,0,158,90,-15.7
2/21/2023 19:01,30600,-77.9,-15.4,-14.9,-15,0,100,101,0,158,90,-15.6
2/21/2023 19:02,30660,-77.9,-15.4,-14.9,-15,0,100,100,0,157,90,-15.6
2/21/2023 19:03,30720,-78,-15.4,-14.8,-15,0,100,100,0,156,89,-15.6
2/21/2023 19:04,30780,-78,-15.4,-14.8,-15,0,100,100,0,157,90,-15.7
2/21/2023 19:05,30840,-78,-15.4,-14.9,-15,0,100,100,0,157,90,-15.7
2/21/2023 19:06,30900,-78,-15.4,-14.9,-15,0,100,100,0,158,90,-15.7
2/21/2023 19:07,30960,-78,-15.4,-14.9,-15,0,100,100,0,158,90,-15.7
2/21/2023 19:08,31020,-78,-15.4,-14.9,-15,0,100,101,0,158,90,-15.6
2/21/2023 19:09,31080,-78,-15.4,-14.8,-15,0,100,100,0,157,89,-15.6
2/21/2023 19:10,31140,-78,-15.4,-14.8,-15,0,100,100,0,157,90,-15.7
2/21/2023 19:11,31200,-78.1,-15.4,-14.8,-15,0,100,100,0,157,90,-15.7
2/21/2023 19:12,31260,-78,-15.4,-14.8,-15,0,100,100,0,158,90,-15.7
2/21/2023 19:13,31320,-78,-15.4,-14.9,-15,0,100,100,0,157,90,-15.7
2/21/2023 19:14,31380,-78,-15.4,-14.9,-15,0,100,100,0,156,89,-15.7
2/21/2023 19:15,31440,-78,-15.4,-14.9,-15,0,100,100,0,157,89,-15.6
2/21/2023 19:16,31500,-78,-15.4,-14.8,-15,0,100,100,0,156,89,-15.7
2/21/2023 19:17,31560,-78,-15.4,-14.8,-15,0,100,100,0,157,90,-15.7
2/21/2023 19:18,31620,-78,-15.4,-14.8,-15,0,100,101,0,158,90,-15.7
2/21/2023 19:19,31680,-78.1,-15.4,-14.8,-15,0,100,100,0,157,90,-15.7
2/21/2023 19:20,31740,-78,-15.4,-14.9,-15,0,100,101,0,158,90,-15.7
2/21/2023 19:21,31800,-78,-15.4,-14.9,-15,0,100,101,0,158,90,-15.6
2/21/2023 19:22,31860,-78,-15.4,-14.8,-15,0,100,101,0,157,90,-15.7
2/21/2023 19:23,31920,-78,-15.4,-14.8,-15,0,100,100,0,157,90,-15.7
2/21/2023 19:24,31980,-78,-15.4,-14.8,-15,0,100,100,0,157,90,-15.6
2/21/2023 19:25,32040,-78,-15.4,-14.9,-15,0,100,100,0,157,89,-15.7
2/21/2023 19:26,32100,-78.1,-15.4,-14.8,-15,0,100,99,0,154,88,-15.6
2/21/2023 19:27,32160,-78,-15.4,-14.9,-15,0,100,98,0,155,88,-15.7
2/21/2023 19:28,32220,-78,-15.4,-14.8,-15,0,100,99,0,156,89,-15.6
2/21/2023 19:29,32280,-78,-15.4,-14.8,-15,0,100,101,0,158,90,-15.7
2/21/2023 19:30,32340,-78.1,-15.4,-14.9,-15,0,100,101,0,157,90,-15.6
2/21/2023 19:31,32400,-78.1,-15.4,-14.8,-15,0,100,100,0,156,89,-15.6
2/21/2023 19:32,32460,-78.1,-15.4,-14.8,-15,0,100,100,0,156,90,-15.6
2/21/2023 19:33,32520,-78.1,-15.4,-14.8,-15,0,100,100,0,157,90,-15.7
2/21/2023 19:34,32580,-78.1,-15.4,-14.9,-15,0,100,100,0,156,90,-15.7
2/21/2023 19:35,32640,-78.1,-15.4,-14.9,-15,0,100,100,0,157,90,-15.6
2/21/2023 19:36,32700,-78.1,-15.4,-14.9,-15,0,100,100,0,157,90,-15.6
2/21/2023 19:37,32760,-78.1,-15.4,-14.9,-15,0,100,100,0,157,90,-15.7
2/21/2023 19:38,32820,-78.2,-15.4,-14.9,-15,0,100,100,0,156,89,-15.7
2/21/2023 19:39,32880,-78.1,-15.4,-14.8,-15,0,100,101,0,157,90,-15.6
2/21/2023 19:40,32940,-78.2,-15.4,-14.8,-15,0,100,100,0,157,90,-15.6
2/21/2023 19:41,33000,-78.1,-15.4,-14.8,-15,0,100,101,0,157,90,-15.6
2/21/2023 19:42,33060,-78.1,-15.4,-14.9,-15,0,100,100,0,157,90,-15.7
2/21/2023 19:43,33120,-78.1,-15.4,-14.8,-15,0,100,100,0,156,90,-15.6
2/21/2023 19:44,33180,-78.1,-15.4,-14.9,-15,0,100,101,0,157,90,-15.6
2/21/2023 19:45,33240,-78.1,-15.4,-14.9,-15,0,100,99,0,155,89,-15.6
2/21/2023 19:46,33300,-78,-15.4,-14.9,-15,0,100,100,0,157,90,-15.7
2/21/2023 19:47,33360,-78.1,-15.4,-14.9,-15,0,100,100,0,157,90,-15.6
2/21/2023 19:48,33420,-78.1,-15.4,-14.8,-15,0,100,100,0,156,89,-15.6
2/21/2023 19:49,33480,-78.1,-15.4,-14.8,-15,0,100,100,0,156,90,-15.6
2/21/2023 19:50,33540,-78.2,-15.4,-14.8,-15,0,100,101,0,157,90,-15.6
2/21/2023 19:51,33600,-78.2,-15.4,-14.8,-15,0,100,99,0,155,89,-15.6
2/21/2023 19:52,33660,-78.2,-15.4,-14.9,-15,0,100,100,0,156,90,-15.6
2/21/2023 19:53,33720,-78.2,-15.4,-14.8,-15,0,100,100,0,157,90,-15.6
2/21/2023 19:54,33780,-78.3,-15.4,-14.9,-15,0,100,99,0,155,88,-15.6
2/21/2023 19:55,33840,-78.2,-15.4,-14.9,-15,0,100,100,0,155,90,-15.6
2/21/2023 19:56,33900,-78.2,-15.4,-14.9,-15,0,100,101,0,157,90,-15.6
2/21/2023 19:57,33960,-78.3,-15.4,-14.9,-15,0,100,101,0,157,90,-15.6
2/21/2023 19:58,34020,-78.3,-15.4,-14.8,-15,0,100,100,0,156,90,-15.6
2/21/2023 19:59,34080,-78.3,-15.4,-14.9,-15,0,100,100,0,156,90,-15.6
2/21/2023 20:00,34140,-78.3,-15.4,-14.8,-15,0,100,100,0,156,90,-15.6
2/21/2023 20:01,34200,-78.4,-15.4,-14.8,-15,0,100,100,0,155,90,-15.6
2/21/2023 20:02,34260,-78.4,-15.4,-14.8,-15,0,100,100,0,154,89,-15.6
2/21/2023 20:03,34320,-78.3,-15.4,-14.8,-15,0,100,100,0,155,90,-15.6
2/21/2023 20:04,34380,-78.3,-15.4,-14.9,-15,0,100,100,0,155,89,-15.6
2/21/2023 20:05,34440,-78.3,-15.4,-14.9,-15,0,100,100,0,156,90,-15.6
2/21/2023 20:06,34500,-78.2,-15.4,-14.9,-15,0,100,100,0,156,90,-15.6
2/21/2023 20:07,34560,-78.3,-15.4,-14.8,-15,0,100,99,0,153,88,-15.6
2/21/2023 20:08,34620,-78.3,-15.4,-14.8,-15,0,100,101,0,156,90,-15.6
2/21/2023 20:09,34680,-78.3,-15.4,-14.8,-15,0,100,101,0,156,90,-15.6
2/21/2023 20:10,34740,-78.3,-15.4,-14.8,-15,0,100,100,0,155,89,-15.6
2/21/2023 20:11,34800,-78.3,-15.4,-14.9,-15,0,100,100,0,155,90,-15.6
2/21/2023 20:12,34860,-78.3,-15.4,-14.9,-15,0,100,101,0,156,90,-15.6
2/21/2023 20:13,34920,-78.3,-15.4,-14.9,-15,0,100,101,0,156,90,-15.6
2/21/2023 20:14,34980,-78.3,-15.4,-14.8,-15,0,100,101,0,156,90,-15.6
2/21/2023 20:15,35040,-78.3,-15.4,-14.8,-15,0,100,100,0,156,90,-15.6
2/21/2023 20:16,35100,-78.2,-15.4,-14.9,-15,0,100,99,0,153,89,-15.6
2/21/2023 20:17,35160,-77.8,-15.4,-15,-15,0,100,126,0,198,115,-15.6
2/21/2023 20:18,35220,-78.2,-15.4,-14.8,-15,0,100,101,0,156,90,-15.6
2/21/2023 20:19,35280,-78.2,-15.4,-14.8,-15,0,100,100,0,155,90,-15.6
2/21/2023 20:20,35340,-78.1,-15.4,-14.9,-15,0,100,101,0,156,90,-15.6
2/21/2023 20:21,35400,-78.1,-15.4,-14.9,-15,0,100,101,0,155,90,-15.6
2/21/2023 20:22,35460,-78.1,-15.4,-14.9,-15,0,100,100,0,154,90,-15.6
2/21/2023 20:23,35520,-78.2,-15.4,-14.9,-15,0,100,100,0,155,90,-15.6
2/21/2023 20:24,35580,-78.2,-15.4,-14.9,-15,0,100,100,0,154,90,-15.6
2/21/2023 20:25,35640,-78.3,-15.4,-14.8,-15,0,100,100,0,155,90,-15.6
2/21/2023 20:26,35700,-78.3,-15.4,-14.9,-15,0,100,100,0,155,90,-15.6
2/21/2023 20:27,35760,-78.3,-15.4,-14.9,-15,0,100,99,0,154,89,-15.6
2/21/2023 20:28,35820,-78.4,-15.4,-14.9,-15,0,100,100,0,155,90,-15.6
2/21/2023 20:29,35880,-78.4,-15.4,-14.8,-15,0,100,100,0,154,90,-15.6
2/21/2023 20:30,35940,-78.4,-15.4,-14.9,-15,0,100,100,0,154,90,-15.6
2/21/2023 20:31,36000,-78.4,-15.4,-14.9,-15,0,100,101,0,154,90,-15.6
2/21/2023 20:32,36060,-78.4,-15.4,-14.9,-15,0,100,99,0,154,89,-15.6
2/21/2023 20:33,36120,-78.4,-15.4,-14.8,-15,0,100,100,0,154,90,-15.6
2/21/2023 20:34,36180,-78.4,-15.4,-14.9,-15,0,100,100,0,154,90,-15.6
2/21/2023 20:35,36240,-78.5,-15.4,-14.9,-15,0,100,100,0,154,90,-15.6
2/21/2023 20:36,36300,-78.5,-15.4,-14.8,-15,0,100,99,0,152,88,-15.6
2/21/2023 20:37,36360,-78.6,-15.4,-14.8,-15,0,100,101,0,153,90,-15.6
2/21/2023 20:38,36420,-78.6,-15.4,-14.9,-15,0,100,101,0,154,90,-15.6
2/21/2023 20:39,36480,-78.5,-15.4,-14.9,-15,0,100,99,0,153,89,-15.6
2/21/2023 20:40,36540,-78.5,-15.4,-14.9,-15,0,100,101,0,154,91,-15.6
2/21/2023 20:41,36600,-78.5,-15.4,-14.9,-15,0,100,99,0,151,89,-15.6
2/21/2023 20:42,36660,-78.5,-15.4,-14.8,-15,0,100,100,0,153,90,-15.6
2/21/2023 20:43,36720,-78.4,-15.4,-14.8,-15,0,100,100,0,153,90,-15.6
2/21/2023 20:44,36780,-78.4,-15.4,-14.9,-15,0,100,99,0,151,89,-15.6
2/21/2023 20:45,36840,-78.3,-15.4,-14.9,-15,0,100,100,0,152,90,-15.6
2/21/2023 20:46,36900,-78.3,-15.4,-14.9,-15,0,100,101,0,153,90,-15.6
2/21/2023 20:47,36960,-78.4,-15.4,-14.9,-15,0,100,101,0,152,90,-15.6
2/21/2023 20:48,37020,-78.4,-15.4,-15,-15,0,100,100,0,152,90,-15.6
2/21/2023 20:49,37080,-78.4,-15.4,-14.8,-15,0,100,100,0,152,90,-15.6
2/21/2023 20:50,37140,-78.5,-15.4,-14.8,-15,0,100,101,0,154,91,-15.6
2/21/2023 20:51,37200,-78.4,-15.4,-14.9,-15,0,100,100,0,152,90,-15.6
2/21/2023 20:52,37260,-78.5,-15.4,-14.9,-15,0,100,99,0,150,89,-15.6
2/21/2023 20:53,37320,-78.5,-15.4,-14.9,-15,0,100,100,0,151,90,-15.6
2/21/2023 20:54,37380,-78.4,-15.4,-14.9,-15,0,100,101,0,151,90,-15.6
2/21/2023 20:55,37440,-78.5,-15.4,-14.8,-15,0,100,100,0,151,90,-15.6
2/21/2023 20:56,37500,-78.5,-15.4,-14.9,-15,0,100,100,0,151,90,-15.6
2/21/2023 20:57,37560,-78.4,-15.4,-14.8,-15,0,100,101,0,151,90,-15.6
2/21/2023 20:58,37620,-78.5,-15.4,-14.9,-15,0,100,101,0,151,91,-15.6
2/21/2023 20:59,37680,-78.4,-15.4,-14.9,-15,0,100,99,0,149,89,-15.6
2/21/2023 21:00,37740,-78.4,-15.4,-14.9,-15,0,100,100,0,149,90,-15.6
2/21/2023 21:01,37800,-78.5,-15.4,-15,-15,0,100,100,0,150,90,-15.6
2/21/2023 21:02,37860,-78.5,-15.4,-14.9,-15,0,100,101,0,150,91,-15.6
2/21/2023 21:03,37920,-78.5,-15.4,-14.8,-15,0,100,100,0,149,90,-15.6
2/21/2023 21:04,37980,-78.5,-15.4,-14.8,-15,0,100,101,0,150,90,-15.6
2/21/2023 21:05,38040,-78.4,-15.4,-14.9,-15,0,100,100,0,150,90,-15.6
2/21/2023 21:06,38100,-78.4,-15.4,-14.9,-15,0,100,100,0,149,90,-15.6
2/21/2023 21:07,38160,-78.4,-15.4,-14.9,-15,0,100,100,0,148,89,-15.6
2/21/2023 21:08,38220,-78.4,-15.4,-14.9,-15,0,100,100,0,149,90,-15.6
2/21/2023 21:09,38280,-78.5,-15.4,-14.9,-15,0,100,99,0,148,89,-15.6
2/21/2023 21:10,38340,-78.5,-15.4,-14.8,-15,0,100,100,0,148,90,-15.6
2/21/2023 21:11,38400,-78.5,-15.4,-14.9,-15,0,100,100,0,148,90,-15.6
2/21/2023 21:12,38460,-78.6,-15.4,-14.9,-15,0,100,101,0,148,91,-15.6
2/21/2023 21:13,38520,-78.6,-15.4,-14.9,-15,0,100,100,0,148,90,-15.6
2/21/2023 21:14,38580,-78.6,-15.4,-14.9,-15,0,100,100,0,147,90,-15.6
2/21/2023 21:15,38640,-78.6,-15.4,-14.8,-15,0,100,99,0,146,89,-15.6
2/21/2023 21:16,38700,-78.5,-15.4,-14.9,-15,0,100,101,0,148,91,-15.6
2/21/2023 21:17,38760,-78.5,-15.4,-14.9,-15,0,100,100,0,146,90,-15.6
2/21/2023 21:18,38820,-78.6,-15.4,-14.9,-15,0,100,100,0,146,90,-15.6
2/21/2023 21:19,38880,-78.6,-15.4,-14.8,-15,0,100,101,0,147,91,-15.6
2/21/2023 21:20,38940,-78.6,-15.4,-14.9,-15,0,100,100,0,146,90,-15.6
2/21/2023 21:21,39000,-78.6,-15.4,-14.8,-15,0,100,100,0,146,90,-15.6
2/21/2023 21:22,39060,-78.6,-15.4,-14.8,-15,0,100,100,0,145,90,-15.6
2/21/2023 21:23,39120,-78.6,-15.4,-14.9,-15,0,100,99,0,144,89,-15.6
2/21/2023 21:24,39180,-78.6,-15.4,-14.9,-15,0,100,101,0,145,91,-15.6
2/21/2023 21:25,39240,-78.6,-15.4,-14.9,-15,0,100,99,0,143,89,-15.6
2/21/2023 21:26,39300,-78.6,-15.4,-14.9,-15,0,100,101,0,144,91,-15.6
2/21/2023 21:27,39360,-78.7,-15.4,-14.9,-15,0,100,101,0,144,91,-15.6
2/21/2023 21:28,39420,-78.7,-15.4,-14.9,-15,0,100,100,0,143,90,-15.6
2/21/2023 21:29,39480,-78.7,-15.4,-14.8,-15,0,100,100,0,142,89,-15.6
2/21/2023 21:30,39540,-78.6,-15.4,-15,-15,0,100,100,0,142,90,-15.6
2/21/2023 21:31,39600,-78.6,-15.4,-14.9,-15,0,100,100,0,142,90,-15.6
2/21/2023 21:32,39660,-78.7,-15.4,-14.9,-15,0,100,100,0,141,90,-15.6
2/21/2023 21:33,39720,-78.7,-15.4,-14.9,-15,0,100,100,0,141,90,-15.6
2/21/2023 21:34,39780,-78.7,-15.4,-14.9,-15,0,100,100,0,141,90,-15.6
2/21/2023 21:35,39840,-78.7,-15.4,-14.9,-15,0,100,101,0,141,91,-15.6
2/21/2023 21:36,39900,-78.7,-15.4,-14.9,-15,0,100,101,0,140,91,-15.6
2/21/2023 21:37,39960,-78.7,-15.4,-14.9,-15,0,100,99,0,138,89,-15.6
2/21/2023 21:38,40020,-78.7,-15.4,-14.9,-15,0,100,100,0,139,90,-15.6
2/21/2023 21:39,40080,-78.7,-15.4,-14.9,-15,0,100,101,0,139,91,-15.6
2/21/2023 21:40,40140,-78.7,-15.4,-14.9,-15,0,100,100,0,138,90,-15.6
2/21/2023 21:41,40200,-78.7,-15.4,-14.9,-15,0,100,99,0,137,89,-15.6
2/21/2023 21:42,40260,-78.7,-15.4,-14.9,-15,0,100,100,0,137,90,-15.6
2/21/2023 21:43,40320,-78.7,-15.4,-14.8,-15,0,100,100,0,136,90,-15.6
2/21/2023 21:44,40380,-78.6,-15.4,-14.9,-15,0,100,100,0,136,90,-15.6
2/21/2023 21:45,40440,-78.6,-15.4,-14.9,-15,0,100,100,0,135,90,-15.6
2/21/2023 21:46,40500,-78.7,-15.4,-14.8,-15,0,100,100,0,134,90,-15.6
2/21/2023 21:47,40560,-78.7,-15.4,-15,-15,0,100,100,0,133,90,-15.6
2/21/2023 21:48,40620,-78.7,-15.4,-14.9,-15,0,100,99,0,132,89,-15.6
2/21/2023 21:49,40680,-78.7,-15.4,-14.9,-15,0,100,100,0,132,90,-15.6
2/21/2023 21:50,40740,-78.8,-15.4,-14.8,-15,0,100,100,0,131,90,-15.6
2/21/2023 21:51,40800,-78.7,-15.4,-14.8,-15,0,100,100,0,130,90,-15.6
2/21/2023 21:52,40860,-78.7,-15.4,-14.9,-15,0,100,99,0,129,89,-15.6
2/21/2023 21:53,40920,-78.7,-15.4,-14.9,-15,0,100,100,0,129,90,-15.6
2/21/2023 21:54,40980,-78.7,-15.4,-15,-15,0,100,100,0,128,91,-15.6
2/21/2023 21:55,41040,-78.7,-15.4,-14.9,-15,0,100,100,0,127,90,-15.6
2/21/2023 21:56,41100,-78.7,-15.4,-14.9,-15,0,100,100,0,126,90,-15.6
2/21/2023 21:57,41160,-78.7,-15.4,-14.8,-15,0,100,100,0,126,90,-15.6
2/21/2023 21:58,41220,-78.7,-15.4,-14.9,-15,0,100,100,0,125,90,-15.6
2/21/2023 21:59,41280,-78.7,-15.4,-14.9,-15,0,100,100,0,125,90,-15.6
2/21/2023 22:00,41340,-78.7,-15.4,-14.9,-15,0,100,99,0,123,89,-15.6
2/21/2023 22:01,41400,-78.8,-15.4,-15,-15,0,100,100,0,122,90,-15.6
2/21/2023 22:02,41460,-78.8,-15.4,-14.9,-15,0,100,100,0,122,90,-15.6
2/21/2023 22:03,41520,-78.8,-15.4,-14.8,-15,0,100,100,0,121,90,-15.6
2/21/2023 22:04,41580,-78.9,-15.4,-14.8,-15,0,100,101,0,121,91,-15.6
2/21/2023 22:05,41640,-78.9,-15.4,-14.9,-15,0,100,100,0,120,90,-15.6
2/21/2023 22:06,41700,-78.9,-15.4,-14.9,-15,0,100,100,0,119,90,-15.6
2/21/2023 22:07,41760,-78.9,-15.4,-14.9,-15,0,100,99,0,118,89,-15.6
2/21/2023 22:08,41820,-78.9,-15.4,-14.9,-15,0,100,100,0,118,90,-15.6
2/21/2023 22:09,41880,-78.9,-15.4,-14.9,-15,0,100,100,0,118,91,-15.6
2/21/2023 22:10,41940,-78.9,-15.4,-14.8,-15,0,100,100,0,118,90,-15.6
2/21/2023 22:11,42000,-78.9,-15.4,-14.9,-15,0,100,100,0,118,91,-15.6
2/21/2023 22:12,42060,-78.8,-15.4,-14.9,-15,0,100,100,0,117,91,-15.6
2/21/2023 22:13,42120,-78.8,-15.4,-14.9,-15,0,100,100,0,117,91,-15.6
2/21/2023 22:14,42180,-78.8,-15.4,-15,-15,0,100,100,0,116,90,-15.6
2/21/2023 22:15,42240,-78.8,-15.4,-14.9,-15,0,100,100,0,116,90,-15.6
2/21/2023 22:16,42300,-78.8,-15.4,-14.8,-15,0,100,101,0,116,91,-15.6
2/21/2023 22:17,42360,-78.8,-15.4,-14.8,-15,0,100,100,0,115,90,-15.6
2/21/2023 22:18,42420,-78.8,-15.4,-14.9,-15,0,100,100,0,115,90,-15.6
2/21/2023 22:19,42480,-78.8,-15.4,-15,-15,0,100,100,0,114,90,-15.6
2/21/2023 22:20,42540,-78.8,-15.4,-14.9,-15,0,100,100,0,114,90,-15.6
2/21/2023 22:21,42600,-78.8,-15.4,-15,-15,0,100,100,0,114,90,-15.6
2/21/2023 22:22,42660,-78.8,-15.4,-14.8,-15,0,100,100,0,114,90,-15.6
2/21/2023 22:23,42720,-78.8,-15.4,-14.9,-15,0,100,100,0,114,90,-15.6
2/21/2023 22:24,42780,-78.8,-15.4,-14.9,-15,0,100,101,0,114,91,-15.6
2/21/2023 22:25,42840,-78.9,-15.4,-14.9,-15,0,100,100,0,113,90,-15.6
2/21/2023 22:26,42900,-78.9,-15.4,-14.9,-15,0,100,100,0,114,91,-15.6
2/21/2023 22:27,42960,-78.8,-15.4,-14.9,-15,0,100,100,0,113,90,-15.6
2/21/2023 22:28,43020,-78.8,-15.4,-14.9,-15,0,100,101,0,113,91,-15.6
2/21/2023 22:29,43080,-78.8,-15.4,-14.9,-15,0,100,100,0,112,90,-15.6
2/21/2023 22:30,43140,-78.8,-15.4,-14.9,-15,0,100,100,0,112,90,-15.6
2/21/2023 22:31,43200,-78.8,-15.4,-14.9,-15,0,100,100,0,112,91,-15.6
2/21/2023 22:32,43260,-78.8,-15.4,-14.9,-15,0,100,101,0,112,91,-15.6
2/21/2023 22:33,43320,-78.9,-15.4,-14.9,-15,0,100,100,0,111,90,-15.6
2/21/2023 22:34,43380,-78.9,-15.4,-14.9,-15,0,100,99,0,111,90,-15.6
2/21/2023 22:35,43440,-78.9,-15.4,-14.8,-15,0,100,100,0,111,90,-15.6
2/21/2023 22:36,43500,-78.9,-15.4,-14.8,-15,0,100,101,0,112,91,-15.6
2/21/2023 22:37,43560,-78.9,-15.4,-14.9,-15,0,100,100,0,110,90,-15.6
2/21/2023 22:38,43620,-78.9,-15.4,-14.9,-15,0,100,100,0,110,90,-15.6
2/21/2023 22:39,43680,-78.9,-15.4,-14.9,-15,0,100,100,0,110,91,-15.6
2/21/2023 22:40,43740,-78.9,-15.4,-15,-15,0,100,100,0,109,90,-15.6
2/21/2023 22:41,43800,-79,-15.4,-14.9,-15,0,100,101,0,110,91,-15.6
2/21/2023 22:42,43860,-79,-15.4,-14.9,-15,0,100,100,0,109,90,-15.6
2/21/2023 22:43,43920,-79.1,-15.4,-14.9,-15,0,100,101,0,109,91,-15.6
2/21/2023 22:44,43980,-79.1,-15.4,-14.8,-15,0,100,100,0,109,90,-15.6
2/21/2023 22:45,44040,-79.2,-15.4,-14.9,-15,0,100,100,0,108,90,-15.6
2/21/2023 22:46,44100,-79.2,-15.4,-14.9,-15,0,100,100,0,109,91,-15.6
2/21/2023 22:47,44160,-79.2,-15.4,-15,-15,0,100,100,0,108,91,-15.6
2/21/2023 22:48,44220,-79.2,-15.4,-14.9,-15,0,100,101,0,108,91,-15.6
2/21/2023 22:49,44280,-79.3,-15.4,-14.9,-15,0,100,100,0,108,90,-15.6
2/21/2023 22:50,44340,-79.2,-15.4,-15,-15,0,100,100,0,108,90,-15.6
2/21/2023 22:51,44400,-79.2,-15.4,-14.9,-15,0,100,100,0,108,91,-15.6
2/21/2023 22:52,44460,-79.2,-15.4,-14.9,-15,0,100,100,0,108,91,-15.6
2/21/2023 22:53,44520,-79.2,-15.4,-14.9,-15,0,100,100,0,107,90,-15.6
2/21/2023 22:54,44580,-79.2,-15.4,-14.8,-15,0,100,100,0,108,90,-15.6
2/21/2023 22:55,44640,-79.2,-15.4,-14.9,-15,0,100,100,0,108,91,-15.6
2/21/2023 22:56,44700,-79.2,-15.4,-14.9,-15,0,100,100,0,108,91,-15.6
2/21/2023 22:57,44760,-79.1,-15.4,-15,-15,0,100,100,0,107,90,-15.6
2/21/2023 22:58,44820,-79.1,-15.4,-14.9,-15,0,100,100,0,107,90,-15.6
2/21/2023 22:59,44880,-79.1,-15.4,-15,-15,0,100,100,0,107,91,-15.6
2/21/2023 23:00,44940,-79.1,-15.4,-15,-15,0,100,100,0,107,91,-15.6
2/21/2023 23:01,45000,-79.1,-15.4,-14.8,-15,0,100,100,0,107,91,-15.6
2/21/2023 23:02,45060,-79.1,-15.4,-14.9,-15,0,100,100,0,107,90,-15.6
2/21/2023 23:03,45120,-79.1,-15.4,-14.8,-15,0,100,100,0,107,90,-15.6
2/21/2023 23:04,45180,-79,-15.4,-14.9,-15,0,100,100,0,107,90,-15.6
2/21/2023 23:05,45240,-79,-15.4,-14.9,-15,0,100,99,0,106,90,-15.6
2/21/2023 23:06,45300,-79,-15.4,-14.9,-15,0,100,100,0,107,91,-15.6
2/21/2023 23:07,45360,-79,-15.4,-14.9,-15,0,100,100,0,107,91,-15.6
2/21/2023 23:08,45420,-79,-15.4,-15,-15,0,100,100,0,107,90,-15.6
2/21/2023 23:09,45480,-79,-15.4,-15,-15,0,100,100,0,107,91,-15.6
2/21/2023 23:10,45540,-79.1,-15.4,-14.9,-15,0,100,100,0,107,91,-15.6
2/21/2023 23:11,45600,-79.1,-15.4,-14.9,-15,0,100,99,0,106,90,-15.6
2/21/2023 23:12,45660,-79.1,-15.4,-14.8,-15,0,100,100,0,106,90,-15.6
2/21/2023 23:13,45720,-79,-15.4,-14.9,-15,0,100,100,0,106,90,-15.6
2/21/2023 23:14,45780,-79,-15.4,-14.9,-15,0,100,100,0,106,90,-15.6
2/21/2023 23:15,45840,-79,-15.4,-14.9,-15,0,100,101,0,106,91,-15.6
2/21/2023 23:16,45900,-79,-15.4,-15,-15,0,100,100,0,106,90,-15.6
2/21/2023 23:17,45960,-79.1,-15.4,-14.9,-15,0,100,100,0,106,91,-15.6
2/21/2023 23:18,46020,-79.1,-15.4,-14.9,-15,0,100,100,0,106,91,-15.6
2/21/2023 23:19,46080,-79.1,-15.4,-14.9,-15,0,100,99,0,105,90,-15.6
2/21/2023 23:20,46140,-79.1,-15.4,-14.9,-15,0,100,100,0,106,90,-15.6
2/21/2023 23:21,46200,-79,-15.4,-14.9,-15,0,100,100,0,106,91,-15.6
2/21/2023 23:22,46260,-79,-15.4,-14.9,-15,0,100,100,0,106,90,-15.6
2/21/2023 23:23,46320,-79,-15.4,-14.8,-15,0,100,100,0,106,90,-15.6
2/21/2023 23:24,46380,-79,-15.4,-14.9,-15,0,100,99,0,105,90,-15.6
2/21/2023 23:25,46440,-79,-15.4,-14.9,-15,0,100,100,0,106,90,-15.6
2/21/2023 23:26,46500,-79,-15.4,-15,-15,0,100,100,0,106,91,-15.6
2/21/2023 23:27,46560,-79,-15.4,-14.9,-15,0,100,100,0,105,90,-15.6
2/21/2023 23:28,46620,-79,-15.4,-14.9,-15,0,100,100,0,105,90,-15.6
2/21/2023 23:29,46680,-79,-15.4,-14.9,-15,0,100,100,0,105,90,-15.6
2/21/2023 23:30,46740,-79.1,-15.4,-14.9,-15,0,100,100,0,105,90,-15.6
2/21/2023 23:31,46800,-79,-15.4,-14.9,-15,0,100,100,0,105,91,-15.6
2/21/2023 23:32,46860,-79,-15.4,-14.9,-15,0,100,100,0,105,90,-15.6
2/21/2023 23:33,46920,-79.1,-15.4,-14.9,-15,0,100,100,0,105,90,-15.6
2/21/2023 23:34,46980,-79.1,-15.4,-14.9,-15,0,100,100,0,105,91,-15.6
2/21/2023 23:35,47040,-79.1,-15.4,-14.9,-15,0,100,100,0,105,91,-15.6
2/21/2023 23:36,47100,-79.1,-15.4,-14.9,-15,0,100,100,0,105,91,-15.6
2/21/2023 23:37,47160,-79.1,-15.4,-15,-15,0,100,100,0,105,90,-15.6
2/21/2023 23:38,47220,-79.1,-15.4,-14.9,-15,0,100,100,0,105,90,-15.6
2/21/2023 23:39,47280,-79.1,-15.4,-14.9,-15,0,100,100,0,104,90,-15.6
2/21/2023 23:40,47340,-79.1,-15.4,-14.9,-15,0,100,101,0,105,91,-15.6
2/21/2023 23:41,47400,-79.2,-15.4,-14.9,-15,0,100,100,0,104,90,-15.6
2/21/2023 23:42,47460,-79.2,-15.4,-14.9,-15,0,100,100,0,104,90,-15.6
2/21/2023 23:43,47520,-79.2,-15.4,-14.8,-15,0,100,100,0,105,90,-15.6
2/21/2023 23:44,47580,-79.2,-15.4,-14.9,-15,0,100,100,0,104,90,-15.6
2/21/2023 23:45,47640,-79.1,-15.4,-15,-15,0,100,100,0,104,90,-15.6
2/21/2023 23:46,47700,-79.1,-15.4,-15,-15,0,100,101,0,105,91,-15.6
2/21/2023 23:47,47760,-79.1,-15.4,-15,-15,0,100,100,0,104,91,-15.6
2/21/2023 23:48,47820,-79.1,-15.4,-15,-15,0,100,99,0,104,90,-15.6
2/21/2023 23:49,47880,-79.1,-15.4,-14.9,-15,0,100,100,0,105,91,-15.6
2/21/2023 23:50,47940,-79.1,-15.4,-14.9,-15,0,100,100,0,104,90,-15.6
2/21/2023 23:51,48000,-79.1,-15.4,-14.8,-15,0,100,100,0,104,90,-15.6
2/21/2023 23:52,48060,-79.1,-15.4,-15,-15,0,100,101,0,105,91,-15.6
2/21/2023 23:53,48120,-79.1,-15.4,-14.9,-15,0,100,101,0,105,91,-15.6
2/21/2023 23:54,48180,-79.1,-15.4,-14.9,-15,0,100,101,0,104,91,-15.6
2/21/2023 23:55,48240,-79.1,-15.4,-15,-15,0,100,100,0,104,90,-15.6
2/21/2023 23:56,48300,-79.1,-15.4,-15,-15,0,100,100,0,104,90,-15.6
2/21/2023 23:57,48360,-79.2,-15.4,-14.9,-15,0,100,100,0,103,90,-15.6
2/21/2023 23:58,48420,-79.2,-15.4,-15,-15,0,100,100,0,104,91,-15.6
2/21/2023 23:59,48480,-79.2,-15.4,-14.9,-15,0,100,100,0,104,90,-15.6
2/22/2023,48540,-79.2,-15.4,-14.9,-15,0,100,100,0,103,90,-15.6
2/22/2023 0:01,48600,-79.1,-15.4,-14.9,-15,0,100,100,0,103,90,-15.6
2/22/2023 0:02,48660,-79.1,-15.4,-15,-15,0,100,100,0,103,90,-15.6
2/22/2023 0:03,48720,-79.2,-15.4,-14.9,-15,0,100,100,0,104,91,-15.6
2/22/2023 0:04,48780,-79.2,-15.4,-14.9,-15,0,100,101,0,104,91,-15.6
2/22/2023 0:05,48840,-79.1,-15.4,-14.9,-15,0,100,100,0,103,90,-15.6
2/22/2023 0:06,48900,-79.1,-15.4,-14.9,-15,0,100,100,0,103,90,-15.6
2/22/2023 0:07,48960,-79.1,-15.4,-15,-15,0,100,100,0,103,90,-15.6
2/22/2023 0:08,49020,-79,-15.4,-14.9,-15,0,100,100,0,103,90,-15.6
2/22/2023 0:09,49080,-79,-15.4,-14.9,-15,0,100,100,0,103,90,-15.6
2/22/2023 0:10,49140,-79,-15.4,-14.9,-15,0,100,100,0,103,90,-15.6
2/22/2023 0:11,49200,-79,-15.4,-14.9,-15,0,100,100,0,103,90,-15.6
2/22/2023 0:12,49260,-79,-15.4,-15,-15,0,100,100,0,103,90,-15.6
2/22/2023 0:13,49320,-79,-15.4,-15,-15,0,100,100,0,103,91,-15.6
2/22/2023 0:14,49380,-79,-15.4,-15,-15,0,100,100,0,103,90,-15.6
2/22/2023 0:15,49440,-79,-15.4,-15,-15,0,100,100,0,103,91,-15.6
2/22/2023 0:16,49500,-79,-15.4,-15,-15,0,100,100,0,102,90,-15.6
2/22/2023 0:17,49560,-79,-15.4,-14.9,-15,0,100,101,0,103,91,-15.6
2/22/2023 0:18,49620,-79.1,-15.4,-14.9,-15,0,100,100,0,103,91,-15.6
2/22/2023 0:19,49680,-79.1,-15.4,-14.9,-15,0,100,100,0,102,90,-15.6
2/22/2023 0:20,49740,-79,-15.4,-14.9,-15,0,100,100,0,103,90,-15.6
2/22/2023 0:21,49800,-79.1,-15.4,-15,-15,0,100,100,0,103,91,-15.6
2/22/2023 0:22,49860,-79,-15.4,-15,-15,0,100,100,0,103,90,-15.6
2/22/2023 0:23,49920,-79.1,-15.4,-15,-15,0,100,100,0,103,90,-15.6
2/22/2023 0:24,49980,-79.1,-15.4,-14.9,-15,0,100,100,0,102,90,-15.6
2/22/2023 0:25,50040,-79.1,-15.4,-14.9,-15,0,100,100,0,103,90,-15.6
2/22/2023 0:26,50100,-79.1,-15.4,-14.9,-15,0,100,100,0,102,90,-15.6
2/22/2023 0:27,50160,-79.1,-15.4,-15,-15,0,100,100,0,102,90,-15.6
2/22/2023 0:28,50220,-79.1,-15.4,-15,-15,0,100,100,0,103,90,-15.6
2/22/2023 0:29,50280,-79,-15.4,-15,-15,0,100,100,0,102,90,-15.6
2/22/2023 0:30,50340,-79,-15.4,-14.9,-15,0,100,101,0,103,91,-15.6
2/22/2023 0:32,50460,-79.1,-15.4,-14.9,-15,0,100,100,0,102,90,-15.6
2/22/2023 0:33,50520,-79.1,-15.4,-14.9,-15,0,100,100,0,102,90,-15.6
2/22/2023 0:34,50580,-79.1,-15.4,-15,-15,0,100,100,0,102,90,-15.6
2/22/2023 0:35,50640,-79.1,-15.4,-14.9,-15,0,100,101,0,103,91,-15.6
2/22/2023 0:36,50700,-79.1,-15.4,-14.9,-15,0,100,101,0,103,91,-15.6
2/22/2023 0:37,50760,-79.1,-15.4,-14.9,-15,0,100,100,0,102,90,-15.6
2/22/2023 0:38,50820,-79.1,-15.4,-14.9,-15,0,100,101,0,103,91,-15.6
2/22/2023 0:39,50880,-79,-15.4,-14.9,-15,0,100,100,0,103,91,-15.6
2/22/2023 0:40,50940,-79,-15.4,-15,-15,0,100,100,0,103,91,-15.6
2/22/2023 0:41,51000,-79,-15.4,-15,-15,0,100,101,0,103,91,-15.6
2/22/2023 0:42,51060,-79.1,-15.4,-14.9,-15,0,100,100,0,103,91,-15.6
2/22/2023 0:43,51120,-79.1,-15.4,-15,-15,0,100,100,0,102,90,-15.6
2/22/2023 0:44,51180,-79.1,-15.4,-14.9,-15,0,100,100,0,103,90,-15.6
2/22/2023 0:45,51240,-79.2,-15.4,-14.8,-15,0,100,100,0,103,91,-15.6
2/22/2023 0:46,51300,-79.2,-15.4,-14.9,-15,0,100,100,0,102,90,-15.6
2/22/2023 0:47,51360,-79.1,-15.4,-15,-15,0,100,100,0,103,91,-15.6
2/22/2023 0:48,51420,-79.2,-15.4,-15,-15,0,100,100,0,103,91,-15.6
2/22/2023 0:49,51480,-79.2,-15.4,-15,-15,0,100,100,0,103,91,-15.6
2/22/2023 0:50,51540,-79.2,-15.4,-14.9,-15,0,100,100,0,103,91,-15.6
2/22/2023 0:51,51600,-79.2,-15.4,-14.9,-15,0,100,100,0,102,90,-15.6
2/22/2023 0:52,51660,-79.2,-15.4,-14.9,-15,0,100,101,0,103,91,-15.6
2/22/2023 0:53,51720,-79.3,-15.4,-14.9,-15,0,100,100,0,103,91,-15.6
2/22/2023 0:54,51780,-79.3,-15.4,-14.9,-15,0,100,101,0,103,91,-15.6
2/22/2023 0:55,51840,-79.3,-15.4,-14.9,-15,0,100,100,0,102,90,-15.6
2/22/2023 0:56,51900,-79.3,-15.4,-14.9,-15,0,100,100,0,103,91,-15.6
2/22/2023 0:57,51960,-79.4,-15.4,-14.9,-15,0,100,100,0,103,91,-15.6
2/22/2023 0:58,52020,-79.4,-15.4,-15,-15,0,100,101,0,103,91,-15.6
2/22/2023 0:59,52080,-79.4,-15.4,-15,-15,0,100,100,0,103,91,-15.6
2/22/2023 1:00,52140,-79.4,-15.4,-14.9,-15,0,100,100,0,102,90,-15.6
2/22/2023 1:01,52200,-79.4,-15.4,-15,-15,0,100,100,0,103,91,-15.6
2/22/2023 1:02,52260,-79.4,-15.4,-14.9,-15,0,100,100,0,102,90,-15.6
2/22/2023 1:03,52320,-79.4,-15.4,-15,-15,0,100,100,0,102,90,-15.6
2/22/2023 1:04,52380,-79.4,-15.4,-14.9,-15,0,100,100,0,102,90,-15.6
2/22/2023 1:05,52440,-79.5,-15.4,-14.9,-15,0,100,100,0,102,90,-15.6
2/22/2023 1:06,52500,-79.4,-15.4,-15,-15,0,100,100,0,103,91,-15.6
2/22/2023 1:07,52560,-79.4,-15.4,-15,-15,0,100,100,0,102,90,-15.6
2/22/2023 1:08,52620,-79.4,-15.4,-15,-15,0,100,100,0,103,91,-15.6
2/22/2023 1:09,52680,-79.4,-15.4,-15,-15,0,100,100,0,102,90,-15.6
2/22/2023 1:10,52740,-79.4,-15.4,-15,-15,0,100,100,0,102,90,-15.6
2/22/2023 1:11,52800,-79.4,-15.4,-14.9,-15,0,100,100,0,102,90,-15.6
2/22/2023 1:12,52860,-79.4,-15.4,-14.9,-15,0,100,100,0,102,90,-15.6
2/22/2023 1:13,52920,-79.4,-15.4,-14.9,-15,0,100,100,0,102,90,-15.6
2/22/2023 1:14,52980,-79.4,-15.4,-15,-15,0,100,99,0,102,90,-15.6
2/22/2023 1:15,53040,-79.4,-15.4,-15,-15,0,100,101,0,103,91,-15.6
2/22/2023 1:16,53100,-79.4,-15.4,-14.9,-15,0,100,100,0,102,90,-15.6
2/22/2023 1:17,53160,-79.4,-15.4,-14.9,-15,0,100,100,0,102,90,-15.6
2/22/2023 1:18,53220,-79.4,-15.4,-14.9,-15,0,100,100,0,103,91,-15.6
2/22/2023 1:19,53280,-79.4,-15.4,-15,-15,0,100,100,0,102,90,-15.6
2/22/2023 1:20,53340,-79.4,-15.4,-15,-15,0,100,101,0,103,91,-15.6
2/22/2023 1:21,53400,-79.4,-15.4,-15,-15,0,100,100,0,103,91,-15.6
2/22/2023 1:22,53460,-79.5,-15.4,-15,-15,0,100,100,0,103,91,-15.6
2/22/2023 1:23,53520,-79.5,-15.4,-14.9,-15,0,100,101,0,103,91,-15.6
2/22/2023 1:24,53580,-79.5,-15.4,-14.9,-15,0,100,101,0,103,91,-15.6
2/22/2023 1:25,53640,-79.5,-15.4,-14.9,-15,0,100,101,0,103,91,-15.6
2/22/2023 1:26,53700,-79.5,-15.4,-15,-15,0,100,100,0,102,90,-15.6
2/22/2023 1:27,53760,-79.5,-15.4,-15,-15,0,100,100,0,102,90,-15.6
2/22/2023 1:28,53820,-80.3,-15.4,-13.5,20,0,70,97,0,99,87,-15.6
2/22/2023 1:29,53880,-83.7,-13.5,-10.7,20,0,70,90,0,93,81,-15.6
2/22/2023 1:30,53940,-85.4,-11.1,-8.1,20,0,70,86,0,89,76,-15.6
2/22/2023 1:31,54000,-86.2,-8.6,-5.6,20,0,70,83,0,87,73,-15.6
2/22/2023 1:32,54060,-86.5,-6.2,-3.2,20,0,70,81,0,85,71,-15.6
2/22/2023 1:33,54120,-86.6,-3.7,-0.8,20,0,70,79,0,83,70,-15.6
2/22/2023 1:34,54180,-86.8,-1.4,1.5,20,0,70,78,0,82,68,-15.6
2/22/2023 1:35,54240,-87,0.9,3.8,20,0,70,77,0,82,68,-15.6
2/22/2023 1:36,54300,-87.1,3.2,6,20,0,70,76,0,81,67,-15.6
2/22/2023 1:37,54360,-87.2,5.4,8.2,20,0,70,76,0,81,67,-15.6
2/22/2023 1:38,54420,-87.3,7.7,10.5,20,0,70,76,0,81,67,-15.6
2/22/2023 1:39,54480,-87.2,9.8,12.6,20,0,70,76,0,81,66,-15.6
2/22/2023 1:40,54540,-87.2,12,14.8,20,0,70,75,0,81,66,-15.6
2/22/2023 1:41,54600,-87.2,14.2,17,20,0,70,76,0,81,66,-15.6
2/22/2023 1:42,54660,-87,16.3,18.8,20,0,70,76,0,81,66,-15.6
2/22/2023 1:43,54720,-86.2,17.8,19.6,20,0,70,76,0,82,66,-15.6
2/22/2023 1:44,54780,-85.7,18.7,20.1,20,0,70,76,0,81,66,-15.6
2/22/2023 1:45,54840,-85.1,19.2,20.2,20,0,70,76,0,82,66,-15.6
2/22/2023 1:46,54900,-84.4,19.4,20.3,20,0,70,76,0,82,66,-15.6
2/22/2023 1:47,54960,-83.9,19.4,20.3,20,0,70,76,0,82,66,-15.6
2/22/2023 1:48,55020,-83.4,19.4,20.3,20,0,70,76,0,81,66,-15.6
2/22/2023 1:49,55080,-83.1,19.4,20.2,20,0,70,76,0,81,66,-15.6
2/22/2023 1:50,55140,-82.8,19.4,20.2,20,0,70,76,0,81,66,-15.6
2/22/2023 1:51,55200,-82.5,19.3,20.1,20,0,70,76,0,81,66,-15.6
2/22/2023 1:52,55260,-82.3,19.3,20.1,20,0,70,76,0,81,66,-15.6
2/22/2023 1:53,55320,-82.3,19.3,20.2,20,0,70,76,0,81,66,-15.6
2/22/2023 1:54,55380,-82.3,19.3,20.2,20,0,70,76,0,81,66,-15.6
2/22/2023 1:55,55440,-82.2,19.3,20.1,20,0,70,76,0,81,66,-15.6
2/22/2023 1:56,55500,-82.2,19.4,20.1,20,0,70,76,0,81,66,-15.6
2/22/2023 1:57,55560,-82.1,19.3,20.1,20,0,70,75,0,81,66,-15.6
2/22/2023 1:58,55620,-82.1,19.3,20.1,20,0,70,75,0,81,66,-15.6
2/22/2023 1:59,55680,-82.1,19.3,20.1,20,0,70,75,0,81,66,-15.6
2/22/2023 2:00,55740,-82,19.3,20.1,20,0,70,75,0,81,66,-15.6
2/22/2023 2:01,55800,-82,19.3,20.1,20,0,70,75,0,81,66,-15.6
2/22/2023 2:02,55860,-82,19.3,20.1,20,0,70,75,0,81,66,-15.6
2/22/2023 2:03,55920,-82,19.3,20.2,20,0,70,75,0,81,66,-15.6
2/22/2023 2:04,55980,-81.9,19.3,20.2,20,0,70,75,0,80,66,-15.6
2/22/2023 2:05,56040,-81.9,19.3,20.1,20,0,70,75,0,80,66,-15.6
2/22/2023 2:06,56100,-81.9,19.3,20.1,20,0,70,75,0,80,66,-15.6
2/22/2023 2:07,56160,-81.8,19.3,20.1,20,0,70,75,0,80,66,-15.6
2/22/2023 2:08,56220,-81.9,19.3,20.2,20,0,70,75,0,80,65,-15.6
2/22/2023 2:09,56280,-82,19.3,20.2,20,0,70,75,0,80,65,-15.6
2/22/2023 2:10,56340,-82.1,19.3,20.2,20,0,70,75,0,80,65,-15.6
2/22/2023 2:11,56400,-82.1,19.3,20.1,20,0,70,74,0,80,65,-15.6
2/22/2023 2:12,56460,-82.1,19.3,20.1,20,0,70,74,0,80,65,-15.6
2/22/2023 2:13,56520,-82.1,19.3,20.1,20,0,70,74,0,80,65,-15.6
2/22/2023 2:14,56580,-82.2,19.4,20.1,20,0,70,74,0,80,65,-15.6
2/22/2023 2:15,56640,-82.2,19.3,20.2,20,0,70,74,0,80,65,-15.6
2/22/2023 2:16,56700,-82.2,19.3,20.2,20,0,70,74,0,80,65,-15.6
2/22/2023 2:17,56760,-82.2,19.3,20.1,20,0,70,74,0,80,65,-15.6
2/22/2023 2:18,56820,-82.2,19.4,20.1,20,0,70,74,0,80,65,-15.6
2/22/2023 2:19,56880,-82.2,19.3,20.2,20,0,70,74,0,79,65,-15.6
2/22/2023 2:20,56940,-82.2,19.4,20.1,20,0,70,74,0,79,64,-15.6
2/22/2023 2:21,57000,-82.2,19.4,20.1,20,0,70,74,0,79,64,-15.6
2/22/2023 2:22,57060,-82.2,19.4,20.1,20,0,70,74,0,79,64,-15.6
2/22/2023 2:23,57120,-82.2,19.4,20.2,20,0,70,74,0,79,64,-15.6
2/22/2023 2:24,57180,-82.2,19.4,20.1,20,0,70,73,0,79,64,-15.6
2/22/2023 2:25,57240,-82.2,19.4,20.2,20,0,70,73,0,79,64,-15.6
2/22/2023 2:26,57300,-82.2,19.4,20.1,20,0,70,73,0,79,64,-15.6
2/22/2023 2:27,57360,-82.2,19.4,20.1,20,0,70,73,0,79,64,-15.6
2/22/2023 2:28,57420,-82.2,19.4,20.1,20,0,70,73,0,79,64,-15.6
2/22/2023 2:29,57480,-82.2,19.4,20.1,20,0,70,73,0,79,64,-15.6
2/22/2023 2:30,57540,-82.2,19.4,20.1,20,0,70,73,0,79,64,-15.6
2/22/2023 2:31,57600,-82.2,19.4,20.1,20,0,70,73,0,79,64,-15.6
2/22/2023 2:32,57660,-82.2,19.4,20.1,20,0,70,73,0,79,64,-15.6
2/22/2023 2:33,57720,-82.2,19.4,20.1,20,0,70,73,0,78,64,-15.6
2/22/2023 2:34,57780,-82.2,19.4,20.2,20,0,70,73,0,78,64,-15.6
2/22/2023 2:35,57840,-82.2,19.4,20.1,20,0,70,73,0,78,64,-15.6
2/22/2023 2:36,57900,-82.2,19.4,20.1,20,0,70,73,0,78,64,-15.6
2/22/2023 2:37,57960,-82.2,19.4,20.1,20,0,70,73,0,78,63,-15.6
2/22/2023 2:38,58020,-82.2,19.4,20.1,20,0,70,73,0,78,63,-15.6
2/22/2023 2:39,58080,-82.2,19.4,20.1,20,0,70,73,0,78,63,-15.6
2/22/2023 2:40,58140,-82.2,19.4,20.1,20,0,70,72,0,78,63,-15.6
2/22/2023 2:41,58200,-82.1,19.4,20.1,20,0,70,72,0,78,63,-15.6
2/22/2023 2:42,58260,-82.2,19.4,20.1,20,0,70,72,0,78,63,-15.6
2/22/2023 2:43,58320,-82.2,19.4,20.1,20,0,70,72,0,78,63,-15.6
2/22/2023 2:44,58380,-82.2,19.4,20.1,20,0,70,72,0,78,63,-15.6
2/22/2023 2:45,58440,-82.2,19.4,20.1,20,0,70,72,0,78,63,-15.6
2/22/2023 2:46,58500,-82.3,19.4,20.1,20,0,70,72,0,78,63,-15.6
2/22/2023 2:47,58560,-82.2,19.4,20.1,20,0,70,72,0,78,63,-15.6
2/22/2023 2:48,58620,-82.2,19.4,20.1,20,0,70,72,0,78,63,-15.6
2/22/2023 2:49,58680,-82.2,19.4,20.1,20,0,70,72,0,78,63,-15.6
2/22/2023 2:50,58740,-82.2,19.4,20.1,20,0,70,72,0,77,63,-15.6
2/22/2023 2:51,58800,-82.2,19.4,20.1,20,0,70,72,0,77,63,-15.6
2/22/2023 2:52,58860,-82.2,19.4,20.1,20,0,70,72,0,77,63,-15.6
2/22/2023 2:53,58920,-82.2,19.4,20.1,20,0,70,72,0,77,62,-15.6
2/22/2023 2:54,58980,-82.2,19.4,20.1,20,0,70,72,0,77,62,-15.6
2/22/2023 2:55,59040,-82.2,19.4,20.1,20,0,70,71,0,77,62,-15.6
2/22/2023 2:56,59100,-82.2,19.4,20.1,20,0,70,71,0,77,62,-15.6
2/22/2023 2:57,59160,-82.2,19.4,20.1,20,0,70,71,0,77,62,-15.6
2/22/2023 2:58,59220,-82.2,19.4,20.1,20,0,70,71,0,77,62,-15.6
2/22/2023 2:59,59280,-82.2,19.4,20.1,20,0,70,71,0,77,62,-15.6
2/22/2023 3:00,59340,-82.2,19.4,20.1,20,0,70,71,0,77,62,-15.6
2/22/2023 3:01,59400,-82.2,19.4,20.1,20,0,70,71,0,76,62,-15.6
