T1 [C],T2 [C],T3 [C],T4 [C],T5 [C]
-39.2,-38.2,-38.3,-38,-38.8
-39.1,-38.1,-38.3,-37.9,-38.8
-39.1,-38.1,-38.2,-37.9,-38.7
-39.2,-38.3,-38.3,-38,-38.8
-39.2,-38.2,-38.4,-37.9,-38.8
-39.1,-38.1,-38.3,-37.9,-38.7
-39.2,-38.1,-38.3,-37.9,-38.7
-39.2,-38.2,-38.4,-38,-38.8
-39.2,-38.1,-38.3,-37.9,-38.7
-39.2,-38.2,-38.3,-37.9,-38.8
-39.1,-38.1,-38.3,-37.9,-38.7
-39.2,-38.2,-38.3,-37.9,-38.8
-39.1,-38.2,-38.3,-37.9,-38.7
-39.2,-38.2,-38.4,-38,-38.9
-39,-38.1,-38.2,-37.8,-38.7
-39.3,-38.2,-38.4,-38,-38.8
-39.2,-38.1,-38.3,-37.9,-38.8
-39.2,-38.2,-38.3,-37.9,-38.8
-39.1,-38.2,-38.3,-38,-38.8
-39.2,-38.2,-38.3,-38,-38.8
-39.2,-38.1,-38.2,-37.8,-38.7
-39.2,-38.2,-38.4,-38,-38.8
-39.1,-38.1,-38.3,-37.9,-38.8
-39.1,-38.1,-38.3,-37.9,-38.8
-39.3,-38.1,-38.3,-38,-38.8
-39.2,-38.1,-38.4,-37.9,-38.8
-39.2,-38.2,-38.3,-37.9,-38.8
-39.2,-38.1,-38.3,-37.9,-38.7
-39.1,-38.2,-38.3,-37.9,-38.8
-39.1,-38.1,-38.3,-37.9,-38.7
-39.2,-38.1,-38.3,-37.9,-38.7
-39.2,-38.2,-38.4,-38,-38.8
-39.2,-38.2,-38.3,-38,-38.8
-39.2,-38.2,-38.4,-37.9,-38.7
-39.2,-38.2,-38.3,-38,-38.8
-39.1,-38.1,-38.3,-37.9,-38.7
-39.1,-38.1,-38.3,-37.9,-38.8
-39.1,-38.2,-38.3,-37.9,-38.7
-39.2,-38.2,-38.4,-37.9,-38.8
-39.2,-38.2,-38.3,-38,-38.8
-39.1,-38.2,-38.3,-37.9,-38.7
-39.1,-38.2,-38.3,-38,-38.7
-39.1,-38.1,-38.3,-37.9,-38.7
-39.1,-38.1,-38.3,-37.9,-38.7
-39.2,-38.1,-38.3,-37.9,-38.8
-39.2,-38.1,-38.3,-37.9,-38.7
-39.2,-38.2,-38.3,-37.9,-38.7
-39.1,-38.1,-38.2,-37.9,-38.7
-39.2,-38.2,-38.4,-38,-38.8
-39.1,-38.1,-38.2,-37.9,-38.7
-39.1,-38.2,-38.2,-37.9,-38.7
-39.1,-38.1,-38.3,-37.9,-38.8
-39.2,-38.2,-38.4,-38,-38.8
-39.2,-38.1,-38.3,-37.9,-38.8
-39.1,-38.1,-38.4,-38,-38.7
-39.1,-38.3,-38.4,-38,-38.8
-39.1,-38.1,-38.3,-37.9,-38.7
-39.2,-38.2,-38.4,-38,-38.7
-39.2,-38.1,-38.3,-37.9,-38.7
-39.2,-38.2,-38.4,-38,-38.8
-39.3,-38.2,-38.4,-38,-38.9
-39.1,-38.1,-38.3,-37.9,-38.7
-39.2,-38.2,-38.4,-38,-38.9
-39.1,-38.1,-38.3,-37.9,-38.6
-39.2,-38.1,-38.4,-37.9,-38.8
-39.2,-38.2,-38.4,-38,-38.8
-39.1,-38.1,-38.2,-37.8,-38.7
-39.2,-38.2,-38.4,-38,-38.8
-39.1,-38.1,-38.3,-37.9,-38.6
-39.1,-38.1,-38.3,-37.9,-38.7
-39.2,-38.2,-38.4,-38,-38.8
-39.2,-38.1,-38.3,-37.8,-38.7
-39.2,-38.2,-38.4,-37.9,-38.8
-39.2,-38.2,-38.4,-38,-38.8
-39.1,-38.1,-38.3,-37.9,-38.8
-39.1,-38.1,-38.3,-37.9,-38.7
-39.2,-38.2,-38.5,-38,-38.8
-39.1,-38.1,-38.3,-37.9,-38.7
-39.1,-38,-38.3,-37.8,-38.7
-39.2,-38.2,-38.3,-37.9,-38.7
-39.1,-38.1,-38.3,-37.9,-38.8
-39.2,-38.1,-38.2,-37.9,-38.7
-39.2,-38.3,-38.4,-38,-38.8
-39.2,-38.1,-38.3,-37.9,-38.8
-39.1,-38.1,-38.3,-37.9,-38.7
-39.1,-38.1,-38.3,-37.9,-38.8
-39.1,-38.2,-38.3,-37.9,-38.7
-39.1,-38.1,-38.4,-37.9,-38.8
-39.2,-38.1,-38.2,-37.9,-38.8
-39.2,-38.2,-38.3,-37.9,-38.8
-39,-38.1,-38.2,-37.8,-38.6
-39.2,-38.2,-38.3,-38,-38.9
-39.1,-38.1,-38.3,-37.9,-38.8
-39.2,-38.2,-38.3,-38,-38.8
-39.2,-38.2,-38.3,-37.9,-38.8
-39.1,-38.2,-38.4,-38,-38.8
-39,-38.1,-38.3,-37.9,-38.7
-39.2,-38.2,-38.3,-38,-38.8
-39.1,-38.1,-38.3,-37.9,-38.7
-39.2,-38.2,-38.4,-38,-38.8
-39.2,-38.2,-38.3,-38,-38.8
-39.1,-38.1,-38.3,-38,-38.8
-39.1,-38.1,-38.3,-37.9,-38.8
-39.2,-38.2,-38.4,-38,-38.8
-39.2,-38.1,-38.3,-37.9,-38.7
-39.2,-38.2,-38.3,-38,-38.8
-39,-38,-38.2,-37.8,-38.7
-39.1,-38.2,-38.4,-37.9,-38.8
-39.1,-38.2,-38.4,-38,-38.8
-39.1,-38.1,-38.3,-37.9,-38.7
-39.2,-38.2,-38.3,-38,-38.8
-39.3,-38.2,-38.4,-38,-38.8
-39.1,-38.1,-38.2,-37.9,-38.7
-39.2,-38.2,-38.3,-38,-38.8
-39.2,-38.1,-38.3,-38,-38.8
-39.2,-38.1,-38.3,-37.9,-38.8
-39.2,-38.2,-38.3,-37.9,-38.8
-39.1,-38.1,-38.3,-37.9,-38.9
-39.2,-38.2,-38.3,-37.9,-38.7
-39.2,-38.2,-38.3,-37.9,-38.8
-39.2,-38.1,-38.4,-38,-38.8
-39.1,-38.2,-38.4,-38,-38.8
-39,-38.1,-38.2,-37.9,-38.7
-39.2,-38.2,-38.4,-38,-38.8
-39.1,-38.2,-38.3,-37.9,-38.7
-39.1,-38.2,-38.3,-37.9,-38.7
-39.2,-38.2,-38.4,-38,-38.8
-39.2,-38.2,-38.3,-37.8,-38.7
-39.2,-38.2,-38.3,-38,-38.8
-39.2,-38.2,-38.3,-37.8,-38.8
-39.3,-38.2,-38.4,-38,-38.8
-39.1,-38.1,-38.3,-37.9,-38.7
-39.1,-38.1,-38.3,-37.9,-38.8
-39.2,-38.3,-38.3,-38,-38.8
-39.1,-38.1,-38.3,-37.9,-38.8
-39.2,-38.2,-38.3,-38,-38.8
-39.2,-38.1,-38.2,-37.9,-38.7
-39.1,-38.1,-38.3,-37.9,-38.7
-39.1,-38.1,-38.3,-38,-38.8
-39.2,-38.2,-38.4,-37.9,-38.7
-39.1,-38.2,-38.4,-38,-38.8
-39.2,-38.1,-38.3,-37.9,-38.7
-39.1,-38.2,-38.3,-37.9,-38.7
-39.2,-38.2,-38.3,-38,-38.8
-39.2,-38.1,-38.3,-37.9,-38.8
-39.2,-38.2,-38.3,-38,-38.7
-39.2,-38.1,-38.3,-37.9,-38.7
-39.2,-38.2,-38.4,-38,-38.9
-39,-38.1,-38.2,-37.8,-38.7
-39.3,-38.2,-38.4,-38,-38.8
-39.2,-38.2,-38.3,-37.9,-38.7
-39.2,-38.2,-38.4,-37.9,-38.8
-39.1,-38.1,-38.2,-37.9,-38.7
-39.3,-38.2,-38.4,-38,-38.8
-39.1,-38.2,-38.3,-37.9,-38.8
-39.2,-38.2,-38.4,-38,-38.8
-39.1,-38.2,-38.3,-37.9,-38.8
-39.2,-38.2,-38.4,-38,-38.8
-39.2,-38.2,-38.4,-38,-38.7
-39.2,-38.2,-38.3,-38,-38.8
-39.1,-38.2,-38.4,-38,-38.9
-39.1,-38.1,-38.3,-37.9,-38.8
-39.1,-38.1,-38.3,-38,-38.7
-39.1,-38.1,-38.3,-37.9,-38.7
-39.1,-38.2,-38.3,-38,-38.8
-39.2,-38.2,-38.4,-38,-38.8
-39.2,-38.2,-38.4,-38,-38.9
-39.2,-38.2,-38.4,-37.9,-38.7
-39.2,-38.2,-38.4,-37.9,-38.8
-39.2,-38.2,-38.3,-37.9,-38.8
-39.2,-38.2,-38.4,-38,-38.8
-39.2,-38.2,-38.4,-38,-38.8
-39.1,-38.1,-38.3,-37.9,-38.7
-39.2,-38.2,-38.4,-38,-38.8
-39.2,-38.2,-38.3,-37.9,-38.8
-39.1,-38.2,-38.4,-38,-38.8
-39.2,-38.2,-38.4,-38,-38.8
-39.1,-38.1,-38.3,-37.9,-38.7
-39.1,-38.1,-38.3,-37.9,-38.8
-39.3,-38.2,-38.4,-38,-38.8
-39.3,-38.2,-38.4,-38,-38.8
-39.2,-38.1,-38.2,-37.9,-38.7
-39.3,-38.2,-38.5,-38,-38.8
-39.2,-38.2,-38.3,-38,-38.8
-39.1,-38.1,-38.2,-37.9,-38.6
-39.1,-38.1,-38.3,-37.9,-38.7
-39.2,-38.2,-38.3,-37.9,-38.8
-39.1,-38.1,-38.3,-37.9,-38.8
-39.1,-38.1,-38.2,-37.9,-38.7
-39.2,-38.3,-38.4,-38,-38.8
-39.2,-38.1,-38.3,-37.9,-38.7
-39.3,-38.2,-38.4,-38,-38.8
-39.1,-38.1,-38.3,-37.9,-38.7
-39.2,-38.2,-38.3,-38,-38.8
-39,-38,-38.2,-37.8,-38.7
-39.2,-38.2,-38.4,-38,-38.8
-39.1,-38.1,-38.2,-37.9,-38.7
-39.2,-38.2,-38.3,-38,-38.8
-39.1,-38.2,-38.3,-37.9,-38.8
-39.2,-38.2,-38.4,-38,-38.8
-39.2,-38.2,-38.4,-38,-38.8
-39,-38.1,-38.3,-37.9,-38.7
-39.4,-38.3,-38.5,-38.2,-39
-39.5,-38.5,-38.6,-38.2,-39
-39.8,-38.7,-38.7,-38.5,-39.4
-40,-38.8,-39,-38.7,-39.6
-40.1,-39,-39.1,-38.8,-39.8
-40,-39,-39.1,-38.9,-39.8
-40,-38.9,-39,-38.8,-39.8
-40,-38.9,-39.2,-38.9,-39.9
-39.9,-38.9,-39,-38.8,-39.8
-40,-39,-39.2,-38.9,-39.9
-39.9,-38.9,-39.1,-38.9,-39.8
-39.9,-38.9,-39.1,-38.9,-39.9
-40,-38.9,-39.2,-39,-39.8
-40,-39,-39.1,-38.9,-39.8
-40.1,-39.1,-39.3,-39.1,-40
-40,-39,-39.2,-38.9,-39.9
-40.1,-39.1,-39.2,-39,-40
-40.1,-39.1,-39.3,-39.1,-40
-40.1,-39.1,-39.2,-39,-40
-40.2,-39.2,-39.3,-39.1,-40
-40.2,-39.1,-39.4,-39.2,-40.1
-40.2,-39.1,-39.4,-39.1,-40.1
-40.2,-39.3,-39.5,-39.2,-40.2
-40.3,-39.3,-39.4,-39.2,-40.2
-40.3,-39.2,-39.5,-39.3,-40.3
-40.3,-39.4,-39.5,-39.4,-40.3
-40.5,-39.4,-39.7,-39.4,-40.4
-40.4,-39.3,-39.6,-39.4,-40.4
-40.6,-39.6,-39.8,-39.6,-40.6
-40.5,-39.5,-39.6,-39.5,-40.5
-40.5,-39.6,-39.8,-39.6,-40.6
-40.5,-39.5,-39.7,-39.6,-40.6
-40.7,-39.7,-39.9,-39.8,-40.8
-40.7,-39.8,-39.9,-39.8,-40.9
-40.7,-39.7,-39.9,-39.8,-40.9
-40.9,-39.9,-40.1,-40,-41.1
-40.8,-39.8,-40,-39.9,-41
-41,-40,-40.2,-40.2,-41.2
-40.9,-39.9,-40.1,-40,-41.1
-40.9,-40,-40.1,-40.1,-41.2
-41.1,-40.1,-40.3,-40.3,-41.3
-41.1,-40.1,-40.3,-40.3,-41.4
-41,-40,-40.2,-40.2,-41.3
-41.1,-40.1,-40.3,-40.3,-41.4
-41.3,-40.3,-40.4,-40.4,-41.5
-41.2,-40.3,-40.5,-40.5,-41.5
-41.2,-40.2,-40.4,-40.4,-41.5
-41.2,-40.3,-40.4,-40.4,-41.6
-41.3,-40.2,-40.4,-40.4,-41.5
-41.3,-40.2,-40.4,-40.4,-41.5
-41.3,-40.3,-40.6,-40.5,-41.6
-41.4,-40.4,-40.6,-40.5,-41.7
-41.3,-40.3,-40.5,-40.5,-41.5
-41.4,-40.3,-40.6,-40.6,-41.6
-41.3,-40.3,-40.5,-40.5,-41.5
-41.3,-40.4,-40.6,-40.5,-41.7
-41.3,-40.4,-40.7,-40.6,-41.7
-41.3,-40.4,-40.6,-40.6,-41.7
-41.4,-40.4,-40.6,-40.6,-41.7
-41.4,-40.4,-40.7,-40.6,-41.8
-41.4,-40.3,-40.6,-40.6,-41.6
-41.3,-40.3,-40.6,-40.5,-41.6
-41.5,-40.5,-40.8,-40.6,-41.8
-41.4,-40.4,-40.7,-40.6,-41.7
-41.4,-40.5,-40.8,-40.6,-41.7
-41.4,-40.4,-40.7,-40.6,-41.8
-41.5,-40.5,-40.8,-40.7,-41.7
-41.3,-40.3,-40.6,-40.4,-41.5
-40,-39,-39.6,-39,-40.3
-39.3,-38.3,-38.6,-38.2,-39.5
-38.7,-37.8,-38,-37.2,-38.4
-38.1,-37.1,-37.2,-36.1,-37.1
-37.4,-36.3,-36.4,-35,-36
-36.8,-35.6,-35.5,-33.8,-34.3
-36.2,-34.9,-34.8,-32.8,-33.2
-35.7,-34.4,-34.2,-32.1,-32.6
-35.4,-34.1,-33.8,-31.7,-32
-35.1,-33.8,-33.5,-31.4,-31.4
-34.7,-33.3,-33.1,-30.8,-31
-34.3,-32.9,-32.6,-30.2,-30.5
-34,-32.6,-32.3,-29.8,-29.9
-33.8,-32.4,-32.1,-29.7,-29.7
-33.4,-32,-31.7,-29,-29.2
-33.1,-31.6,-31.3,-28.7,-28.9
-32.7,-31.3,-31,-28.3,-28.4
-32.5,-31.1,-30.8,-28,-28
-32.2,-30.8,-30.5,-27.9,-28
-31.9,-30.5,-30.2,-27.2,-27.3
-31.7,-30.2,-29.9,-27.1,-27.1
-31.5,-30,-29.7,-26.7,-26.6
-31.4,-30,-29.7,-26.7,-26.7
-31.1,-29.6,-29.3,-26.2,-26.1
-30.8,-29.5,-29.1,-26,-26
-30.7,-29.2,-28.9,-25.8,-25.6
-30.6,-29.1,-28.7,-25.8,-25.8
-30.4,-28.9,-28.6,-25.5,-25.3
-30.2,-28.8,-28.4,-25.3,-25.1
-30,-28.5,-28.2,-25.2,-24.9
-29.9,-28.5,-28.2,-25,-24.7
-29.7,-28.3,-27.8,-24.5,-24.6
-29.6,-28.1,-27.8,-24.5,-24.1
-29.3,-27.9,-27.5,-24.1,-23.8
-29.2,-27.8,-27.3,-23.7,-23.4
-29.2,-27.7,-27.3,-23.9,-23.6
-28.9,-27.5,-27.1,-23.8,-23.4
-28.6,-27.2,-26.8,-23.5,-23.1
-28.6,-27.2,-26.8,-23.4,-23.1
-28.6,-27.1,-26.7,-23.4,-22.9
-28.4,-26.9,-26.5,-23,-22.7
-28.3,-26.8,-26.3,-22.8,-22.3
-28.2,-26.8,-26.3,-22.8,-22.4
-28.1,-26.7,-26.2,-22.6,-22.2
-27.8,-26.4,-25.9,-22.4,-21.9
-27.7,-26.2,-25.7,-21.9,-21.7
-27.7,-26.2,-25.7,-22,-21.7
-27.4,-26,-25.5,-21.8,-21.4
-27.3,-25.9,-25.4,-21.5,-21.1
-27.2,-25.8,-25.2,-21.2,-20.9
-27.1,-25.8,-25.2,-21.4,-20.9
-26.9,-25.4,-24.9,-20.9,-20.6
-26.7,-25.4,-24.8,-20.9,-20.6
-26.7,-25.4,-24.9,-20.9,-20.5
-26.6,-25.2,-24.7,-20.7,-20.1
-26.5,-25.2,-24.7,-20.8,-20.3
-26.2,-24.8,-24.3,-20.2,-19.7
-26,-24.7,-24.2,-20.2,-19.9
-25.9,-24.6,-24.1,-20,-19.6
-25.9,-24.6,-24.1,-19.8,-19.7
-25.8,-24.5,-24.1,-20.1,-19.5
-25.5,-24.2,-23.8,-19.9,-19.3
-25.4,-24.1,-23.8,-19.7,-19.2
-25.3,-24.1,-23.7,-19.4,-19
-25.4,-24.2,-23.9,-19.9,-19.2
-25.2,-24.1,-23.9,-19.9,-19.4
-25.1,-23.9,-23.6,-19.4,-18.8
-24.9,-23.8,-23.5,-19.3,-18.7
-24.8,-23.7,-23.5,-19.1,-18.5
-24.8,-23.8,-23.5,-19.2,-18.4
-24.8,-23.7,-23.5,-19.4,-18.9
-24.5,-23.4,-23.3,-19,-18.4
-24.4,-23.4,-23.2,-19,-18.3
-24.2,-23.1,-22.9,-18.5,-17.9
-24.2,-23.2,-22.9,-18.6,-18
-24.1,-23.1,-22.9,-18.5,-17.7
-23.9,-23,-22.8,-18.5,-17.9
-23.7,-22.7,-22.6,-18.5,-17.8
-23.6,-22.6,-22.5,-18.2,-17.3
-23.4,-22.4,-22.3,-17.8,-17
-23.4,-22.4,-22.1,-17.6,-16.9
-23.2,-22.3,-22.2,-17.9,-17.2
-23.1,-22.2,-22.1,-17.8,-17.1
-23,-22.1,-22,-17.7,-17.1
-22.7,-21.8,-21.7,-17.3,-16.5
-22.7,-21.8,-21.7,-17.3,-16.5
-22.5,-21.6,-21.4,-16.8,-16.2
-22.4,-21.4,-21.4,-17,-16.2
-22.3,-21.4,-21.4,-17,-16.1
-22,-21.2,-21.2,-16.9,-16.1
-22,-21.2,-21.1,-17,-16.1
-21.9,-21,-20.9,-16.7,-15.8
-21.7,-20.9,-20.9,-16.4,-15.3
-21.5,-20.7,-20.5,-16,-15
-21.4,-20.6,-20.5,-16.1,-15.2
-21.2,-20.4,-20.4,-15.9,-14.8
-21.1,-20.4,-20.3,-16,-15.2
-21,-20.3,-20.1,-15.7,-14.7
-20.9,-20.2,-20,-15.5,-14.6
-20.7,-19.9,-19.7,-15.3,-14.2
-20.5,-19.7,-19.6,-15,-13.9
-20.5,-19.7,-19.6,-15.3,-14.1
-20.4,-19.6,-19.4,-14.9,-13.8
-20.3,-19.5,-19.2,-14.5,-13.6
-20.2,-19.4,-19.1,-14.4,-13.5
-20.1,-19.3,-19,-14.5,-13.3
-19.9,-19.1,-18.8,-14.4,-13.2
-19.8,-19,-18.8,-14.4,-13.3
-19.8,-19,-18.7,-14.1,-13.1
-19.7,-18.8,-18.5,-13.6,-12.6
-19.6,-18.7,-18.4,-13.8,-12.8
-19.5,-18.6,-18.4,-13.8,-12.8
-19.4,-18.6,-18.2,-13.3,-12.2
-19.3,-18.4,-18.1,-13.2,-12.1
-19.3,-18.4,-18,-13.3,-12.4
-19.1,-18.3,-17.9,-13.1,-12
-19,-18.1,-17.7,-13.1,-12
-19,-18.1,-17.5,-12.9,-11.8
-18.8,-17.9,-17.6,-13.1,-11.8
-21.1,-20.2,-19.7,-15.9,-15.1
-22.7,-21.7,-21,-17.3,-16.6
-23.7,-22.7,-22.1,-18.5,-17.7
-24.5,-23.4,-22.9,-19.4,-18.8
-25,-24,-23.5,-20.2,-19.6
-25.5,-24.5,-24.1,-20.9,-20.4
-25.9,-25,-24.6,-21.6,-21.1
-26.3,-25.4,-25.1,-22.2,-21.7
-26.7,-25.7,-25.5,-22.6,-22.3
-26.3,-25.5,-25.1,-21.9,-21.2
-24.8,-23.8,-23.2,-19.7,-19
-23.5,-22.4,-21.8,-18.3,-17.5
-22.7,-21.7,-21,-17.3,-16.6
-21.4,-20.3,-19.7,-15.7,-15
-20.9,-19.8,-19.1,-15.1,-14.4
-20.5,-19.3,-18.5,-14.5,-13.7
-20.2,-19,-18.1,-14.1,-13.2
-19.9,-18.7,-17.7,-13.6,-12.7
-19.6,-18.4,-17.4,-13.2,-12.2
-19.3,-18.1,-17,-12.7,-11.8
-19.1,-17.8,-16.7,-12.4,-11.3
-18.8,-17.6,-16.4,-12,-11
-18.6,-17.3,-16.1,-11.6,-10.5
-18.4,-17.1,-15.9,-11.3,-10.2
-18.2,-16.9,-15.6,-11,-9.8
-18,-16.7,-15.3,-10.6,-9.5
-17.9,-16.5,-15.1,-10.4,-9.2
-17.8,-16.3,-14.9,-10.1,-8.9
-17.6,-16.2,-14.7,-9.9,-8.6
-17.4,-16,-14.4,-9.6,-8.3
-17.3,-15.8,-14.2,-9.4,-8.1
-17.1,-15.6,-14,-9.1,-7.8
-17,-15.5,-13.9,-8.9,-7.5
-16.8,-15.3,-13.6,-8.6,-7.2
-16.7,-15.2,-13.4,-8.3,-7
-16.6,-15.1,-13.3,-8.1,-6.8
-16.5,-14.9,-13.1,-8,-6.6
-16.4,-14.8,-12.9,-7.7,-6.3
-16.2,-14.7,-12.8,-7.6,-6.2
-16.1,-14.5,-12.6,-7.4,-6
-16,-14.4,-12.5,-7.1,-5.7
-15.9,-14.3,-12.3,-7,-5.6
-15.8,-14.1,-12.2,-6.9,-5.4
-15.7,-14.1,-12.1,-6.7,-5.2
-15.6,-14,-11.9,-6.5,-5.1
-15.5,-13.8,-11.7,-6.3,-4.8
-15.2,-13.6,-11.4,-6,-4.5
-15.1,-13.4,-11.3,-5.7,-4.3
-15,-13.3,-11.1,-5.6,-4.2
-14.9,-13.2,-11,-5.5,-4
-14.8,-13.1,-10.9,-5.3,-3.8
-14.7,-13,-10.7,-5.2,-3.6
-14.5,-12.8,-10.5,-5,-3.4
-14.5,-12.7,-10.4,-4.8,-3.3
-14.4,-12.6,-10.2,-4.7,-3.1
-14.3,-12.5,-10.2,-4.6,-3
-14.2,-12.4,-10,-4.4,-2.8
-14,-12.3,-9.9,-4.2,-2.7
-13.9,-12.1,-9.7,-4.1,-2.5
-13.8,-12,-9.6,-4,-2.3
-13.8,-11.9,-9.5,-3.8,-2.1
-13.6,-11.8,-9.3,-3.7,-2
-13.5,-11.7,-9.2,-3.5,-1.8
-13.5,-11.6,-9.2,-3.4,-1.8
-13.3,-11.5,-8.9,-3.2,-1.5
-13.2,-11.3,-8.8,-3.1,-1.4
-13.1,-11.2,-8.7,-3,-1.2
-12.9,-11,-8.5,-2.8,-1
-12.9,-11,-8.4,-2.6,-0.8
-12.7,-10.8,-8.2,-2.4,-0.7
-12.7,-10.8,-8.2,-2.4,-0.5
-12.5,-10.6,-8,-2.2,-0.3
-12.3,-10.4,-7.7,-1.9,0
-12.1,-10.1,-7.5,-1.7,0.2
-12,-10.1,-7.4,-1.6,0.3
-11.8,-9.9,-7.3,-1.3,0.5
-11.7,-9.8,-7.2,-1.3,0.7
-11.6,-9.7,-7,-1.1,0.9
-11.5,-9.6,-6.9,-1,1
-11.4,-9.5,-6.8,-0.8,1.2
-11.2,-9.4,-6.6,-0.7,1.4
-11.1,-9.2,-6.5,-0.6,1.5
-11,-9.1,-6.4,-0.5,1.6
-10.8,-9,-6.3,-0.3,1.8
-10.7,-8.8,-6.1,-0.2,1.9
-10.6,-8.7,-6.1,-0.1,2.1
-10.5,-8.6,-5.9,0,2.3
-10.4,-8.5,-5.7,0.1,2.4
-10.2,-8.3,-5.6,0.2,2.5
-10.1,-8.3,-5.5,0.3,2.7
-10,-8.2,-5.4,0.5,2.8
-10,-8,-5.4,0.5,2.9
-9.8,-7.9,-5.2,0.6,3
-9.6,-7.8,-5.2,0.7,3.1
-9.5,-7.7,-4.9,0.8,3.3
-9.4,-7.5,-4.9,1,3.4
-9.3,-7.4,-4.7,1,3.4
-9.2,-7.2,-4.6,1.2,3.7
-9.1,-7.2,-4.5,1.2,3.8
-9,-7.2,-4.5,1.3,3.7
-8.8,-7,-4.4,1.4,3.8
-8.7,-6.9,-4.3,1.5,3.9
-8.7,-6.9,-4.3,1.5,4
-8.5,-6.8,-4.2,1.5,4.1
-8.4,-6.6,-4.1,1.6,4.1
-8.3,-6.5,-4,1.7,4.1
-8.2,-6.4,-3.9,1.8,4.3
-8.1,-6.3,-3.8,1.8,4.3
-8,-6.3,-3.8,1.9,4.3
-7.9,-6.2,-3.7,1.9,4.5
-7.7,-6,-3.5,2,4.6
-7.6,-6,-3.5,2.1,4.6
-7.6,-5.8,-3.4,2.1,4.6
-7.4,-5.7,-3.3,2.1,4.6
-7.4,-5.7,-3.3,2.2,4.7
-7.3,-5.6,-3.3,2.2,4.8
-7.1,-5.5,-3.1,2.3,4.9
-7.1,-5.4,-3.1,2.3,4.8
-6.9,-5.3,-3,2.4,4.8
-6.9,-5.3,-3,2.4,4.9
-6.7,-5.1,-2.9,2.5,5
-6.6,-5,-2.8,2.6,5
-6.5,-4.9,-2.7,2.6,5
-6.4,-4.8,-2.6,2.7,5.1
-6.3,-4.7,-2.5,2.7,5.2
-6.2,-4.6,-2.5,2.8,5.2
-6.1,-4.6,-2.5,2.8,5.3
-6,-4.5,-2.3,2.9,5.4
-7.6,-5.9,-4,0.4,1.2
-9.7,-8,-6.1,-1.7,-0.9
-11.2,-9.4,-7.5,-3.3,-2.4
-12.3,-10.6,-8.8,-4.7,-3.9
-13.1,-11.6,-9.9,-5.9,-5.2
-13.8,-12.3,-10.8,-7,-6.2
-14.5,-13,-11.7,-7.9,-7.3
-15,-13.7,-12.4,-8.8,-8.2
-13.5,-12.4,-11.2,-7.1,-5.2
-11.9,-10.9,-10,-5.9,-4
-10.8,-9.8,-9,-5,-3.1
-9.9,-9.1,-8.1,-4.1,-2.3
-9.4,-8.5,-7.6,-3.5,-1.6
-8.9,-7.9,-6.9,-2.9,-1.1
-8.4,-7.4,-6.4,-2.3,-0.4
-8.1,-7.1,-6,-1.8,0
-7.7,-6.7,-5.6,-1.3,0.4
-7.5,-6.4,-5.2,-0.9,0.7
-7.2,-6.1,-4.9,-0.6,1.1
-7,-5.8,-4.5,-0.2,1.5
-6.7,-5.6,-4.3,0,1.8
-6.5,-5.3,-4,0.2,2.1
-6.3,-5.1,-3.7,0.6,2.4
-6.1,-4.9,-3.5,0.8,2.7
-5.9,-4.7,-3.3,1,2.8
-5.8,-4.5,-3.1,1.2,3.1
-5.6,-4.3,-2.9,1.4,3.2
-5.5,-4.1,-2.6,1.6,3.5
-5.3,-3.9,-2.5,1.8,3.7
-5.1,-3.8,-2.3,2.1,3.8
-5,-3.6,-2.2,2.2,4
-4.9,-3.5,-2,2.4,4.1
-4.8,-3.3,-1.9,2.5,4.3
-4.6,-3.2,-1.7,2.7,4.5
-4.5,-3.1,-1.6,2.8,4.6
-4.4,-3,-1.4,3,4.8
-4.2,-2.8,-1.2,3.1,4.8
-4.1,-2.7,-1.1,3.3,5
-4,-2.5,-0.9,3.5,5.2
-3.9,-2.4,-0.8,3.6,5.3
-3.7,-2.2,-0.6,3.9,5.6
-3.6,-2.1,-0.6,3.9,5.7
-3.5,-2,-0.4,4.1,5.8
-3.4,-1.9,-0.3,4.2,5.9
-3.1,-1.7,-0.1,4.3,6.1
-3,-1.5,0.1,4.7,6.3
-2.9,-1.4,0.2,4.8,6.5
-2.7,-1.2,0.4,5,6.7
-2.7,-1.2,0.4,5,6.7
-2.5,-0.9,0.6,5.3,6.9
-2.4,-0.8,0.7,5.3,7
-2.3,-0.7,0.8,5.4,7
-2.2,-0.6,1,5.6,7.3
-2.1,-0.5,1.1,5.7,7.4
-2,-0.4,1.1,5.8,7.5
-1.9,-0.3,1.2,6,7.6
-1.7,-0.1,1.4,6.1,7.8
-1.4,0.2,1.8,6.5,8.3
-1.3,0.3,1.9,6.6,8.4
-1.2,0.4,2,6.8,8.4
-1.1,0.5,2.2,6.9,8.6
-0.9,0.7,2.4,7,8.7
-0.9,0.8,2.4,7.1,8.8
-0.8,0.9,2.5,7.1,8.9
-0.7,0.9,2.6,7.3,9
-0.6,1.1,2.7,7.4,9.1
-0.5,1.2,2.8,7.5,9.2
-0.3,1.4,3,7.6,9.4
-0.2,1.4,3,7.6,9.4
-0.1,1.5,3.1,7.8,9.7
0.2,1.9,3.5,8.1,9.9
0.2,2,3.5,8.1,9.9
0.4,2.2,3.7,8.4,10.1
0.5,2.3,3.8,8.4,10.2
0.6,2.4,3.9,8.5,10.3
0.8,2.5,4,8.7,10.5
0.9,2.6,4,8.8,10.5
1,2.7,4.2,8.9,10.7
1,2.8,4.3,9,10.8
1.2,2.9,4.4,9,10.9
1.4,3.1,4.5,9.2,11.1
1.5,3.2,4.6,9.2,11.2
1.6,3.4,4.8,9.5,11.4
1.7,3.5,4.9,9.6,11.5
1.9,3.7,5,9.7,11.7
2,3.9,5.2,9.9,11.9
2.2,4,5.4,10,12
2.4,4.2,5.5,10.3,12.2
2.5,4.3,5.6,10.4,12.4
2.6,4.5,5.7,10.6,12.6
2.8,4.6,5.9,10.7,12.8
2.9,4.8,6.1,10.8,12.9
3.1,5,6.2,11,13.1
3.3,5.2,6.4,11.2,13.3
3.4,5.3,6.5,11.3,13.4
3.6,5.5,6.7,11.5,13.6
3.8,5.6,6.8,11.6,13.8
3.9,5.8,6.9,11.7,13.9
4,5.9,7.1,11.8,14.1
4.2,6,7.2,11.9,14.1
4.3,6.3,7.4,12.2,14.4
4.4,6.4,7.5,12.3,14.4
4.6,6.5,7.6,12.5,14.6
4.7,6.7,7.7,12.6,14.9
4.9,6.8,7.8,12.7,15
5,7,8,12.8,15
5.1,7.1,8.1,13,15.2
5.2,7.2,8.2,13.1,15.3
5.4,7.3,8.3,13.1,15.4
5.5,7.5,8.5,13.3,15.5
5.7,7.7,8.6,13.5,15.7
5.7,7.8,8.7,13.5,15.7
5.8,7.9,8.8,13.7,15.8
6,7.9,8.9,13.7,15.9
6.1,8.1,9.1,13.9,16.1
6.2,8.2,9.2,14,16
6.4,8.3,9.3,14.1,16.2
6.5,8.5,9.3,14.2,16.4
6.7,8.6,9.4,14.2,16.5
6.6,8.6,9.5,14.4,16.6
6.6,8.7,9.5,14.5,16.6
6.8,8.9,9.7,14.5,16.7
6.9,9,9.8,14.6,16.8
7,9,9.9,14.7,16.9
7,9.1,9.9,14.9,17
7.2,9.2,10,14.9,17
7.3,9.3,10.2,15.1,17.2
7.3,9.3,10.2,15.1,17.2
7.4,9.5,10.3,15.3,17.3
7.5,9.6,10.5,15.4,17.4
7.5,9.6,10.6,15.5,17.6
7.7,9.8,10.7,15.6,17.6
6.2,8,9.2,13,12.9
2.5,4.4,6,9.6,9.8
0.3,2.2,3.9,7.6,7.9
-1.1,0.7,2.2,6,6.5
-2.2,-0.5,1,4.7,5.1
-3.8,-2.2,-0.9,2.5,2.9
-4.4,-2.9,-1.8,1.6,2
-5,-3.6,-2.5,0.8,1.1
-5.4,-4.1,-3.2,0,0.3
-2.8,-1.3,-0.9,3.4,5.2
-0.2,1.1,1.2,5.5,7.1
1.3,2.7,2.7,6.8,8.3
2.3,3.7,3.8,7.8,9.1
3,4.6,4.6,8.7,10
3.5,5.1,5.2,9.3,10.6
4,5.6,5.7,9.9,11.2
4.3,5.9,6.2,10.3,11.7
4.6,6.3,6.5,10.8,12
4.8,6.6,7,11.2,12.4
5.3,7,7.6,11.8,13
5.3,7.2,7.7,12.1,13.3
5.5,7.4,8,12.3,13.6
5.7,7.6,8.3,12.6,13.8
5.7,7.6,8.4,12.7,14
5.9,7.8,8.7,13,14.3
6,7.9,8.8,13.3,14.5
6.1,8,9,13.4,14.7
6.2,8.2,9.1,13.6,14.8
6.2,8.2,9.3,13.7,14.9
6.3,8.3,9.3,13.8,15
6.3,8.4,9.4,13.9,15.1
6.4,8.5,9.6,14.1,15.3
6.5,8.6,9.7,14.2,15.4
6.6,8.6,9.8,14.3,15.5
6.7,8.7,9.8,14.4,15.6
6.7,8.8,9.9,14.6,15.8
6.8,8.8,10.1,14.7,15.8
6.8,8.9,10.1,14.7,15.8
6.8,9,10.2,14.7,15.9
6.9,9,10.2,14.8,16
6.9,9.1,10.3,14.9,16.1
7,9.1,10.4,15.1,16.2
7.1,9.2,10.5,15.2,16.4
6.9,9,10.3,15.2,16.3
6.9,9,10.3,15.2,16.4
6.9,9,10.3,15.3,17
6.9,9,10.4,15.6,17.7
7,9.1,10.5,15.7,17.8
7.2,9.3,10.6,15.9,18.2
7.3,9.4,10.7,16.1,18.5
7.4,9.5,10.8,16.2,18.8
7.4,9.6,10.9,16.3,19
7.6,9.7,11.1,16.6,19.2
7.6,9.8,11.3,17,19.3
7.8,10,11.4,16.9,18.7
8.2,10.3,11.7,17.1,19.2
8.4,10.6,11.9,17.2,19.2
8.5,10.6,12.1,17.3,19.4
8.7,10.8,12.1,17.4,19.4
8.8,10.9,12.3,17.6,19.5
9,11.2,12.4,17.7,19.7
9.1,11.3,12.6,17.7,19.6
9.2,11.3,12.6,17.9,19.8
9.3,11.4,12.8,18,19.8
9.3,11.5,12.7,18.1,20.1
9.4,11.5,12.8,18.3,20.3
9.4,11.6,12.9,18.4,20.5
9.5,11.7,12.9,18.5,20.6
9.5,11.8,13.1,18.6,20.8
9.6,11.8,13.1,18.7,20.9
9.7,11.9,13.3,18.9,21.2
9.9,12.2,13.5,19.4,21.7
10,12.3,13.6,19.4,21.9
10.1,12.3,13.7,19.5,22.2
10.2,12.4,13.8,19.7,22.3
10.1,12.5,13.8,19.7,22.3
10.1,12.4,13.8,19.8,22.4
10.1,12.4,13.8,19.8,22.6
10,12.3,13.8,19.9,22.6
10,12.4,13.8,19.9,22.7
10,12.3,13.8,19.9,22.8
10.1,12.4,13.8,20,23.1
10.1,12.4,13.9,20.1,23.1
10.1,12.5,13.9,20.1,23.4
10.2,12.6,14,20.2,23.4
7.3,9.2,10.7,14,13.8
4.5,6.4,7.9,11.2,11.2
2.7,4.5,6,9.3,9.3
1.4,3.2,4.6,7.9,8
0.4,2.1,3.4,6.7,6.8
-0.3,1.2,2.4,5.6,5.8
-1,0.4,1.5,4.7,4.8
-1.6,-0.1,0.8,3.8,3.9
-0.4,1,1.9,6.3,8.4
2.3,3.7,4.3,8.8,10.9
3.9,5.2,5.6,10,12
5,6.3,6.6,10.8,12.7
5.7,7,7.4,11.6,13.5
6.1,7.5,7.9,12.1,13.9
6.6,7.9,8.4,12.5,14.3
6.9,8.3,8.7,12.9,14.7
7.1,8.6,9,13.2,15
7.4,8.8,9.3,13.4,15.2
7.6,9,9.5,13.6,15.4
7.7,9.2,9.8,13.7,15.6
7.9,9.4,10.1,14,15.8
8,9.6,10.2,14.2,15.9
8.2,9.8,10.4,14.3,16.1
8.4,10,10.6,14.5,16.4
8.5,10.1,10.8,14.7,16.5
8.7,10.3,11,14.9,16.5
9,10.6,11.2,15,16.7
9.1,10.6,11.4,15.1,16.8
9.3,10.9,11.7,15.5,17
9.5,11.2,11.9,15.6,17.1
9.7,11.3,12.1,15.8,17.2
9.8,11.5,12.3,16,17.4
10,11.7,12.5,16.2,17.5
10.2,11.9,12.8,16.4,17.6
10.4,12.1,13,16.6,17.7
10.6,12.3,13.2,16.8,17.9
10.8,12.5,13.4,17,17.9
10.9,12.7,13.6,17.2,18.1
11.2,13,14,17.5,18.4
11.4,13.1,14.1,17.6,18.4
11.5,13.2,14.2,17.7,18.6
11.5,13.3,14.3,17.8,18.6
11.7,13.4,14.4,17.9,18.7
11.7,13.5,14.5,18,18.8
11.8,13.7,14.7,18.1,18.9
12,13.8,14.9,18.3,19
12,13.9,14.9,18.4,19.1
12,13.9,15,18.5,19.1
12.1,13.9,15.1,18.6,19.2
12.2,14.1,15.2,18.7,19.3
12.3,14.2,15.4,18.9,19.4
12.4,14.3,15.6,19.1,19.5
12.5,14.4,15.7,19.2,19.6
12.6,14.5,15.9,19.4,19.7
12.7,14.7,16,19.5,19.9
12.8,14.9,16.2,19.8,20
13,14.9,16.5,19.8,20.1
13.1,15.2,16.6,20,20.2
13.2,15.3,16.8,20.2,20.3
13.3,15.4,16.9,20.3,20.5
13.4,15.5,17,20.3,20.6
13.4,15.5,17.1,20.5,20.7
13.5,15.6,17.3,20.5,20.7
13.6,15.8,17.4,20.7,20.8
13.7,15.8,17.6,20.8,21
13.7,15.9,17.6,20.8,21
13.7,15.9,17.7,20.9,21
13.7,16,17.8,20.9,21.1
13.7,15.9,17.8,21,21.1
13.8,16,17.8,21.1,21.2
13.7,16,17.8,20.9,21.2
13.7,15.9,17.8,21,21.3
13.7,16,17.9,21,21.3
13.5,15.8,17.7,20.9,21.2
13.5,15.7,17.8,20.9,21.2
13.3,15.7,17.7,20.9,21.2
13.2,15.6,17.7,20.8,21.2
13.1,15.4,17.5,20.7,21.2
12.9,15.3,17.4,20.7,21.1
12.7,15.1,17.2,20.5,21.1
12.4,14.9,17,20.4,20.9
12.2,14.7,16.8,20.3,20.9
12.1,14.6,16.8,20.2,20.8
12,14.4,16.6,20,20.6
11.9,14.3,16.5,19.8,20.4
11.7,14.2,16.3,19.6,20.1
11.7,14.1,16.2,19.5,19.9
11.6,14.1,16.1,19.3,19.7
11.6,14,16,19.2,19.5
11.6,14,16,19.1,19.4
11.6,14,16,19,19.3
11.6,14,16,19,19.3
11.7,14.1,16.1,19.1,19.3
11.8,14.2,16.1,19,19.3
12,14.4,16.2,19.1,19.3
12.1,14.5,16.4,19.2,19.4
12.3,14.7,16.5,19.2,19.4
12.5,14.9,16.6,19.4,19.5
13.1,15.4,17.2,19.9,19.8
13.3,15.5,17.3,20.1,19.9
13.7,15.9,17.6,20.6,20.1
14,16.2,17.9,20.9,20.6
14.2,16.4,18,21.1,20.8
14.6,16.8,18.5,21.8,21.3
14.8,17,18.7,21.9,21.4
14.9,17.1,18.9,22,21.5
15.1,17.3,19,22.2,21.7
15.1,17.3,19,22.4,21.8
15.3,17.5,19.3,22.7,22.2
15.5,17.7,19.5,22.9,22.1
15.6,17.8,19.5,23,22.3
15.9,18.2,19.9,23.3,22.6
15.9,18.1,19.9,23.2,22.5
16,18.3,20.1,23.5,22.9
16.2,18.5,20.3,24,23.2
16.2,18.5,20.3,23.9,23.1
16.4,18.8,20.6,24.5,23.7
16.6,18.9,20.7,24.7,23.9
16.8,19.2,21.1,25.1,24.5
16.8,19.3,21.2,25.1,24.4
16.9,19.3,21.2,25.2,24.4
16.9,19.4,21.3,25.2,24.5
17.1,19.5,21.5,25.4,24.6
17,19.6,21.4,25.4,24.6
17.2,19.6,21.5,25.4,24.6
17.1,19.6,21.5,25.3,24.6
17.2,19.6,21.4,25.3,24.6
17.3,19.7,21.6,25.3,24.7
17.4,19.9,21.7,25.5,24.7
17.4,19.9,21.8,25.6,24.8
17.4,20,21.8,25.7,24.9
17.6,20.1,21.9,25.7,24.8
17.6,20.2,22,25.8,24.9
17.8,20.3,22.2,25.9,25.1
17.9,20.4,22.2,25.9,25.2
18.1,20.6,22.3,26,25.1
18.2,20.7,22.4,25.9,25.1
18.2,20.7,22.4,25.9,25.1
18.2,20.7,22.4,25.9,25
18.3,20.8,22.5,25.9,25.2
18.6,21.1,22.8,26.2,25.4
18.6,21.1,22.8,26.3,25.5
18.8,21.3,23,26.5,25.6
18.9,21.4,23.2,26.7,25.8
19.2,21.7,23.6,26.6,26.3
19.5,22.1,24.2,27.2,26.8
19.7,22.4,24.5,27.3,26.8
20.1,22.7,24.9,27.6,27.4
20.4,23.1,25.2,28,27.8
20.7,23.5,25.6,28.5,27.9
20.8,23.6,25.7,28.4,27.9
21.1,23.8,25.9,28.8,28.2
21.3,24.2,26.4,28.9,28.5
21.5,24.3,26.4,29.2,28.5
21.8,24.6,26.7,29.8,28.8
22,24.8,26.9,29.6,29.1
22.2,25.1,27.3,30.2,29.6
22.3,25.2,27.4,30.2,29.5
22.6,25.5,27.8,30.5,29.7
22.7,25.6,27.8,30.6,29.8
22.9,25.8,28.2,30.9,30.2
23,25.9,28.3,31,30.5
23.3,26.2,28.5,31.3,30.4
23.3,26.3,28.5,31.4,30.7
23.5,26.4,28.8,31.7,30.6
21.9,24.7,26.9,28.5,27.5
20.6,23.4,25.5,27.2,26.2
19.6,22.3,24.5,26.1,25.1
18.6,21.3,23.3,25,24
17.8,20.4,22.4,24.1,23.1
17,19.6,21.4,23.1,22.1
16.3,18.8,20.6,22.3,21.3
15.7,18,19.7,21.4,20.4
15,17.4,19,20.6,19.7
14.5,16.7,18.2,19.8,18.8
14,16.2,17.6,19.1,18.1
13.5,15.6,16.9,18.5,17.5
13.9,16.1,17.5,19.8,19.1
15.2,17.4,18.8,21.3,21.2
15.9,18.1,19.3,22,21.3
16.8,18.9,20.3,22.6,21.9
17.4,19.6,21.2,23.7,22.6
17.9,20.1,21.5,23.8,23.2
18.5,20.8,22.2,24.6,24
18.9,21.2,22.7,25,23.9
19.5,21.8,23.3,25.5,24.7
19.8,22.2,23.8,26,24.9
20.4,22.9,24.5,26.7,26.2
20.7,23.3,25.1,27.2,26.5
21.2,23.7,25.4,27.6,26.6
21.4,24,25.8,28,27.2
21.8,24.5,26.3,28.6,27.6
22.2,24.9,26.8,28.9,28
22.5,25.2,27.1,29.4,28.3
22.9,25.6,27.6,29.8,28.8
23.2,25.9,27.9,30,28.9
23.5,26.3,28.3,30.4,29.7
23.7,26.6,28.6,30.8,30.1
24.1,26.9,29,31.3,30.6
24.4,27.3,29.4,31.6,30.8
24.6,27.5,29.6,31.7,30.8
25,27.9,30.1,32.2,31.7
25.2,28.1,30.4,32.7,31.7
25.4,28.3,30.6,32.8,31.7
25.7,28.7,30.9,32.9,32.4
25.9,29,31.2,33.2,32.3
26.2,29.2,31.5,33.7,32.6
26.5,29.5,31.8,34,32.9
26.6,29.7,32.2,34.4,33.2
26.9,30,32.4,34.5,33.6
27.2,30.2,32.7,34.6,33.7
27.3,30.5,32.9,34.9,34.4
27.5,30.7,33.1,35,34.4
27.8,31.1,33.6,35.4,34.7
28,31.2,33.7,35.7,34.9
28.2,31.4,33.9,35.7,34.7
28.4,31.7,34.2,35.9,35.2
28.6,31.8,34.4,36.3,35.4
28.8,32,34.5,36.5,35.3
29.1,32.4,35,36.8,36
29.2,32.5,35.1,36.9,36
29.3,32.7,35.2,37,35.9
29.6,32.9,35.6,37.3,36.4
29.7,33.1,35.8,37.5,36.8
29.8,33.2,35.8,37.7,36.6
30,33.3,36.1,37.8,36.7
30.1,33.5,36.4,38.1,37.2
30.3,33.6,36.4,38.3,37.1
30.3,33.7,36.4,38.3,37
30.6,34.1,36.9,38.6,37.4
30.8,34.3,37,38.9,37.9
30.9,34.3,37.2,38.9,37.6
31.2,34.6,37.6,39.2,38
31.2,34.7,37.6,39.4,38
31.2,34.8,37.8,39.7,38.5
31.4,35,37.9,39.5,38.2
31.6,35,38,39.6,38.3
31.7,35.2,38.3,39.7,38.5
31.8,35.5,38.4,40,38.7
31.8,35.4,38.4,40.1,38.9
32,35.5,38.5,40,39
32.1,35.7,38.5,40.1,39
32.2,35.7,38.8,40.5,39
32.2,35.7,38.8,40.6,39.4
32.3,35.9,38.9,41,39.2
32.4,35.9,38.9,40.7,39.4
32.5,36,39.1,40.6,39.3
32.6,36.2,39.2,40.9,39.5
32.7,36.1,39.4,41.1,39.5
32.7,36.3,39.3,40.9,39.8
32.8,36.5,39.4,41,39.8
33,36.6,39.7,41.1,39.9
33,36.5,39.6,41.3,40.2
33.1,36.7,39.7,41.3,40
33.1,36.6,39.8,41.5,40.1
33.3,36.8,39.9,41.6,40.4
33.3,36.8,40.3,41.9,40.5
33.4,36.9,40.2,41.9,40.8
33.4,37,40.2,41.7,40.4
33.5,37,40.3,41.8,41
33.7,37.2,40.5,42.2,40.8
33.8,37.3,40.6,42.4,40.9
33.8,37.4,40.5,42.3,41.4
33.9,37.5,40.7,42.4,41.1
34.1,37.7,40.8,42.7,41.6
34.2,37.7,41,42.5,41.3
34.2,37.8,41.4,43.5,41.8
34.3,37.9,41.1,43,41.8
34.3,38,41.3,43.1,42.2
34.4,38,41.4,43.1,41.7
34.7,38.3,41.6,41.3,39.7
32.3,35.7,38.9,40,38.3
31.2,34.6,37.8,38.7,37.1
30.3,33.7,36.8,37.7,36.2
29.4,32.7,35.7,36.7,35.1
28.6,31.8,34.7,35.7,34.1
27.9,31,33.9,34.8,33.2
27.1,30.2,33,33.9,32.3
26.5,29.5,32.1,33,31.4
25.8,28.7,31.3,32.2,30.6
26.8,29.9,32.5,34.1,32.8
27.6,30.5,33.2,34.7,33.4
28.2,31.1,33.7,35.1,33.9
28.7,31.6,34.2,35.8,34.4
29,32,34.7,36.2,35.3
29.3,32.4,35,36.6,35.3
29.8,32.8,35.4,36.8,35.6
30.2,33.3,35.9,37.5,36.2
30.4,33.5,36.3,37.8,36.4
30.6,33.8,36.6,38.4,37
30.9,34.1,36.9,38.6,37.1
31.2,34.5,37.2,38.9,37.4
31.8,35,38,39.4,38.3
32,35.4,38.4,39.9,39
32.3,35.6,38.6,40.3,39
32.4,35.8,38.8,40.4,39
32.7,36.1,39,40.7,39.2
32.9,36.2,39.5,41.1,39.9
33.1,36.6,39.7,41.3,39.9
33.3,36.9,39.9,41.6,40.5
33.4,36.9,40.2,41.8,40.5
33.6,37,40.3,41.9,40.7
33.8,37.3,40.6,42.3,41.2
34,37.5,40.8,42.4,41.2
34.1,37.7,41,42.6,41.3
34.2,37.7,41.1,42.7,41.7
34.3,37.9,41.2,43,41.7
34.5,38.1,41.4,43.1,41.6
34.7,38.3,41.7,43.5,42
34.8,38.3,41.9,43.4,42.1
35,38.5,42,43.7,42.6
35.1,38.8,42.2,44,42.5
35.3,38.9,42.3,44,42.7
35.4,38.9,42.4,44.1,42.8
35.5,39.1,42.7,44.5,43
35.6,39.2,42.8,44.4,43.2
35.6,39.3,42.8,44.3,43
35.8,39.5,43.1,44.7,43.3
35.9,39.6,43,44.7,43.4
36,39.6,43.2,44.7,43.7
36.1,39.8,43.4,45.2,43.8
36.1,39.8,43.2,45,43.8
36.2,39.9,43.4,45.1,43.7
36.4,40.1,43.6,45.2,44.1
36.5,40.3,43.8,45.6,44.2
36.5,40.3,43.8,45.5,44.5
36.5,40.3,43.8,45.6,44.6
36.7,40.4,43.9,45.7,44.5
36.8,40.6,44.1,46,44.7
36.8,40.6,44.1,46.2,45
36.9,40.7,44.3,46.1,44.8
36.9,40.6,44.6,46,45
37,40.7,44.4,46,44.9
37.1,40.9,44.6,46.2,45.1
37.2,41.1,44.8,46.4,45.4
37.2,41.1,44.7,46.4,45.3
37.3,41.1,44.8,46.6,45.7
37.5,41.3,44.9,46.6,45.5
37.5,41.4,45.2,46.9,45.8
37.5,41.5,45.3,46.9,46
37.6,41.4,45.2,47,46
37.6,41.4,45.1,46.9,45.8
37.8,41.6,45.4,47.1,46.2
37.7,41.6,45.4,47.1,46.3
37.8,41.6,45.4,47.1,46.1
37.9,41.7,45.5,47.2,46.2
37.9,41.8,45.5,47.3,46.2
38,41.8,45.7,47.4,46.3
38,41.8,45.6,47.4,46.2
38.1,42,45.7,47.5,46.2
38.2,42.1,45.9,47.9,46.5
38.2,42.1,46.1,47.7,46.6
38.2,42,45.9,47.8,46.7
38.3,42.2,45.9,47.5,46.5
38.4,42.3,46,47.8,46.7
38.4,42.2,46.2,47.9,46.8
38.3,42.3,46.2,47.8,47
38.5,42.4,46,47.8,47
38.6,42.7,46.3,48.2,46.9
38.5,42.5,46.4,48.3,47.1
38.6,42.5,46.4,48.2,47.1
38.6,42.5,46.5,48.2,46.8
38.7,42.6,46.4,48.2,47.1
38.8,42.7,46.7,48.5,47.2
38.7,42.7,46.5,48.2,47.3
38.7,42.6,46.5,48.2,47.3
38.8,42.7,46.6,48.4,47.1
39,42.9,46.8,48.4,47.5
39,42.9,46.9,48.6,47.7
38.9,42.9,46.8,48.8,47.3
39,42.8,46.9,48.6,47.2
39.1,43,46.8,48.7,47.4
39.1,43,46.9,48.7,47.6
39.1,43,47,48.7,47.6
39.1,42.9,46.8,48.6,47.5
39.2,43,47,48.9,47.9
39.3,43.3,47,48.8,47.8
39.1,43.3,47.3,49,47.9
39.2,43.2,47.1,48.7,47.7
39.4,43.2,47.1,48.9,48
39.4,43.3,47.2,48.9,48
39.6,43.5,47.4,49.1,48.2
39.5,43.5,47.5,49.3,48.1
39.5,43.5,47.5,49.3,48.4
39.5,43.4,47.4,49.1,47.9
39.6,43.5,47.4,49.2,47.9
39.7,43.6,47.6,49.3,48.3
39.6,43.7,47.8,49.4,48
39.7,43.7,47.6,49.6,48.3
39.7,43.5,47.5,49.4,48.2
39.8,43.8,47.6,49.6,48.3
39.9,43.8,47.7,49.5,48.3
39.8,43.9,47.8,49.5,48.5
39.9,43.9,47.9,49.6,48.5
39.9,43.8,47.7,49.5,48.5
39.9,43.8,47.8,49.5,48.6
40,43.9,48,49.6,48.5
40,43.9,47.9,49.8,48.5
40,44,48.2,50,48.8
40,44,48,50,48.7
40.2,44.1,47.9,49.7,48.6
40.2,44.3,48.2,49.9,48.7
40.3,44.2,48.2,49.9,48.8
40.3,44.2,48.2,50.1,49
40.2,44.1,48.1,49.8,48.9
40.3,44.2,48.2,50.1,48.9
40.4,44.3,48.3,50.1,48.9
40.4,44.3,48.2,49.9,48.8
40.5,44.4,48.5,50.4,49.1
40.5,44.5,48.8,50.8,49.1
40.5,44.5,48.5,50.3,49.1
40.4,44.4,48.4,50.3,49
40.6,44.4,48.4,50.2,49.3
40.6,44.6,48.5,50.4,49
40.5,44.5,48.6,50.4,49.1
40.6,44.6,48.8,50.5,49.3
40.7,44.6,48.5,50.5,49.2
40.6,44.7,48.6,50.3,49.1
40.8,44.8,48.8,50.5,49.3
40.8,44.8,48.7,50.5,49.2
40.8,44.8,48.8,50.3,49.4
39.1,42.9,46.7,47.7,46.1
37.8,41.6,45.3,46.4,44.7
36.7,40.5,44.1,45.2,43.5
35.8,39.4,42.9,43.9,42.3
34.9,38.5,41.9,42.9,41.3
34.1,37.6,40.9,42,40.3
33.2,36.6,39.9,40.9,39.3
32.5,35.9,38.9,40.1,38.4
31.7,35,38,39.1,37.4
31.1,34.5,37.5,38.7,37.3
32.2,35.6,38.5,40.4,39.2
33,36.3,39.2,40.8,39.7
33.6,36.8,39.7,41.3,40.4
33.9,37.3,40.3,42.1,40.8
34.3,37.6,40.6,42.3,41.1
34.6,37.9,41,42.7,41.3
34.9,38.3,41.3,42.9,42
35.3,38.7,41.8,43.3,42
35.6,39,42.1,43.7,42.7
35.8,39.3,42.4,44,42.8
36,39.5,42.8,44.4,43.1
36.3,39.9,43,44.4,43.5
36.6,40.1,43.4,45,43.7
36.8,40.4,43.6,45.3,44
37,40.5,43.8,45.5,44.5
37.2,40.7,44,45.6,44.8
37.4,41,44.4,46.1,44.6
37.7,41.3,44.7,46.4,45.1
37.8,41.5,45,46.7,45.3
37.9,41.5,45,46.7,45.4
38.4,42.1,45.6,47.2,46.2
38.5,42.2,45.8,47.4,46.2
38.6,42.3,46,48,46.5
38.7,42.4,46,47.6,46.5
38.9,42.6,46.1,47.8,46.5
39.1,42.8,46.5,48.4,46.8
39.2,43,46.8,48.8,47.3
39.3,43,46.8,48.4,47.3
39.4,43.2,46.7,48.4,47.2
39.5,43.4,47,48.6,47.5
39.8,43.7,47.2,48.8,47.9
39.8,43.6,47.2,49,48
39.8,43.7,47.4,49,47.8
40,43.9,47.5,49.5,48.1
40,43.8,47.8,49.4,48
40.2,44.1,47.9,49.9,48.6
40.3,44.2,47.9,49.8,48.7
40.3,44.3,48,49.8,48.4
40.4,44.4,48.1,49.8,48.7
40.6,44.6,48.4,50.2,48.7
40.6,44.6,48.4,50.1,49.1
40.7,44.5,48.6,50.4,48.9
40.8,44.7,48.5,50.3,49.2
40.8,44.8,48.6,50.3,49.1
41,44.9,48.7,50.6,49.4
41.1,45,48.7,50.4,49.4
41.1,45,48.9,50.6,49.5
41.2,45.1,49.1,50.9,49.5
41.3,45.2,49.1,51,49.5
41.4,45.4,49.2,51,50
41.4,45.4,49.1,51,50.3
41.4,45.4,49.3,51,49.8
41.5,45.5,49.4,51.3,49.7
41.5,45.5,49.5,51.1,49.9
41.7,45.6,49.6,51.4,50.4
41.7,45.7,49.6,51.6,50.3
41.6,45.7,49.6,51.4,50.1
41.8,45.8,49.6,51.5,50.3
41.9,45.8,49.8,51.7,50.2
41.9,46,49.9,51.7,50.5
41.9,45.9,50,52,50.5
42.1,46.1,49.9,51.8,51.1
42,46.1,50,51.8,50.7
42.1,46.2,50,51.7,50.9
42.1,46.2,50.2,52.3,51
42.2,46.2,50.1,52,50.7
42.2,46.2,50.2,52.3,50.6
42.3,46.3,50.3,52.2,51
42.4,46.5,50.4,52.2,51
42.4,46.4,50.4,52.3,51
42.4,46.5,50.7,52.9,51.3
42.4,46.6,50.5,52.3,51.5
42.5,46.5,50.4,52.3,51.1
42.4,46.6,50.7,52.5,51.1
42.7,46.8,50.9,52.5,51.5
42.7,46.8,50.9,53,51.4
42.8,46.6,50.8,52.7,51.3
42.7,46.9,50.8,52.7,51.7
42.8,46.9,51,52.9,51.5
42.8,47,51,53.1,51.6
42.9,47,51.1,53,51.8
42.9,46.9,51,52.8,51.5
42.9,47,51.1,52.8,51.9
42.9,47,51,52.9,51.7
43,47.3,51.4,53.1,51.8
43,47.1,51.4,53.3,51.8
43.1,47.1,51.3,52.9,51.7
43,47.2,51.4,53.2,52.2
43.2,47.4,51.5,53.3,52
43.2,47.3,51.6,53.2,52.1
43.3,47.5,51.6,53.4,52
43.4,47.5,51.6,53.3,52
43.5,47.6,51.6,53.3,52.3
43.5,47.7,51.8,53.7,52.5
43.5,47.7,51.7,53.7,52.4
43.5,47.7,51.8,53.9,52.2
43.5,47.7,51.7,53.6,52.3
43.7,47.7,51.8,53.9,52.4
43.6,47.9,51.9,53.8,52.5
43.6,47.8,52,54,52.5
43.6,47.8,51.9,53.8,52.4
43.7,47.9,52,53.9,52.7
43.8,48.1,52.1,54,52.7
43.8,48,52.1,53.9,52.8
43.8,47.9,52,54.1,52.6
43.9,48.1,52.1,54,52.6
43.9,48.1,52.2,54,52.6
43.9,48,52.1,53.8,52.4
42.3,46.2,50.2,51.3,49.6
41,44.9,48.8,49.9,48.2
39.8,43.7,47.5,48.6,46.9
38.7,42.6,46.3,47.3,45.6
37.8,41.5,45.1,46.2,44.5
37,40.5,44,45.1,43.4
34.6,37.9,41,42.1,40.4
33.8,37,40.1,41.1,39.5
33.1,36.3,39.2,40.2,38.6
32.4,35.6,38.4,39.4,37.8
32.5,35.7,38.5,40.1,38.6
33.4,36.6,39.3,41.1,39.6
34,37.2,40,41.7,40
34.6,37.8,40.6,42.3,40.7
35.2,38.4,41.4,42.9,41.3
35.5,38.9,41.7,43.6,41.7
35.9,39.2,42.1,43.7,42.4
36.3,39.7,42.9,44.6,42.5
36.6,40.1,43.1,44.6,43.3
37,40.5,43.7,45.4,43.8
37.3,40.8,43.8,45.8,43.9
37.6,41.2,44.2,46,44.4
37.8,41.4,44.5,46.1,44.8
38.2,41.8,45,46.6,45.1
38.4,42,45.2,46.9,45.5
38.7,42.3,45.5,47.1,45.8
38.8,42.4,45.8,47.4,45.7
39.1,42.8,46.1,47.8,46.1
39.5,43.1,46.6,48.1,46.4
39.5,43.2,46.7,48.4,46.6
39.7,43.5,46.9,48.6,47.4
39.9,43.7,47.2,48.8,47
40.1,43.9,47.3,49,47.5
40.3,44.1,47.8,49.4,47.6
40.4,44.2,47.8,49.8,47.9
40.5,44.3,47.9,49.5,47.9
41,45,48.5,50.2,48.6
41.1,44.9,48.6,50.2,48.6
41.2,45.1,48.8,50.5,48.9
41.3,45.2,49,50.8,49
41.6,45.5,49.2,50.9,49.4
41.6,45.5,49.3,51,49.4
41.7,45.6,49.3,51.1,49.5
41.8,45.8,49.5,51.1,49.5
41.9,45.9,49.7,51.4,50
42.1,45.9,49.9,51.9,49.8
42.2,46,49.9,51.7,49.9
42.1,46.1,50,51.8,50.1
42.5,46.4,50.4,51.9,50.7
42.6,46.5,50.5,51.9,50.4
42.6,46.5,50.6,52.5,50.6
42.7,46.7,50.5,52.4,50.7
42.9,46.8,50.9,52.4,51.3
42.8,46.8,50.8,52.7,50.9
42.9,46.9,50.8,52.5,51
43,46.9,50.8,53.1,50.9
43.1,47.1,51.1,52.7,51.1
43,47.1,51,52.8,51.4
43.2,47.3,51.3,53.1,51.6
43.2,47.2,51.2,53,51.5
43.3,47.3,51.3,53,51.4
43.3,47.3,51.3,52.9,51.4
43.4,47.4,51.4,53.4,51.8
43.5,47.5,51.5,53.1,51.7
43.5,47.6,51.8,53.3,51.8
43.6,47.6,51.6,53.4,51.8
43.6,47.6,51.5,53.4,51.7
43.6,47.8,51.7,53.8,52.1
43.7,47.8,51.8,53.5,52.1
43.9,47.9,52.2,54.1,52.1
43.8,47.8,51.9,53.9,52
43.9,47.9,51.9,53.7,52.5
43.8,47.9,51.9,54,52.3
43.9,48,52,53.9,52.4
44,48.1,52.2,54,52.4
44.1,48.1,52.1,54,52.5
44.2,48.2,52.2,54,52.5
44.1,48.2,52.2,54,52.6
44.1,48.2,52.3,54,52.6
44.3,48.3,52.5,54.1,52.7
44.3,48.4,52.4,54.3,52.6
44.3,48.5,52.4,54.6,52.6
44.3,48.4,52.4,54.3,52.7
44.4,48.5,52.3,54.3,52.8
44.5,48.5,52.5,54.3,53
44.6,48.7,52.9,54.6,53
44.6,48.7,52.7,54.7,52.9
44.6,48.6,52.6,54.4,53
44.6,48.7,52.8,54.8,53.1
44.7,48.8,52.8,54.7,53.2
44.8,48.9,53.1,54.9,53.2
44.8,48.9,52.9,54.8,53.4
44.8,48.8,52.9,54.6,53.1
44.8,48.9,52.9,54.8,53.4
45,49,53.1,54.8,53.5
45.1,49.1,53.1,54.9,53.6
45,49,53.1,54.8,53.4
45,49.1,53.2,55,53.3
45.1,49.2,53.2,55.1,53.7
45.2,49.3,53.4,55.3,53.9
45.2,49.3,53.3,55.3,53.7
45.2,49.2,53.4,55,53.5
45.3,49.4,53.6,55.5,54.4
45.4,49.5,53.5,55.4,53.9
45.3,49.4,53.6,55.3,53.9
45.3,49.4,53.6,55.5,53.9
45.4,49.6,53.7,55.4,53.8
45.6,49.7,54,55.6,54.3
45.5,49.6,53.7,55.6,54.1
45.6,49.7,53.8,55.5,54.3
45.5,49.8,53.8,55.5,54
45.7,49.8,54,55.6,54.4
45.8,49.8,54.1,55.8,54.1
45.7,49.9,53.9,55.6,54.3
45.9,49.9,54.2,56,54.4
45.9,50,54,55.7,54.5
46,50,54.4,56,54.8
45.9,50.1,54.2,55.9,55
46,50.1,54.3,55.9,54.5
46,50.2,54.3,56.2,54.7
46.2,50.3,54.4,56.1,54.7
46.2,50.3,54.3,56.6,54.8
46.1,50.2,54.4,56.2,54.8
46.2,50.3,54.5,56.3,55.3
46.4,50.5,54.7,56.5,55.2
46.4,50.4,54.6,56.2,54.8
45.6,49.6,53.5,54.7,53
44.2,48.1,52.1,53.1,51.5
43,46.9,50.7,51.9,50.2
41.9,45.8,49.4,50.6,48.9
41,44.7,48.4,49.5,47.8
40,43.6,47.2,48.4,46.7
39.2,42.8,46.2,47.3,45.7
37.5,41,44.2,45.3,43.7
36.8,40.2,43.3,44.4,42.8
36.4,39.8,42.9,44.3,42.8
37.3,40.6,43.7,45.4,44
38,41.4,44.5,46.2,45.2
38.6,41.9,45,46.6,45.3
39,42.4,45.5,47,45.8
39.4,42.8,46,47.7,46.1
39.8,43.3,46.3,48.2,46.8
40.1,43.6,46.8,48.5,47
40.4,43.9,47.1,48.6,47.6
40.7,44.2,47.4,49.4,47.8
41.1,44.6,48,49.5,48.3
41.4,45,48.3,50,49
41.5,45.2,48.5,50.3,48.9
41.8,45.5,48.9,50.7,49.2
42.1,45.7,49.3,51,49.6
42.3,46,49.5,51,49.6
42.5,46.3,49.9,51.8,50.2
42.7,46.5,49.9,51.7,50.4
43,46.7,50.4,51.9,50.4
43.2,46.9,50.5,52,50.5
43.3,47,50.8,52.7,51
43.5,47.3,51.1,52.6,51.2
43.8,47.6,51.5,52.9,51.5
43.9,47.6,51.5,52.8,51.4
44,47.8,51.5,53.4,52
44.2,48.1,51.8,53.4,52.5
44.4,48.3,52.2,53.7,52.3
44.5,48.3,52.2,53.9,52.2
44.7,48.5,52.4,54,52.6
44.8,48.8,52.6,54.2,53
45,48.9,52.7,54.3,53
45,48.9,52.7,54.6,53
45.3,49.1,52.9,54.6,53.2
45.3,49.3,53.1,54.7,53.7
45.5,49.4,53.2,55,53.6
45.6,49.5,53.4,55.1,53.8
45.6,49.7,53.5,55.2,53.7
45.8,49.7,53.7,55.5,54.4
45.9,49.9,53.9,55.6,54.1
46,49.9,53.9,55.5,54.1
46,50,53.9,55.9,54.5
46.2,50.1,54.2,55.9,54.8
46.3,50.4,54.4,56.4,55
46.4,50.3,54.4,56.1,54.9
46.4,50.3,54.5,56.4,55.2
46.5,50.4,54.5,56.2,54.9
46.6,50.7,54.7,56.6,55.1
46.7,50.7,54.8,56.3,55.1
46.8,50.9,55,56.6,55.1
46.8,50.8,55.1,56.8,55.3
46.9,51,55.1,56.9,55.6
46.9,51.1,55.1,57,55.7
47,51.1,55.1,56.8,55.6
47.1,51.1,55.2,57,55.8
47.1,51.1,55.3,57.3,55.7
47.3,51.4,55.3,57.3,56
47.4,51.4,55.5,57.1,55.8
47.4,51.4,55.5,57.3,55.9
47.4,51.4,55.6,57.7,56
47.5,51.5,55.6,57.5,56.4
47.6,51.7,55.9,57.6,56.2
47.6,51.6,55.8,57.5,56.1
47.6,51.7,55.9,58.1,56.4
47.7,51.8,56,57.8,56.5
47.8,51.8,56.2,57.7,56.4
47.8,51.8,56,57.7,56.4
47.8,51.9,56.2,58.2,56.7
47.9,52,56.4,58.2,56.8
48,52,56.3,58.1,56.6
48,52,56.1,57.9,56.9
48,52,56.4,58.3,56.8
48.1,52.2,56.2,58,57
48.2,52.2,56.6,58.2,57.1
48.2,52.3,56.5,58.3,56.8
48.2,52.3,56.5,58.5,56.9
48.3,52.5,56.6,58.2,57.1
48.4,52.5,56.7,58.7,57.5
48.4,52.6,56.6,58.6,57.3
48.4,52.5,56.8,58.6,57.2
48.4,52.5,56.7,58.5,57.2
48.6,52.7,56.8,58.7,57.6
48.6,52.7,56.7,58.6,57.6
48.7,52.8,57.1,59.1,57.5
48.7,52.8,56.8,58.6,57.6
48.8,52.8,57,59,57.9
48.7,52.9,56.9,58.9,57.9
48.8,52.9,57.1,58.9,57.5
48.9,52.9,57.1,59,57.7
48.9,53,57.2,59.2,58.1
49,53.1,57.3,59,58
48.9,53.1,57,59.2,57.7
49,53,57.1,59.2,57.9
49,53.1,57.2,59.2,58.1
49.2,53.2,57.3,59.1,57.8
49.1,53.2,57.3,59.4,58.3
49.1,53.1,57.2,59.2,57.5
49.1,53.2,57.2,59.4,58.1
49.1,53.3,57.4,59.4,58.1
49.2,53.3,57.3,59.5,58.1
49.2,53.2,57.5,59.3,58.1
49.2,53.3,57.5,59.5,58
49.3,53.4,57.5,59.5,58.4
49.3,53.4,57.6,59.4,58.2
49.3,53.4,57.7,59.7,58.2
49.3,53.5,57.7,59.6,58.3
49.4,53.4,57.5,59.4,58.2
49.5,53.6,57.7,59.8,58.5
49.4,53.5,57.6,59.5,58.3
49.4,53.6,57.8,59.7,58.3
49.5,53.7,57.8,59.7,58.4
49.6,53.7,57.8,59.9,58.7
49.6,53.6,57.7,59.6,58.4
49.6,53.8,57.9,59.8,58.4
49.7,53.7,57.8,59.9,58.5
49.7,53.8,57.9,60,58.7
49.8,53.9,57.9,59.9,58.8
49.7,53.9,58.1,60,58.6
49.8,54,57.9,60,59
49.7,53.9,58,60,58.7
49.8,53.9,58,60,59
49.9,54,58.1,60.2,58.9
49.8,53.9,58,60,58.6
49.8,54,58.2,60.3,59
49.8,53.8,57.9,59.7,58.3
48.1,52,56,57.3,55.6
45.9,49.6,53.4,54.7,53
44.9,48.5,52.3,53.5,51.8
43.9,47.6,51.2,52.4,50.8
43,46.6,50.2,51.3,49.6
42.2,45.8,49.2,50.3,48.7
41.4,44.8,48.2,49.3,47.7
40.7,44.1,47.3,48.4,46.8
41.4,44.8,48.1,50.2,48.6
42.1,45.6,48.6,50.5,49.4
42.6,46,49.2,51.1,49.7
42.9,46.3,49.5,51.2,49.8
43.3,46.7,50.1,52.1,50.7
43.7,47.2,50.4,52.1,50.8
43.9,47.5,50.7,52.5,51.2
44.2,47.7,51,52.8,51.3
44.4,48,51.3,53.1,51.8
44.7,48.3,51.6,53.7,52.7
44.9,48.6,52,53.7,52.4
45.2,48.8,52.3,53.9,52.6
45.3,49.1,52.6,54.4,53.1
45.6,49.3,52.8,55.1,53.4
45.8,49.5,52.9,54.6,53.2
46,49.8,53.2,55.1,53.6
46.4,50,53.5,55.4,54.1
46.3,50.1,53.6,55.4,54.1
46.6,50.4,53.9,55.8,54.4
46.9,50.6,54.3,56,54.6
47,50.7,54.5,56.5,55.1
47.2,51,54.7,56.9,55.6
47.2,51.1,54.8,56.5,55.1
47.4,51.3,55,56.8,55.6
47.5,51.3,55.1,56.9,55.5
47.6,51.5,55.2,57.4,55.7
47.8,51.7,55.5,57.4,56.2
47.9,51.6,55.6,57.4,55.8
48,51.9,55.8,57.6,56.2
48.1,52,55.8,57.9,56.5
48.1,52,55.9,57.8,56.5
48.3,52.2,55.9,57.9,56.9
48.4,52.3,56.3,57.9,56.6
48.5,52.4,56.2,58.1,56.8
48.5,52.4,56.6,58.4,56.9
48.6,52.6,56.6,58.3,57
48.7,52.7,56.6,58.3,57.2
48.8,52.8,56.6,59,57.6
48.8,52.6,56.7,58.6,57.2
48.9,52.9,56.9,58.6,57.2
49,52.9,56.8,58.9,57.7
49,53,57,59.1,57.6
49.2,53.3,57.1,59.2,57.7
49.2,53.1,57.3,59.3,57.5
49.3,53.3,57.3,59,57.7
49.3,53.4,57.3,59.3,58
49.3,53.3,57.4,59.6,58.1
49.5,53.4,57.6,59.4,58.3
49.3,53.5,57.6,59.3,58.2
49.5,53.6,57.5,59.4,58.2
49.5,53.6,57.6,59.5,58.2
49.6,53.7,57.8,59.8,58.4
49.7,53.8,57.6,59.6,58.4
49.8,53.9,57.9,60.2,58.7
49.8,53.9,57.9,59.8,58.4
49.8,53.8,58.1,59.9,58.4
49.9,53.8,58.1,59.8,58.5
49.9,53.9,58.1,60,58.7
49.9,54,58.5,60.4,58.7
50.1,54.1,58.2,60.1,59
50.3,54.2,58.4,59.9,58.9
50.2,54.2,58.6,60.5,59
50.2,54.3,58.6,60.6,59.3
50.3,54.4,58.4,60.2,59.3
50.4,54.4,58.6,60.6,59.3
50.3,54.4,58.6,60.4,59.2
50.4,54.6,58.8,60.6,59
50.4,54.6,58.8,60.5,59.4
50.5,54.5,58.7,60.6,59.3
50.5,54.6,58.7,60.8,59.7
50.5,54.6,58.8,60.7,59.4
50.6,54.7,59,60.8,59.3
50.6,54.8,58.8,60.7,59.6
50.1,54.1,58.2,59.5,57.9
48.6,52.6,56.7,57.9,56.2
47.4,51.3,55.4,56.5,54.9
46.5,50.3,54.2,55.4,53.7
45.4,49.2,52.9,54.2,52.4
44.6,48.3,52,53.2,51.4
43.8,47.3,50.9,52.1,50.4
42.9,46.4,50,51.1,49.5
42.2,45.6,49,50.2,48.5
41.4,44.8,48,49.2,47.5
40.7,44,47.2,48.4,46.6
40,43.3,46.4,47.5,45.9
39.3,42.5,45.6,46.7,45.1
38.7,41.9,44.8,45.9,44.2
38.1,41.2,43.9,45.1,43.5
37.5,40.6,43.2,44.4,42.8
36.9,40,42.6,43.7,42.1
36.4,39.3,41.9,43,41.4
35.9,38.8,41.3,42.3,40.7
34.9,37.7,40,41.1,39.6
34.4,37.2,39.5,40.5,38.9
34,36.6,38.9,40,38.4
33.5,36.2,38.3,39.3,37.8
33.1,35.7,37.8,38.9,37.3
32.6,35.3,37.3,38.3,36.7
32.2,34.8,36.8,37.8,36.2
31.9,34.4,36.3,37.3,35.8
31.1,33.6,35.4,36.4,34.9
30.7,33.2,35,35.9,34.4
30.3,32.8,34.5,35.5,34
30.1,32.4,34.1,35.1,33.5
30.6,33.1,34.8,36.1,34.9
31.2,33.7,35.4,36.9,35.7
31.8,34.3,35.9,37.4,36
32.2,34.7,36.4,37.8,36.5
32.6,35.1,36.9,38.3,36.8
33,35.5,37.4,38.6,37.2
33.3,35.8,37.6,39,37.7
33.6,36.1,38.1,39.3,37.9
33.9,36.5,38.4,39.8,38.5
34.2,36.8,38.8,40.1,38.8
34.4,37.1,39.1,40.5,39.1
34.7,37.3,39.4,40.7,39.5
35,37.7,39.8,41,39.5
35.1,37.9,40,41.4,39.9
35.4,38.1,40.3,41.8,40.4
35.6,38.4,40.6,42,40.5
35.8,38.6,40.8,42.1,40.7
36,38.8,41.1,42.5,41.1
36.1,39,41.4,42.6,41.2
36.4,39.3,41.5,42.9,41.5
36.5,39.4,41.7,43.1,41.5
36.7,39.5,41.9,43.4,41.9
36.8,39.8,42.1,43.6,42.1
37,39.9,42.3,43.9,42.3
37.2,40.1,42.6,43.9,42.6
37.4,40.3,42.9,44,42.7
37.4,40.4,42.9,44.3,42.7
37.6,40.6,43,44.5,43
37.6,40.7,43.2,44.6,42.9
37.8,40.7,43.3,44.7,43.2
37.9,40.9,43.5,45.1,43.5
38.1,41.1,43.6,44.9,43.5
38.1,41.2,43.8,45.1,43.8
38.2,41.3,43.9,45.3,43.7
38.3,41.3,44,45.4,43.8
38.4,41.5,44.1,45.5,44
38.4,41.6,44.2,45.9,44.3
38.6,41.7,44.4,45.7,44.1
38.6,41.9,44.6,46,44.2
38.8,41.8,44.6,45.9,44.6
38.9,42,44.7,46.2,44.6
38.8,41.9,44.7,46.1,44.7
39,42.2,44.9,46.3,44.9
39,42.2,45,46.2,44.6
39.1,42.3,45,46.4,45
39.2,42.3,45.1,46.6,45
39.2,42.4,45.2,46.6,45
39.3,42.5,45.3,46.6,45.1
39.4,42.5,45.4,46.7,45.4
39.4,42.6,45.5,46.7,45.1
39.5,42.6,45.5,46.8,45.2
39.5,42.7,45.5,47,45.6
39.6,42.8,45.6,47,45.5
39.6,42.9,45.7,47.1,45.6
39.7,42.9,45.8,47.1,45.6
39.7,43,45.8,47.1,45.8
39.7,42.9,45.8,47.3,45.6
39.8,43.1,45.9,47.3,45.7
39.8,43,46,47.4,45.8
39.9,43.1,46.1,47.6,46
39.9,43.2,46,47.4,46
40,43.2,46.1,47.4,45.9
40,43.2,46.1,47.5,46
40,43.3,46.2,47.7,46
40.1,43.3,46.3,47.9,46.2
40.1,43.4,46.3,47.8,46.2
40.2,43.5,46.5,47.7,46.2
40.2,43.4,46.4,47.7,46.2
40.2,43.5,46.4,47.8,46.3
40.3,43.5,46.4,47.9,46.5
40.3,43.6,46.3,47.8,46.4
40.3,43.6,46.6,47.8,46.3
40.4,43.6,46.6,48,46.6
40.3,43.6,46.6,48,46.4
40.4,43.7,46.5,48,46.5
40.4,43.7,46.6,48,46.4
40.5,43.8,46.7,48,46.5
40.5,43.7,46.6,48.1,46.8
40.5,43.8,46.7,48.2,46.6
40.6,43.9,46.8,48.3,46.9
40.6,43.8,46.7,48.2,46.5
40.6,43.9,46.7,48.2,46.6
40.6,43.9,46.9,48.3,46.9
40.7,43.9,47,48.6,47.4
40.6,43.9,46.9,48.4,46.9
40.7,43.9,46.9,48.4,46.8
40.7,44,47,48.4,46.8
40.7,44,46.9,48.4,46.7
40.7,44,47,48.5,47.1
40.7,44,47,48.4,47
40.9,44.3,47.2,48.6,47.2
41.4,44.7,47.4,48.8,47.3
41.2,44.5,47.4,49.2,47.5
41.1,44.4,47.2,48.6,47.3
41,44.3,47.3,48.8,47.2
40.9,44.2,47.2,48.5,47.1
40.8,44.1,47.1,48.5,47.1
40.7,44.1,47.1,48.7,47
40.8,44.1,47.2,48.7,47.1
40.8,44.1,47.1,48.5,47.1
40.8,44,47.1,48.7,47
40.8,44.1,47,48.5,47.3
40.8,44,47.1,48.7,47.1
40.8,44.1,47.1,48.5,47
40.8,44.1,47.1,48.5,47.1
40.8,44,47.1,48.5,47
40.9,44.1,47.2,48.6,47.2
40.8,44.1,47.1,48.6,47.4
40.9,44.1,47.2,48.7,47
40.8,44.2,47.1,48.6,47.2
40.9,44.1,47.1,48.6,47.1
40.9,44.3,47.2,48.8,47.3
40.9,44.3,47.2,48.6,47.1
41,44.3,47.3,48.7,47.2
41,44.2,47.3,48.9,47.2
41,44.3,47.3,49,47.4
41,44.3,47.3,48.7,47.4
41,44.3,47.3,48.7,47.2
41,44.3,47.4,48.8,47.1
41.1,44.3,47.4,48.7,47.2
41,44.3,47.4,48.8,47.4
41,44.3,47.3,48.9,47.2
41,44.4,47.3,48.8,47.8
41.1,44.4,47.5,48.8,47.2
41,44.4,47.6,48.9,47.2
41.1,44.4,47.4,48.9,47.4
41.1,44.4,47.5,49,47.6
41.1,44.4,47.5,49,47.5
41.1,44.4,47.5,48.8,47.3
41.1,44.4,47.4,48.8,47.3
41.1,44.4,47.5,48.9,47.5
41.1,44.5,47.6,48.9,47.5
41.2,44.4,47.5,49,47.5
41.2,44.5,47.5,48.9,47.5
41.1,44.5,47.5,48.9,47.4
41.1,44.5,47.7,49.1,47.6
41.2,44.5,47.5,48.9,47.6
41.2,44.5,47.6,49.1,47.5
41.3,44.6,47.6,49,47.6
41.2,44.6,47.6,48.9,47.5
41.2,44.5,47.7,49.1,47.5
41.3,44.5,47.5,49.1,47.6
41.2,44.6,47.6,49.2,47.7
41.3,44.7,47.7,49,47.8
41.3,44.7,47.7,49.1,47.7
41.2,44.5,47.7,49.1,47.7
41.3,44.6,47.6,49.1,47.6
41.3,44.6,47.6,49.1,47.8
41.4,44.7,47.7,49.1,47.8
41.3,44.6,47.8,49.2,47.6
41.3,44.6,47.8,49.1,47.6
41.3,44.7,47.7,49.1,47.7
41.3,44.7,47.7,49.3,48
41.4,44.7,47.7,49.2,47.8
41.3,44.7,47.8,49.1,47.7
41.3,44.6,47.7,49.1,47.6
41.3,44.7,47.7,49.2,47.7
41.3,44.7,47.7,49.4,47.9
41.4,44.7,47.7,49.1,47.7
41.4,44.7,47.7,49.1,47.7
41.3,44.7,47.8,49.1,47.9
41.3,44.6,47.7,49.1,47.6
41.4,44.7,47.8,49.3,48
41.4,44.7,47.7,49.1,47.5
41.4,44.7,47.8,49.1,47.8
41.3,44.7,47.8,49.2,47.9
41.4,44.7,47.8,49.2,47.7
41.3,44.6,47.8,49.2,48
41.4,44.7,47.7,49.2,47.7
41.3,44.8,47.8,49.2,47.7
41.4,44.7,47.7,49.1,47.7
41.4,44.7,47.8,49.2,47.8
41.4,44.8,47.8,49.4,48
41.4,44.8,47.7,49.1,47.7
41.4,44.8,47.8,49.3,47.5
41.3,44.7,47.7,49.3,47.7
41.3,44.7,47.7,49.2,47.8
41.4,44.7,47.8,49.5,48
41.4,44.7,47.8,49.2,47.8
41.4,44.7,47.8,49.2,47.8
41.4,44.7,47.8,49.2,47.7
41.5,44.8,47.9,49.4,47.8
41.4,44.7,47.8,49.4,47.8
41.4,44.8,47.9,49.3,47.7
41.4,44.7,47.8,49.2,47.7
41.4,44.7,47.7,49.2,47.8
41.4,44.7,47.8,49.2,47.7
41.4,44.8,47.7,49.2,47.6
41.4,44.8,47.9,49.3,47.7
41.5,44.8,47.9,49.3,47.7
41.4,44.7,47.8,49.3,47.9
41.3,44.7,47.8,49.3,47.7
41.4,44.8,47.8,49.5,48.2
41.5,44.9,48,49.4,47.7
41.4,44.8,47.9,49.3,48
41.4,44.8,47.8,49.2,47.8
41.5,44.8,47.9,49.6,48.1
41.5,44.8,47.8,49.3,47.7
41.5,44.8,48,49.4,47.8
41.4,44.9,47.9,49.4,48
41.4,44.8,47.9,49.4,47.9
41.5,44.8,47.8,49.2,47.7
41.4,44.8,48,49.3,47.8
41.5,44.8,47.9,49.3,47.9
41.5,44.9,47.9,49.4,48
41.4,44.8,47.8,49.5,47.8
41.5,44.9,47.9,49.3,47.9
41.5,44.8,48,49.5,47.7
41.5,44.8,47.9,49.2,47.8
41.5,44.8,47.8,49.4,48
41.5,44.8,48,49.4,48.1
41.5,44.8,47.9,49.3,47.8
41.5,44.9,47.9,49.3,47.9
41.5,44.9,47.9,49.4,47.9
41.5,44.7,47.9,49.3,47.7
41.5,44.9,48,49.7,48.1
41.5,44.9,47.9,49.3,48.2
41.6,45,48,49.4,47.9
41.5,44.9,48,49.4,47.9
41.5,44.8,47.9,49.3,47.9
41.6,44.9,48.1,49.6,47.9
41.4,44.9,48,49.4,47.8
41.5,45,48,49.4,48
41.6,45,48,49.4,47.9
41.5,44.8,47.9,49.4,47.8
41.5,44.8,47.9,49.5,48
41.6,44.9,48.1,49.3,47.9
41.5,45,48,49.5,48
41.5,44.9,48,49.4,47.9
41.5,44.9,48.1,49.4,47.8
41.6,44.9,47.9,49.4,48.1
41.5,44.8,48,49.6,48
41.5,44.9,48,49.3,47.9
41.6,44.9,47.9,49.4,48
41.5,44.8,48,49.4,48
41.5,44.9,47.9,49.4,47.9
41.5,44.9,48,49.5,48
41.6,44.9,48.1,49.3,48
41.5,44.9,47.9,49.3,48.1
41.5,45,48.1,49.6,47.9
41.5,44.9,48,49.5,47.9
41.6,45,47.9,49.5,48.1
41.6,44.9,48,49.6,48.1
41.7,45,48,49.4,48.2
41.6,45,48,49.4,47.9
41.6,45,48,49.5,47.9
41.6,45,48,49.5,48.1
41.7,45,48,49.4,48
41.7,45,48.1,49.6,48.1
41.8,45.1,48.1,49.6,48.1
41.8,45.1,48.1,49.6,48.2
41.8,45.1,48,49.5,48.1
41.8,45.2,48.2,49.6,48.1
41.8,45.2,48.1,49.6,48.2
41.8,45.2,48.2,49.7,48.4
41.9,45.2,48.3,49.8,48.3
42,45.3,48.3,50,48
42,45.3,48.3,49.7,48.2
42,45.3,48.2,49.7,48
42.1,45.3,48.3,49.8,48.3
42.1,45.4,48.4,49.9,48.3
42.1,45.4,48.4,49.7,48.3
42.1,45.4,48.4,49.8,48.3
42.2,45.5,48.5,49.8,48.3
42.3,45.6,48.6,50,48.3
42.3,45.6,48.5,50,48.6
42.3,45.6,48.5,49.9,48.3
42.4,45.6,48.6,50.2,48.6
42.4,45.7,48.7,50.2,48.4
42.5,45.7,48.6,50,48.6
42.5,45.8,48.7,50.1,48.5
42.5,45.7,48.7,50.3,48.7
42.6,45.8,48.8,50.1,48.6
42.7,45.9,48.8,50.3,48.8
42.6,45.9,48.9,50.1,48.6
42.8,46,48.9,50.3,48.9
42.8,46,48.8,50.3,48.8
42.8,46.1,49,50.7,48.7
42.8,46.1,49,50.6,48.9
42.9,46.1,49.1,50.4,48.8
42.9,46.2,49.1,50.4,48.8
43,46.4,49.3,50.6,48.9
43,46.2,49.2,50.6,49
43.1,46.3,49.3,50.8,49
43.1,46.3,49.3,50.6,49.4
43.2,46.4,49.3,50.7,49
43.2,46.5,49.3,50.7,49.4
43.3,46.5,49.5,50.8,49.2
43.3,46.5,49.4,50.9,49.2
43.4,46.6,49.6,50.9,49.5
43.4,46.7,49.6,50.9,49.5
43.4,46.8,49.5,50.9,49.3
43.4,46.7,49.6,51.1,49.5
43.5,46.8,49.7,51.1,49.6
43.7,46.8,49.7,51.2,49.9
43.6,46.9,49.7,51,49.5
43.7,47,49.9,51.3,49.5
43.8,47,49.8,51.2,49.9
43.8,46.9,49.9,51.3,49.7
43.9,47.1,49.9,51.5,49.8
44,47.2,50,51.3,49.8
44,47.2,50,51.3,49.8
44.1,47.2,50.2,51.4,49.9
44.1,47.2,50.1,51.4,49.9
44.1,47.3,50.2,51.6,50
44.3,47.4,50.2,51.7,50.3
44.3,47.5,50.3,51.6,50.2
44.3,47.4,50.4,51.5,50
44.4,47.5,50.4,51.7,50.3
44.4,47.6,50.5,51.9,50.3
44.5,47.7,50.6,51.8,50.3
44.5,47.8,50.6,51.8,50.5
44.6,47.8,50.7,52,50.4
44.6,47.8,50.6,52,50.4
44.7,47.9,50.7,52.1,50.5
44.8,48,50.8,52.1,50.7
44.8,48,50.9,52.2,50.6
44.9,48.1,51,52.2,50.6
45,48.2,51.1,52.3,50.7
45,48.2,51.1,52.5,51.2
45.1,48.3,51.2,52.4,50.8
45.1,48.3,51.1,52.3,50.8
45.2,48.2,51.2,52.7,50.9
45.3,48.4,51.2,52.5,51
45.2,48.3,51.2,52.6,50.9
45.3,48.5,51.3,52.8,51.2
45.3,48.5,51.3,52.6,51.2
45.4,48.6,51.4,53,51.2
45.5,48.7,51.5,52.9,51.4
45.6,48.7,51.6,52.9,51.4
45.6,48.8,51.7,52.8,51.2
45.7,48.9,51.6,52.9,51.3
45.7,48.9,51.7,53.2,51.5
45.8,49,51.8,53.1,51.7
45.8,49.1,51.9,53.3,51.7
45.9,49.1,51.9,53.2,51.6
45.9,49.1,51.8,53.1,51.6
46.1,49.2,52,53.4,51.8
46,49.3,52.1,53.3,51.8
46.2,49.4,52.3,53.6,51.8
46.2,49.4,52.2,53.4,52
46.3,49.5,52.3,53.6,52.3
46.4,49.5,52.4,53.5,52
46.4,49.6,52.4,53.6,52
46.4,49.5,52.3,53.7,52.2
46.5,49.7,52.5,53.8,52.3
46.5,49.7,52.6,53.7,52.3
46.7,49.8,52.6,53.7,52.3
46.7,49.8,52.6,53.8,52.2
46.8,50,52.7,53.9,52.4
46.8,50,52.7,54.2,52.3
46.9,50.1,52.8,54.2,52.6
46.9,50.1,52.9,54.2,52.4
47,50.1,52.8,54.2,52.8
47.1,50.1,53,54.2,52.6
47.1,50.2,53,54.4,52.8
47.1,50.3,53.1,54.4,52.8
47.2,50.4,53.2,54.4,52.7
47.3,50.4,53.2,54.5,52.9
47.4,50.5,53.3,54.5,52.9
47.4,50.5,53.4,54.7,53.1
47.5,50.6,53.4,54.7,53.2
47.6,50.6,53.5,54.7,53.2
47.6,50.8,53.5,54.6,53.2
47.7,50.7,53.6,54.8,53.3
47.7,50.8,53.4,54.7,53.1
47.8,50.9,53.6,54.9,53.4
47.9,51,53.8,55.1,53.4
48,51,53.7,55,53.6
48,51.1,53.8,55.3,53.6
48.1,51.2,54,55.1,53.6
48.1,51.2,54,55.3,53.6
48.2,51.4,54.2,55.4,53.8
48.3,51.3,54.2,55.3,53.6
48.3,51.3,54.2,55.4,53.8
48.4,51.5,54.3,55.5,53.8
48.4,51.6,54.3,55.7,54.2
48.5,51.6,54.4,55.6,54
48.6,51.7,54.5,55.9,54
48.6,51.8,54.4,55.8,54.4
48.7,51.8,54.5,55.9,54.1
48.8,51.8,54.6,55.8,54.2
48.8,52,54.7,55.9,54.3
49,52.1,54.8,56,54.7
48.9,52.1,54.7,55.9,54.5
49.1,52.1,54.9,56.2,54.6
49.1,52.2,55,56.4,54.7
49.1,52.3,55,56.2,54.7
49.3,52.3,55.1,56.3,54.7
49.3,52.3,55.1,56.4,54.7
49.4,52.5,55.2,56.3,54.8
49.4,52.5,55.2,56.5,55
49.5,52.5,55.3,56.7,55
49.5,52.6,55.4,56.5,55.1
49.5,52.6,55.3,56.5,55.1
49.7,52.8,55.5,56.8,55.1
49.7,52.9,55.6,56.9,55.2
49.8,52.9,55.6,56.8,55.4
49.9,53.1,55.7,56.9,55.3
50,53,55.8,56.7,55.3
50,53.1,55.8,57.1,55.5
50,53.1,55.8,57.1,55.4
50.1,53.2,55.9,57.4,55.4
50.2,53.2,56,57.2,55.6
50.2,53.2,56,57.3,55.6
50.3,53.5,56.2,57.4,55.8
50.4,53.5,56.3,57.6,55.7
50.5,53.6,56.3,57.5,56
50.6,53.7,56.4,57.6,55.9
50.6,53.7,56.4,57.7,55.9
50.8,53.9,56.5,57.5,56.2
50.8,53.9,56.6,57.7,56.1
50.9,53.9,56.6,58,56.4
50.9,53.9,56.8,57.9,56.2
51.1,54.1,57,58.1,56.2
51,54,56.7,57.9,56.6
51.2,54.2,56.9,58.3,56.5
51.2,54.3,57,58.3,56.9
51.3,54.4,57.1,58.2,56.6
51.4,54.4,57.2,58.3,56.6
51.5,54.5,57.2,58.4,56.8
51.6,54.6,57.3,58.4,56.8
51.6,54.6,57.3,58.5,56.9
51.6,54.8,57.5,58.5,56.9
51.7,54.7,57.5,58.6,56.9
51.8,54.8,57.5,58.7,57.2
51.9,55,57.6,58.8,57.2
51.9,55,57.6,59,57.3
52,55.1,57.8,58.9,57.5
52,55.1,57.8,58.9,57.5
52.1,55.2,57.9,59.2,57.4
52.2,55.3,58,59.2,57.5
52.3,55.4,58,59.2,57.4
52.3,55.5,58.1,59.2,57.6
52.4,55.4,58.2,59.4,57.5
52.5,55.6,58.2,59.3,57.7
52.6,55.6,58.3,59.4,57.8
52.6,55.7,58.4,59.6,57.8
52.8,55.8,58.4,59.8,58
52.8,55.7,58.4,59.6,58.1
52.8,55.8,58.5,59.7,58.1
52.9,55.9,58.6,59.8,58
53,56,58.8,60,58.4
53,56.1,58.7,60.1,58.4
53.2,56.2,58.8,59.9,58.3
53.3,56.4,59,60,58.7
53.3,56.3,59,60.2,58.4
53.3,56.3,59,60.1,58.6
53.5,56.6,59.2,60.2,58.7
53.5,56.5,59.2,60.4,58.8
53.5,56.7,59.3,60.4,58.7
53.6,56.7,59.4,60.3,58.7
53.7,56.7,59.4,60.5,59
53.8,56.7,59.5,60.6,58.9
53.8,56.8,59.5,60.6,59.1
53.9,56.9,59.8,60.7,59
54,57,59.7,60.8,59.1
54,57.1,59.7,60.8,59.3
54.1,57.2,59.9,61,59.3
54.2,57.2,59.9,61.3,59.4
54.3,57.3,59.9,61,59.5
54.4,57.4,60.1,61.1,59.6
54.4,57.5,60.1,61.3,59.4
54.6,57.5,60.3,61.2,59.6
54.6,57.6,60.4,61.4,59.6
54.7,57.8,60.4,61.5,59.8
54.7,57.8,60.4,61.5,59.9
54.8,57.8,60.5,61.6,60
54.9,57.9,60.5,61.5,59.7
55,58,60.7,61.7,60.1
55,58.1,60.7,61.9,60
55.1,58.1,60.8,61.8,60.2
55.2,58.1,60.9,62.1,60.3
55.2,58.3,60.9,62.1,60.3
55.4,58.4,61,62.1,60.4
55.4,58.4,61,62.2,60.5
55.5,58.5,61.2,62.2,60.9
55.5,58.5,61.2,62.4,60.6
55.6,58.6,61.3,62.3,60.7
55.8,58.8,61.4,62.6,60.9
55.7,58.8,61.4,62.5,60.9
55.7,58.8,61.6,62.7,60.7
55.9,58.8,61.8,62.6,60.8
55.9,59,61.6,62.7,61.3
55.9,59,61.7,62.8,61.1
55.9,59,61.7,62.8,61.2
56.1,59.1,61.8,63.2,61.3
56.1,59.1,61.8,63,61.2
56.1,59.2,61.9,63,61.2
56.2,59.3,62,63.2,61.6
56.2,59.3,62.1,63.1,61.2
56.3,59.4,62.1,63.1,61.4
56.4,59.4,62.1,63.2,61.5
56.4,59.3,62.1,63.1,61.5
56.4,59.4,62.2,63.4,61.6
56.5,59.5,62.2,63.4,61.8
56.6,59.5,62.3,63.6,61.7
56.6,59.6,62.5,63.4,61.6
56.6,59.6,62.3,63.5,61.7
56.7,59.7,62.5,63.5,61.7
56.7,59.8,62.5,63.5,62
56.7,59.7,62.5,63.6,61.9
56.8,59.8,62.6,63.7,62
56.7,59.8,62.5,63.8,62
56.8,59.9,62.6,63.9,62.4
56.8,59.9,62.6,63.9,62.2
56.9,60,62.7,63.8,62
57,60,62.8,63.9,62.3
57,60,62.8,63.9,62
56.9,60,62.8,63.8,62.1
57,60.2,62.8,64,62.4
57,60,62.9,63.9,62.1
57,60,62.9,64.3,62.6
57.1,60.2,62.8,64.2,62.5
57.2,60.2,63,64.2,62.5
57.2,60.3,63,64.4,62.6
57.2,60.4,63.1,64.2,62.5
57.3,60.3,63.2,64.3,62.2
57.3,60.3,63.2,64.1,62.5
57.3,60.4,63.1,64.4,62.7
57.4,60.4,63.1,64.3,62.5
57.4,60.4,63.3,64.3,62.6
57.3,60.4,63.2,64.5,62.6
57.3,60.4,63.4,64.7,62.6
57.4,60.5,63.3,64.5,62.9
57.4,60.5,63.2,64.5,62.8
57.4,60.5,63.4,64.6,63
57.5,60.5,63.4,64.6,62.8
57.5,60.6,63.5,64.7,62.7
57.6,60.7,63.4,64.7,62.8
57.6,60.6,63.5,64.7,63
57.6,60.8,63.6,64.6,62.9
57.6,60.7,63.6,64.7,63
57.7,60.6,63.5,64.6,63.1
57.6,60.7,63.7,64.8,63
57.7,60.8,63.5,64.9,63
57.7,60.9,63.7,64.9,63
57.8,60.8,63.7,64.7,63.1
57.8,60.8,63.7,64.9,63
57.8,60.9,63.7,64.8,63.4
57.9,60.9,63.8,64.9,63.3
57.9,61,63.8,65.1,63.2
57.8,60.9,63.8,65,63.2
57.9,61,64,65,63.2
58,61.1,63.9,65,63.4
58,61.2,63.9,65,63.3
58,61.2,63.9,65,63.3
57.9,61,64.1,65.1,63.3
58,61.2,64,65.1,63.4
58.1,61.2,63.9,65.3,63.5
58.1,61.2,64,65.2,63.5
58,61.1,64,65.1,63.4
58.1,61.2,64.1,65.2,63.6
58.2,61.3,64.2,65.4,63.5
58.2,61.3,64.1,65.3,63.5
58.2,61.3,64.1,65.4,63.7
58.2,61.3,64.2,65.3,63.7
58.2,61.3,64.2,65.3,63.6
58.3,61.3,64.1,65.4,63.9
58.2,61.3,64.4,65.4,63.9
58.2,61.3,64.2,65.6,63.8
58.4,61.4,64.3,65.5,63.9
58.3,61.5,64.3,65.4,63.8
58.4,61.5,64.2,65.5,63.9
58.3,61.4,64.3,65.4,63.7
58.4,61.6,64.4,65.3,63.7
58.4,61.5,64.5,65.5,63.9
58.4,61.5,64.4,65.5,63.7
58.5,61.5,64.4,65.8,63.6
58.5,61.6,64.4,65.5,63.8
58.5,61.6,64.5,65.5,63.9
58.5,61.6,64.4,65.7,64.1
58.5,61.6,64.5,65.7,64
58.4,61.6,64.4,65.5,63.9
58.6,61.6,64.5,65.6,64.1
58.6,61.7,64.5,65.7,64
58.6,61.7,64.6,65.8,64.3
58.6,61.8,64.6,65.8,64.3
58.6,61.8,64.7,65.9,64.2
58.6,61.8,64.6,66,64.1
58.7,61.9,64.6,66.2,64.2
58.8,61.9,64.7,66,64.4
58.7,61.9,64.6,65.7,64.2
58.7,61.9,64.7,65.8,64.4
58.8,62,64.7,66,64.4
58.8,62,64.8,65.9,64.3
58.8,62,64.8,65.8,64.5
58.8,61.9,64.7,66,64.3
58.9,62,64.9,65.9,64.4
58.8,61.9,64.8,65.9,64.4
58.8,62,64.9,66,64.3
58.9,62,64.9,66,64.1
58.9,62,65,66.1,64.5
58.9,62.1,64.9,66.2,64.5
59,62,64.9,66.2,64.5
58.9,62,64.9,66,64.3
58.9,62.1,64.9,66.1,64.5
58.9,62.1,64.8,66.1,64.5
59,62.1,64.9,66.1,64.4
59.1,62.2,65,66.1,64.5
59,62.1,65,66.2,64.6
59.1,62.1,65,66.1,64.6
59.1,62.2,65.2,66.1,64.4
59,62.1,65.2,66.3,64.5
59.1,62.2,65.1,66.5,64.7
59.1,62.1,65.2,66.5,64.5
59.2,62.2,65.1,66.4,64.6
58.9,62.3,65.1,66.5,64.9
59.1,62.2,65.2,66.4,64.8
59.2,62.3,65.2,66.1,64.7
59.2,62.3,65.2,66.4,65.2
59.2,62.3,65.2,66.3,65.1
59.2,62.3,65.3,66.2,64.6
59.3,62.4,65.3,66.4,64.8
59.3,62.4,65.2,66.3,64.6
59.2,62.4,65.2,66.3,64.7
59.2,62.4,65.3,66.5,64.7
59.3,62.5,65.3,66.6,65.2
59.3,62.5,65.3,66.5,64.9
59.3,62.4,65.3,66.7,64.9
59.4,62.5,65.5,66.6,64.9
59.3,62.4,65.4,66.6,64.9
59.4,62.6,65.4,66.7,64.8
59.4,62.5,65.4,66.6,64.8
59.4,62.5,65.4,66.7,64.9
59.5,62.6,65.4,66.6,65.1
59.6,62.7,65.5,66.6,65.2
59.5,62.7,65.4,66.6,64.9
59.6,62.6,65.4,66.6,64.9
59.5,62.6,65.5,66.6,65
59.5,62.7,65.6,66.8,65
59.6,62.7,65.5,66.6,65.2
59.6,62.7,65.5,66.8,65.1
59.6,62.8,65.5,66.7,65
59.6,62.7,65.7,66.7,65.1
59.6,62.9,65.6,66.7,65.3
59.6,62.8,65.5,66.7,65.1
59.5,62.8,65.7,66.9,65.2
59.6,62.7,65.7,66.7,65.1
59.7,62.8,65.7,66.7,65.3
59.6,62.8,65.8,67,65.2
59.7,62.9,65.8,67.1,65.6
59.7,62.8,65.6,67,65.3
59.7,62.9,65.7,67,65.2
59.7,62.8,65.7,67.1,65.4
59.7,62.8,65.6,67,65.2
59.8,62.9,65.7,67.3,65.3
59.9,62.9,65.8,67.1,65.3
59.8,62.9,65.8,66.9,65.2
59.8,63,65.8,66.9,65.2
59.9,63.1,65.9,67,65.3
59.9,63,65.8,67,65.4
59.9,63.1,66.1,67.1,65.3
59.8,63,65.9,67.2,65.3
59.9,63.1,66,67,65.2
59.9,63,65.9,67.1,65.3
59.9,63,66,67.1,65.4
60,63.1,66.1,67.3,65.4
59.9,63,65.9,67.2,65.4
59.9,63.1,66,67.3,65.5
59.9,63.1,66,67.5,65.8
59.9,63.1,66,67.3,65.8
60,63.1,66,67.6,65.7
60,63.1,66,67.6,65.6
60.1,63.2,66.1,67.4,65.6
60,63.2,66,67.3,65.7
60,63.2,66.1,67.5,65.6
60.1,63.2,66.1,67.2,65.5
60,63.1,66.1,67.2,65.5
60.1,63.2,66.3,67.4,65.7
60.1,63.4,66.3,67.3,65.8
60.1,63.3,66.1,67.3,65.6
60.1,63.3,66.1,67.3,65.7
60.2,63.3,66.1,67.5,66.1
60.2,63.4,66.2,67.3,65.9
60.6,63.5,66.4,67.2,65.7
60.3,63.5,66.3,67.5,65.9
60.2,63.3,66.2,67.3,65.7
60.3,63.5,66.2,67.4,65.8
60.3,63.4,66.3,67.3,66
60.3,63.4,66.3,67.4,65.8
60.3,63.3,66.3,67.4,65.8
60.2,63.4,66.4,67.3,65.5
60.3,63.4,66.4,67.6,65.7
60.3,63.5,66.4,67.6,65.9
60.3,63.6,66.3,67.4,66
60.3,63.5,66.4,67.5,65.8
60.3,63.5,66.4,67.6,65.8
60.3,63.4,66.4,67.6,66
60.3,63.5,66.3,67.7,66.1
60.4,63.6,66.4,67.8,66
60.5,63.6,66.5,67.7,66.2
60.4,63.5,66.4,67.7,65.9
60.4,63.6,66.5,67.6,66
60.5,63.6,66.4,67.6,66
60.4,63.6,66.6,67.6,65.8
60.5,63.6,66.4,67.8,66
60.5,63.6,66.6,67.7,66
60.5,63.7,66.5,67.7,66
60.5,63.6,66.6,67.6,66.1
60.5,63.7,66.6,67.7,65.9
60.6,63.6,66.6,67.8,66.1
60.6,63.8,66.8,67.8,66.1
60.6,63.7,66.6,67.7,66
60.5,63.7,66.6,67.8,66.1
60.7,63.7,66.7,67.8,66.2
60.6,63.7,66.7,67.8,66.1
60.6,63.7,66.6,68,66.3
60.7,63.8,66.6,67.7,66.1
60.7,63.7,66.7,67.9,66.5
60.7,63.9,66.7,67.8,66.3
60.6,63.8,66.8,67.8,66.1
60.7,64,66.7,68,66.1
60.6,63.8,66.7,67.8,66.1
60.7,63.8,66.7,67.8,66.4
60.7,63.9,66.7,68,66.1
60.7,64,66.8,67.9,66.3
60.7,63.8,66.7,67.9,66.3
60.7,63.9,66.7,68.1,66.5
60.8,63.9,66.8,68.2,66.6
60.8,63.9,66.8,68.1,66.5
60.8,64,67.1,68.2,66.4
60.9,64,66.9,68.4,66.4
60.8,63.8,66.8,68,66.3
60.9,64.1,67,68.1,66.6
60.9,64.1,67,68.2,66.6
60.8,64,67,68.1,66.4
60.8,64.1,66.9,68.1,66.3
60.8,64,67,68,66.4
60.9,64,67,68,66.4
60.9,64.1,66.9,68.1,66.6
60.8,64.3,66.9,68.2,66.4
60.9,64.1,67,68.2,66.7
61,63.9,66.9,68,66.2
60.8,64.1,67.1,68.1,66.5
60.9,64.1,67.1,68.3,66.6
60.9,64.1,67,68.1,66.4
61,64.1,67,68.2,66.4
61,64.1,67,68.2,66.5
61,64.3,67.1,68.1,66.6
61.1,64.3,67.1,68.3,66.7
61,64.2,67.1,68.5,66.7
61.1,64.2,67.1,68.3,66.6
61.1,64.3,67.3,68.4,66.5
61,64.2,67,68.4,66.5
61.1,64.2,67.2,68.2,66.7
61,64.1,67.1,68.3,66.5
61.1,64.2,67.3,68.4,66.7
61.1,64.2,67.2,68.4,66.7
61.1,64.1,67.1,68.5,67
61.1,64.2,67.2,68.4,66.7
61.2,64.3,67.3,68.6,66.6
61.1,64.3,67.2,68.4,66.7
61.1,64.3,67.3,68.5,66.8
61.1,64.2,67.1,68.4,66.7
61.2,64.3,67.3,68.6,66.8
61.2,64.3,67.2,68.6,66.9
61.2,64.3,67.2,68.5,66.8
61.2,64.3,67.2,68.6,66.7
61.2,64.4,67.4,68.6,66.7
61.2,64.5,67.3,68.5,66.8
61.2,64.3,67.4,68.4,66.7
61.3,64.4,67.5,68.7,66.9
61.2,64.4,67.2,68.6,66.8
61.3,64.5,67.4,68.6,67
61.2,64.3,67.4,68.7,66.7
61.3,64.4,67.4,68.6,67
61.3,64.5,67.4,68.7,67
61.3,64.5,67.5,69,67.1
61.3,64.4,67.2,68.8,66.8
61.3,64.4,67.4,68.7,67
61.3,64.5,67.3,68.5,67.1
61.3,64.4,67.4,68.7,66.9
61.3,64.5,67.4,68.7,67.1
61.3,64.5,67.4,68.3,66.9
61.4,64.6,67.6,68.6,66.9
61.4,64.5,67.3,68.5,66.9
61.4,64.5,67.2,68.7,67
61.3,64.4,67.3,68.7,67
61.4,64.7,67.5,68.6,67
61.4,64.6,67.4,68.6,66.9
61.4,64.6,67.4,68.7,67.1
61.5,64.6,67.5,68.9,67.2
61.5,64.7,67.6,68.9,67.3
61.5,64.6,67.4,68.8,67.1
61.5,64.6,67.6,68.6,67
61.4,64.7,67.5,68.7,67
61.5,64.6,67.6,68.7,67.1
61.4,64.7,67.6,68.9,67.2
61.5,64.6,67.6,68.8,67.1
61.5,64.7,67.7,68.9,67.1
61.6,64.7,67.6,68.8,67.1
61.5,64.7,67.7,68.8,67
61.5,64.8,67.7,68.8,67.1
61.5,64.7,67.7,68.7,67.3
61.7,64.7,67.5,69,67.8
61.5,64.7,67.5,69,67.3
61.7,64.9,67.6,68.9,67.4
61.7,64.7,67.8,69,67.2
61.6,64.7,67.6,68.8,67.1
61.6,64.8,67.7,68.9,67.2
61.6,64.8,67.6,68.9,67.3
61.6,64.7,67.6,68.8,67.2
61.6,64.8,67.6,68.9,67.1
61.6,64.8,67.7,69,67.3
61.6,64.9,67.7,69,67.4
61.7,64.9,67.8,69,67.3
61.7,64.9,67.8,69,67.3
61.7,64.9,67.7,69,67.2
61.8,64.9,67.9,68.9,67.4
61.6,64.8,67.8,69,67.3
61.8,64.9,67.9,69.2,67.4
61.7,64.8,67.8,69.2,67.5
61.8,64.9,67.9,69.4,67.6
61.7,64.9,67.8,69,67.3
61.7,64.9,67.9,69.1,67.4
61.8,65,67.9,69.1,67.3
61.7,65,67.8,69,67.3
61.9,65,67.8,69.2,67.4
61.7,65,67.8,69.2,67.5
61.8,65,67.9,69.3,67.5
61.8,64.9,67.9,69.4,67.3
61.9,65.1,68,69,67.6
61.7,64.9,67.9,69,67.5
61.8,65,67.9,69.1,67.3
61.9,65.1,68,69.5,67.6
61.9,64.9,67.8,69,67.7
61.9,65,68,69.3,67.7
61.8,65,67.9,69.2,67.6
62,65.1,68.1,69,67.4
61.8,65.1,68,69,67.5
61.8,65.1,68,69.1,67.4
61.9,65.1,68,69.2,67.5
61.9,65.1,68,69.5,67.7
62.1,64.9,67.9,69.3,67.5
61.9,65,67.9,69.1,67.4
61.9,65.1,68.1,69.2,67.6
61.9,65.2,68,69.1,67.5
62.1,65.2,68,69.3,67.7
61.9,65.1,68,69.1,67.4
62,65.1,68.1,69.3,67.4
62,65.1,68.2,69.2,67.6
61.9,65.1,68.1,69.2,67.6
62,65.2,68.1,69.5,67.6
61.9,65.1,68,69.4,67.6
62,65.2,67.9,69.4,67.6
62,65.3,68.3,69.4,67.5
61.9,65.2,68.2,69.3,67.4
62,65.2,68.2,69.5,67.7
61.9,65.2,68.1,69.5,67.8
62,65.2,68.2,69.4,67.6
62.1,65.2,68.3,69.4,67.9
62,65.3,68.1,69.2,67.7
62.1,65.2,68.2,69.4,67.8
62,65.2,68.2,69.4,67.6
62,65.1,68.1,69.3,67.6
62.1,65.2,68.2,69.4,67.7
62.1,65.4,68.1,69.4,67.7
62.1,65.3,68.1,69.5,68
62.1,65.3,68.1,69.4,67.7
62.1,65.3,68.2,69.5,67.8
62.1,65.3,68.2,69.4,67.7
62.2,65.3,68.2,69.1,67.7
62.1,65.3,68.3,69.5,68
62.2,65.3,68.2,69.7,67.8
62.2,65.4,68.2,69.5,67.6
62.2,65.3,68.3,69.5,68.1
62.3,65.3,68.1,69.4,67.8
62.2,65.3,68.2,69.3,67.8
62.2,65.4,68.3,69.6,67.9
62.1,65.3,68.3,69.5,67.8
62.2,65.4,68.2,69.5,67.9
62.3,65.4,68.3,69.6,67.8
62.3,65.4,68.3,69.7,68
62.2,65.4,68.4,69.8,68
62.2,65.3,68.3,69.8,67.9
62.3,65.5,68.4,69.8,68.3
62.2,65.5,68.4,69.5,67.8
62.3,65.4,68.3,69.5,67.9
62.3,65.3,68.3,69.6,67.9
62.5,65.4,68.4,69.5,68
62.3,65.5,68.6,69.7,67.8
62.2,65.5,68.5,69.6,67.9
62.3,65.5,68.4,69.7,67.9
62.4,65.7,68.5,69.8,68
62.5,65.6,68.7,69.3,68
62.4,65.5,68.6,69.7,68.4
62.3,65.5,68.5,69.7,68.2
62.5,65.7,68.6,69.6,68.1
62.2,65.5,68.4,69.7,67.8
62.4,65.5,68.4,69.5,68.1
62.5,65.6,68.5,69.8,68.2
62.3,65.6,68.5,69.8,68.2
62.4,65.5,68.4,69.8,68.1
62.3,65.5,68.5,69.7,68.1
62.4,65.4,69.1,69.7,68
62.4,65.6,68.6,69.7,68.3
62.4,65.6,68.5,69.8,68.1
62.5,65.6,68.5,69.7,68.2
62.4,65.5,68.5,69.6,68.2
62.4,65.6,68.6,69.9,68.2
62.5,65.6,68.5,69.9,68.4
62.4,65.6,68.6,69.9,68
62.5,65.6,68.5,69.8,68.2
62.5,65.7,68.6,69.8,68.1
62.5,65.6,68.7,69.8,68.3
62.5,65.7,68.7,70.4,68.2
62.4,65.6,68.6,69.7,68
62.5,65.6,68.6,69.8,68.3
62.5,65.7,68.6,69.9,68.2
62.5,65.8,68.6,69.9,68.5
62.5,65.7,68.7,69.9,68.6
62.5,65.7,68.7,70.1,68.2
62.6,65.8,68.7,69.9,68
62.6,65.8,68.9,69.9,68.4
62.6,65.7,68.7,69.9,68.4
62.5,65.7,68.6,69.8,68.1
62.6,65.8,68.6,69.9,68.4
62.5,65.7,68.6,69.8,68.2
62.5,65.8,68.7,70,68.4
62.5,65.7,68.8,70.2,68.2
62.6,65.8,68.6,70.1,68.4
62.5,65.7,68.7,70,68.2
62.6,65.8,68.8,70.2,68.4
62.6,65.8,68.6,69.9,68.3
62.8,65.8,68.8,69.8,68.3
62.7,65.8,68.7,70,68.3
62.6,65.7,68.8,69.8,68.2
62.7,65.8,68.9,69.9,68.3
62.7,65.9,68.7,70,68.3
62.7,65.9,68.8,70.2,68.4
62.6,65.9,68.8,70.1,68.3
62.8,65.9,68.9,69.9,68.6
62.7,65.8,68.7,69.9,68.5
62.6,65.8,68.7,69.9,68.2
62.7,65.9,68.9,70,68.4
62.6,65.8,68.7,70,68.2
62.7,65.8,68.6,69.9,68.2
62.7,65.8,68.9,69.9,68.2
62.7,65.9,68.9,70.1,68.6
62.6,65.9,68.8,70,68.4
62.8,65.8,68.8,70.1,68.5
62.8,66,68.9,70.1,68.4
62.8,65.9,68.8,70.2,68.5
62.7,65.8,68.9,70,68.5
62.7,65.9,68.8,70.3,68.6
62.8,65.9,68.8,70,68.4
62.8,66,68.9,70.6,68.7
62.7,66,69,70.2,68.6
62.7,65.9,68.9,70,68.6
62.8,66,68.8,70.1,68.5
62.8,65.9,69,70,68.3
62.8,66,68.9,70,68.4
62.9,66,69.2,70.3,68.5
62.9,66,68.9,70.2,68.5
62.8,65.9,68.9,70.2,68.4
62.8,66,68.8,70.1,68.6
62.9,66,69,70.2,68.8
62.8,66,69,70.2,68.6
62.8,66,68.9,70.2,68.5
62.8,66,69,70.1,68.6
62.8,66.1,69.1,70.2,68.6
62.9,66.1,69.2,70.4,68.7
62.9,66,69,70.4,68.5
62.8,66,68.9,70.4,68.5
62.9,66.1,69,70,68.7
62.9,66.1,69.2,70.2,68.5
62.9,66,69,70.3,68.5
62.8,66.1,69.1,70.4,68.6
63,66.1,69.2,70.4,68.6
62.9,66.1,69,70.3,68.6
62.9,66.1,69,70.3,68.9
62.9,66.1,69.1,70.3,68.8
62.9,66.1,69.1,70.4,68.6
62.9,66.2,69.2,70.3,68.8
63.2,66.1,69.1,69.9,68.5
63,66.1,68.9,70.2,68.5
63,66.1,69.1,70.4,68.7
63,66,69,70.3,68.7
63,66.1,69.1,70.4,68.7
62.9,66.2,69.2,70.4,68.8
63,66.2,69.2,70.7,68.8
63,66.3,69.2,70.4,68.8
63,66.3,69.1,70.4,68.8
63,66.1,69.1,70.4,68.6
63,66.1,69.3,70.4,68.6
63,66.3,69.2,70.7,68.9
63,66.2,69.1,70.4,68.7
63,66,69.2,70.3,69
63.1,66.2,69.4,70.5,68.9
63.1,66.2,69.1,70.3,68.7
63,66.1,69.2,70.6,68.8
63,66.1,69.1,70.6,68.7
63.1,66.3,69.1,70.4,69
63.1,66.2,69.3,70.3,68.8
62.9,66.2,69.2,70.5,68.8
63,66.2,69.3,70.5,69.1
63.1,66.1,69.2,70.6,68.9
63.1,66.3,69.3,70.4,68.9
63,66.2,69.5,70.5,69.1
63.1,66.2,69.3,70.5,69
63.1,66.3,69.4,70.7,69
63.1,66.2,69.3,70.8,68.9
63.1,65.8,69.4,70.5,68.9
63.1,66.3,69.4,70.4,68.8
63.1,66.2,69.1,70.6,69
63,66.2,69.3,70.8,69.1
63.2,66.3,69.3,70.5,69
63.1,66.3,69.3,70.5,68.8
63.2,66.4,69.3,70.4,68.9
63.2,66.4,69.4,70.5,68.8
63.2,66.3,69.2,70.6,68.7
63.2,66.3,69.3,70.4,68.9
63.1,66.3,69.5,70.5,69.1
63.2,66.4,69.3,70.7,69.1
63.3,66.4,69.4,70.5,69
63.2,66.4,69.3,70.7,69.2
63.2,66.5,69.6,70.8,68.8
63.2,66.4,69.5,70.6,69.3
63.1,66.4,69.3,70.6,68.9
63.2,66.3,69.3,70.7,68.7
63.2,66.6,69.4,70.5,68.8
63.2,66.4,69.5,70.6,68.9
63.2,66.4,69.5,70.5,69
63.1,66.3,69.3,70.5,68.8
63.2,66.3,69.4,70.5,68.9
63.1,66.4,69.3,70.7,68.8
63.3,66.4,69.5,70.7,68.9
63.2,66.5,69.6,70.9,69.4
63.1,66.3,69.4,70.8,68.9
63.3,66.4,69.4,70.6,68.8
63.2,66.4,69.4,70.7,68.9
63.3,66.5,69.4,70.7,68.9
63.2,66.4,69.4,70.7,69
63.3,66.5,69.4,70.6,68.9
63.2,66.8,69.4,70.6,69.2
63.3,66.5,69.4,70.9,69
62.7,65.8,68.7,69.5,67.4
61.8,64.8,67.6,68.3,66.2
61,63.9,66.8,67.5,65.5
60.2,63.1,65.9,66.5,64.5
59.6,62.4,65.1,65.8,63.8
59,61.8,64.3,65,63
58.5,61.2,63.6,64.4,62.4
57.9,60.6,62.8,63.5,61.5
57.4,60,62.1,63,61
56.9,59.4,61.5,62.3,60.3
56.4,59,60.9,61.7,59.7
56,58.4,60.4,61.1,59.1
55.6,58,59.8,60.5,58.6
55.1,57.5,59.3,60,58
54.6,57,58.7,59.4,57.5
54.3,56.6,58.3,58.9,57
53.9,56.2,57.8,58.5,56.5
53.5,55.8,57.3,58,56
53.2,55.3,56.8,57.5,55.6
52.8,55,56.4,57.2,55.2
52.5,54.7,56,56.8,54.7
52.2,54.3,55.6,56.3,54.3
51.9,53.9,55.2,55.9,54
51.6,53.7,54.9,55.6,53.6
51.3,53.3,54.5,55.2,53.2
51.1,52.9,54.1,54.8,52.8
50.8,52.7,53.8,54.4,52.5
50.5,52.4,53.4,54.1,52.2
50.3,52.2,53.2,53.9,51.8
50,51.8,52.8,53.5,51.6
49.8,51.6,52.6,53.2,51.3
49.5,51.4,52.2,52.9,50.9
49.3,51.1,52,52.6,50.7
49.1,50.8,51.7,52.3,50.4
48.8,50.7,51.4,52.1,50.1
48.7,50.4,51.2,51.8,49.9
48.5,50.2,51,51.6,49.6
48.3,50,50.7,51.3,49.4
48.1,49.8,50.5,51.1,49.2
